[Licensing::Module] Trying to connect to existing licensing client channel...
Built from '6000.4/staging' branch; Version is '6000.4.7f1 (f3c3c4248748) revision 15975364'; Using compiler version '194234433'; Build Type 'Release'
OS: 'Windows 11  (10.0.26200) Core' Language: 'es' Physical Memory: 16003 MB
[Licensing::IpcConnector] Successfully connected to: "LicenseClient-Rog i7 13th 4060" at "2026-05-25T02:44:10.0285058Z"
BatchMode: 1, IsHumanControllingUs: 0, StartBugReporterOnCrash: 0, Is64bit: 1
System  architecture: x64
Process architecture: x64
Date: 2026-05-25T02:44:10Z

COMMAND LINE ARGUMENTS:
C:\Program Files\Unity\Hub\Editor\6000.4.7f1\Editor\Unity.exe
-adb2
-batchMode
-noUpm
-name
AssetImportWorker0
-projectPath
C:/Git/vr_zen/My project
-logFile
Logs/AssetImportWorker0.log
-srvPort
61400
-licensingIpc
LicenseClient-Rog i7 13th 4060
-force-d3d12
-job-worker-count
9
-background-job-worker-count
8
-gc-helper-count
1
-name
AssetImport
Successfully changed project path to: C:/Git/vr_zen/My project
C:/Git/vr_zen/My project
[UnityMemory] Configuration Parameters - Can be set up in boot.config
    "memorysetup-temp-allocator-size-gi-baking-worker=262144"
    "memorysetup-temp-allocator-size-gi-baking-worker=262144"
    "memorysetup-temp-allocator-size-gi-baking-worker=262144"
    "memorysetup-temp-allocator-size-gi-baking-worker=262144"
    "memorysetup-temp-allocator-size-gi-baking-worker=262144"
    "memorysetup-temp-allocator-size-nav-mesh-worker=65536"
    "memorysetup-temp-allocator-size-audio-worker=65536"
    "memorysetup-temp-allocator-size-cloud-worker=32768"
    "memorysetup-temp-allocator-size-gfx=262144"
    "memorysetup-temp-allocator-size-preload-manager=33554432"
    "memorysetup-temp-allocator-size-job-worker=262144"
    "memorysetup-temp-allocator-size-background-worker=32768"
    "memorysetup-allocator-temp-initial-block-size-main=262144"
    "memorysetup-allocator-temp-initial-block-size-worker=262144"
    "memorysetup-bucket-allocator-granularity=16"
    "memorysetup-bucket-allocator-bucket-count=8"
    "memorysetup-bucket-allocator-block-size=33554432"
    "memorysetup-bucket-allocator-block-count=8"
    "memorysetup-main-allocator-block-size=16777216"
    "memorysetup-thread-allocator-block-size=16777216"
    "memorysetup-gfx-main-allocator-block-size=16777216"
    "memorysetup-gfx-thread-allocator-block-size=16777216"
    "memorysetup-cache-allocator-block-size=4194304"
    "memorysetup-typetree-allocator-block-size=2097152"
    "memorysetup-profiler-bucket-allocator-granularity=16"
    "memorysetup-profiler-bucket-allocator-bucket-count=8"
    "memorysetup-profiler-bucket-allocator-block-size=33554432"
    "memorysetup-profiler-bucket-allocator-block-count=8"
    "memorysetup-profiler-allocator-block-size=16777216"
    "memorysetup-profiler-editor-allocator-block-size=1048576"
    "memorysetup-temp-allocator-size-main=16777216"
    "memorysetup-job-temp-allocator-block-size=2097152"
    "memorysetup-job-temp-allocator-block-size-background=1048576"
    "memorysetup-job-temp-allocator-reduction-small-platforms=262144"
Player connection [2276]  Target information:

Player connection [2276]  * "[IP] 192.168.1.72 [Port] 0 [Flags] 2 [Guid] 1279981859 [EditorId] 1279981859 [Version] 1048832 [Id] WindowsEditor(7,LAPTOP-U91EV76C) [Debug] 1 [PackageName] WindowsEditor [ProjectName] Editor" 

Player connection [2276] Host joined multi-casting on [225.0.0.222:54997]...
Player connection [2276] Host joined alternative multi-casting on [225.0.0.222:34997]...
JobSystem: Creating JobQueue using job-worker-count value 9
Input System module state changed to: Initialized.
[Physics::Module] Initialized fallback backend.
[Physics::Module] Id: 0xdecafbad
Library Redirect Path: Library/
[Physics::Module] Selected backend.
[Physics::Module] Name: PhysX
[Physics::Module] Id: 0xf2b8ea05
[Physics::Module] SDK Version: 4.1.2
[Physics::Module] Integration Version: 1.0.0
[Physics::Module] Threading Mode: Multi-Threaded
Refreshing native plugins compatible for Editor in 49.80 ms, found 11 plugins.
Initialize engine version: 6000.4.7f1 (f3c3c4248748)
[Subsystems] Discovering subsystems at path C:/Program Files/Unity/Hub/Editor/6000.4.7f1/Editor/Data/Resources/UnitySubsystems
[Subsystems] Discovering subsystems at path C:/Git/vr_zen/My project/Assets
Forcing GfxDevice: Direct3D 12
GfxDevice: creating device client; kGfxThreadingModeNonThreaded
d3d12: failed to query info queue interface (0x80004002).
Direct3D:
    Version:         Direct3D 12 [level 12.2]
    Renderer:        NVIDIA GeForce RTX 4060 Laptop GPU (ID=0x28e0)
    Vendor:          NVIDIA
    VRAM:            7956 MB
    App VRAM Budget: 7188 MB
    Driver:          32.0.15.9597
Initialize mono
Mono path[0] = 'C:/Program Files/Unity/Hub/Editor/6000.4.7f1/Editor/Data/Managed'
Mono path[1] = 'C:/Program Files/Unity/Hub/Editor/6000.4.7f1/Editor/Data/MonoBleedingEdge/lib/mono/unityjit-win32'
Mono config path = 'C:/Program Files/Unity/Hub/Editor/6000.4.7f1/Editor/Data/MonoBleedingEdge/etc'
Using monoOptions --debugger-agent=transport=dt_socket,embedding=1,server=y,suspend=n,address=127.0.0.1:56008
CodeReloadManager initialized
Begin MonoManager ReloadAssembly
[Licensing::Client] Error: HandshakeResponse reported an error:
	ResponseCode: 505
	ResponseStatus: Unsupported protocol version '1.18.1'.
[Licensing::Module] Error: Failed to handshake to channel: "LicenseClient-Rog i7 13th 4060"
[Licensing::IpcConnector] LicenseClient-Rog i7 13th 4060 channel disconnected successfully.
[Licensing::IpcConnector] Successfully connected to: "LicenseClient-Rog i7 13th 4060-6000.4.7" at "2026-05-25T02:44:11.1629346Z"
[Licensing::Client] Code 10 while verifying Licensing Client signature (process Id: 5240, path: "C:/Program Files/Unity/Hub/Editor/6000.4.7f1/Editor/Data/Resources/Licensing/Client/Unity.Licensing.Client.exe")
[Licensing::Module] LicensingClient has failed validation; ignoring
[Licensing::Client] Handshaking with LicensingClient:
  Version:                 1.18.1+9fbee8e
  Session Id:              b40399a320ba4962b1636ea2e57c6c97
  Correlation Id:          7e15dcc92d3bdb982314961a2255e928
  External correlation Id: 7597550694826217198
  Machine Id:              zp85BVQxPT3S7hCG43soFw7MpNk=
[Licensing::Module] Successfully connected to LicensingClient on channel: "LicenseClient-Rog i7 13th 4060-6000.4.7" (connect: 0.00s, validation: 0.00s, handshake: 0.01s)
[Licensing::IpcConnector] Successfully connected to: "LicenseClient-Rog i7 13th 4060-6000.4.7-notifications" at "2026-05-25T02:44:11.1698557Z"
[Licensing::Module] Licensing Background thread has ended after 1.14s
Registering precompiled unity dll's ...
Register platform support module: C:/Program Files/Unity/Hub/Editor/6000.4.7f1/Editor/Data/PlaybackEngines/WindowsStandaloneSupport/UnityEditor.WindowsStandalone.Extensions.dll
Registered in 0.001950 seconds.
Native extension for WindowsStandalone target not found
Package Manager log level set to [2]
[Package Manager] Failed to launch server process. Reason: Unity was launched with the -noUpm command-line argument
[Package Manager] Unable to send message (not connected to server process).
[Package Manager] Cannot connect to Unity Package Manager local server
ScheduleIndexationOnStartup MainProcess:False IndexOnStartup:True
Mono: successfully reloaded assembly
- Finished resetting the current domain, in  0.303 seconds
Domain Reload Profiling: 642ms
	BeginReloadAssembly (100ms)
	RebuildCommonClasses (31ms)
	RebuildNativeTypeToScriptingClass (10ms)
	initialDomainReloadingComplete (46ms)
	LoadAllAssembliesAndSetupDomain (151ms)
		LoadAssemblies (97ms)
		AnalyzeDomain (145ms)
			TypeCache.Refresh (144ms)
				TypeCache.ScanAssembly (133ms)
	FinalizeReload (304ms)
		SetupLoadedEditorAssemblies (0ms)
			InitializePlatformSupportModulesInManaged (33ms)
			BeforeProcessingInitializeOnLoad (59ms)
			ProcessInitializeOnLoadAttributes (79ms)
			ProcessInitializeOnLoadMethodAttributes (72ms)
========================================================================
Worker process is ready to serve import requests
Import Worker Mode flag is 0x00
Begin MonoManager ReloadAssembly
[Licensing::Client] Successfully resolved entitlement details
[Licensing::Module] License group:
  Id: 4674153172658-UnityPersXXXX
  Product: Unity Personal
  Type: Assigned
  Expiration: Unlimited
Duplicate assembly 'System.Runtime.CompilerServices.Unsafe.dll' with different versions detected, using 'Packages/com.unity.ai.assistant/Plugins/Shared/System.Runtime.CompilerServices.Unsafe.dll, AssemblyName=System.Runtime.CompilerServices.Unsafe, Version=6.0.3.0, Culture=neutral, PublicKeyToken=b03f5f7f11d50a3a' and ignoring 'Packages/com.unity.collections/Unity.Collections.Tests/System.Runtime.CompilerServices.Unsafe/System.Runtime.CompilerServices.Unsafe.dll, AssemblyName=System.Runtime.CompilerServices.Unsafe, Version=6.0.0.0, Culture=neutral, PublicKeyToken=b03f5f7f11d50a3a'.Assembly Assembly-CSharp-Editor-firstpass.dll at Library/ScriptAssemblies/Assembly-CSharp-Editor-firstpass.dll not valid. Loading of assembly skipped.
Assembly Assembly-CSharp-firstpass.dll at Library/ScriptAssemblies/Assembly-CSharp-firstpass.dll not valid. Loading of assembly skipped.
Assembly DocCodeExamples.dll at Library/ScriptAssemblies/DocCodeExamples.dll not valid. Loading of assembly skipped.
Assembly TestNewCustomAssembly.dll at Library/ScriptAssemblies/TestNewCustomAssembly.dll not valid. Loading of assembly skipped.
Assembly Unity.2D.Sprite.Package.EditorTests.dll at Library/ScriptAssemblies/Unity.2D.Sprite.Package.EditorTests.dll not valid. Loading of assembly skipped.
Assembly Unity.AI.Assistant.Integrations.Sample.Editor.dll at Library/ScriptAssemblies/Unity.AI.Assistant.Integrations.Sample.Editor.dll not valid. Loading of assembly skipped.
Assembly Unity.AppUI.Editor.Tests.dll at Library/ScriptAssemblies/Unity.AppUI.Editor.Tests.dll not valid. Loading of assembly skipped.
Assembly Unity.AppUI.Tests.dll at Library/ScriptAssemblies/Unity.AppUI.Tests.dll not valid. Loading of assembly skipped.
Assembly Unity.Collections.BurstCompatibilityGen.dll at Library/ScriptAssemblies/Unity.Collections.BurstCompatibilityGen.dll not valid. Loading of assembly skipped.
Assembly Unity.Collections.DocCodeSamples.dll at Library/ScriptAssemblies/Unity.Collections.DocCodeSamples.dll not valid. Loading of assembly skipped.
Assembly Unity.Collections.PerformanceTests.dll at Library/ScriptAssemblies/Unity.Collections.PerformanceTests.dll not valid. Loading of assembly skipped.
Assembly Unity.Collections.Tests.dll at Library/ScriptAssemblies/Unity.Collections.Tests.dll not valid. Loading of assembly skipped.
Assembly Unity.Collections.Tests.Playmode.dll at Library/ScriptAssemblies/Unity.Collections.Tests.Playmode.dll not valid. Loading of assembly skipped.
Assembly Unity.InputSystem.IntegrationTests.dll at Library/ScriptAssemblies/Unity.InputSystem.IntegrationTests.dll not valid. Loading of assembly skipped.
Assembly Unity.Mathematics.Tests.dll at Library/ScriptAssemblies/Unity.Mathematics.Tests.dll not valid. Loading of assembly skipped.
Assembly Unity.Multiplayer.Center.Editor.Tests.dll at Library/ScriptAssemblies/Unity.Multiplayer.Center.Editor.Tests.dll not valid. Loading of assembly skipped.
Assembly Unity.Multiplayer.Center.Tests.dll at Library/ScriptAssemblies/Unity.Multiplayer.Center.Tests.dll not valid. Loading of assembly skipped.
Assembly Unity.Nuget.Mono-Cecil.dll at Library/ScriptAssemblies/Unity.Nuget.Mono-Cecil.dll not valid. Loading of assembly skipped.
Assembly Unity.PathTracing.Editor.Tests.dll at Library/ScriptAssemblies/Unity.PathTracing.Editor.Tests.dll not valid. Loading of assembly skipped.
Assembly Unity.PathTracing.Runtime.Tests.dll at Library/ScriptAssemblies/Unity.PathTracing.Runtime.Tests.dll not valid. Loading of assembly skipped.
Assembly Unity.RenderPipelines.Core.Editor.Tests.dll at Library/ScriptAssemblies/Unity.RenderPipelines.Core.Editor.Tests.dll not valid. Loading of assembly skipped.
Assembly Unity.RenderPipelines.Core.Runtime.Tests.dll at Library/ScriptAssemblies/Unity.RenderPipelines.Core.Runtime.Tests.dll not valid. Loading of assembly skipped.
Assembly Unity.RenderPipelines.Universal.Config.Editor.Tests.dll at Library/ScriptAssemblies/Unity.RenderPipelines.Universal.Config.Editor.Tests.dll not valid. Loading of assembly skipped.
Assembly Unity.RenderPipelines.Universal.Editor.Tests.dll at Library/ScriptAssemblies/Unity.RenderPipelines.Universal.Editor.Tests.dll not valid. Loading of assembly skipped.
Assembly Unity.RenderPipelines.Universal.Runtime.Tests.dll at Library/ScriptAssemblies/Unity.RenderPipelines.Universal.Runtime.Tests.dll not valid. Loading of assembly skipped.
Assembly Unity.Searcher.EditorTests.dll at Library/ScriptAssemblies/Unity.Searcher.EditorTests.dll not valid. Loading of assembly skipped.
Assembly Unity.ShaderGraph.Editor.Tests.dll at Library/ScriptAssemblies/Unity.ShaderGraph.Editor.Tests.dll not valid. Loading of assembly skipped.
Assembly Unity.TextMeshPro.Editor.Tests.dll at Library/ScriptAssemblies/Unity.TextMeshPro.Editor.Tests.dll not valid. Loading of assembly skipped.
Assembly Unity.TextMeshPro.Tests.dll at Library/ScriptAssemblies/Unity.TextMeshPro.Tests.dll not valid. Loading of assembly skipped.
Assembly Unity.UnifiedRayTracing.Editor.Tests.dll at Library/ScriptAssemblies/Unity.UnifiedRayTracing.Editor.Tests.dll not valid. Loading of assembly skipped.
Assembly Unity.XR.CoreUtils.CodeSamples.Tests.dll at Library/ScriptAssemblies/Unity.XR.CoreUtils.CodeSamples.Tests.dll not valid. Loading of assembly skipped.
Assembly Unity.XR.CoreUtils.Editor.Tests.dll at Library/ScriptAssemblies/Unity.XR.CoreUtils.Editor.Tests.dll not valid. Loading of assembly skipped.
Assembly Unity.XR.CoreUtils.Tests.dll at Library/ScriptAssemblies/Unity.XR.CoreUtils.Tests.dll not valid. Loading of assembly skipped.
Assembly Unity.XR.Interaction.Toolkit.Editor.Tests.dll at Library/ScriptAssemblies/Unity.XR.Interaction.Toolkit.Editor.Tests.dll not valid. Loading of assembly skipped.
Assembly Unity.XR.Interaction.Toolkit.Tests.dll at Library/ScriptAssemblies/Unity.XR.Interaction.Toolkit.Tests.dll not valid. Loading of assembly skipped.
Assembly Unity.XR.Management.EditorTests.dll at Library/ScriptAssemblies/Unity.XR.Management.EditorTests.dll not valid. Loading of assembly skipped.
Assembly Unity.XR.Management.TestPackage.dll at Library/ScriptAssemblies/Unity.XR.Management.TestPackage.dll not valid. Loading of assembly skipped.
Assembly Unity.XR.Management.TestPackage.Editor.dll at Library/ScriptAssemblies/Unity.XR.Management.TestPackage.Editor.dll not valid. Loading of assembly skipped.
Assembly Unity.XR.Management.Tests.dll at Library/ScriptAssemblies/Unity.XR.Management.Tests.dll not valid. Loading of assembly skipped.
Assembly Unity.XR.Management.Tests.Standalone.dll at Library/ScriptAssemblies/Unity.XR.Management.Tests.Standalone.dll not valid. Loading of assembly skipped.
Assembly Unity.XR.OpenXR.Editor.Tests.dll at Library/ScriptAssemblies/Unity.XR.OpenXR.Editor.Tests.dll not valid. Loading of assembly skipped.
Assembly Unity.XR.OpenXR.Tests.dll at Library/ScriptAssemblies/Unity.XR.OpenXR.Tests.dll not valid. Loading of assembly skipped.
Assembly Unity.XR.OpenXR.Ubuntu.Tests.dll at Library/ScriptAssemblies/Unity.XR.OpenXR.Ubuntu.Tests.dll not valid. Loading of assembly skipped.
Assembly Unity.XR.TestSupport.dll at Library/ScriptAssemblies/Unity.XR.TestSupport.dll not valid. Loading of assembly skipped.
Assembly UnityEditor.UI.Common.Tests.dll at Library/ScriptAssemblies/UnityEditor.UI.Common.Tests.dll not valid. Loading of assembly skipped.
Assembly UnityEditor.UI.EditorTests.dll at Library/ScriptAssemblies/UnityEditor.UI.EditorTests.dll not valid. Loading of assembly skipped.
Assembly UnityEditor.XR.LegacyInputHelpers.Tests.dll at Library/ScriptAssemblies/UnityEditor.XR.LegacyInputHelpers.Tests.dll not valid. Loading of assembly skipped.
Assembly UnityEngine.SpatialTracking.Tests.dll at Library/ScriptAssemblies/UnityEngine.SpatialTracking.Tests.dll not valid. Loading of assembly skipped.
Assembly UnityEngine.UI.Tests.dll at Library/ScriptAssemblies/UnityEngine.UI.Tests.dll not valid. Loading of assembly skipped.
Assembly UnityEngine.XR.OpenXR.CodeSamples.Editor.Tests.dll at Library/ScriptAssemblies/UnityEngine.XR.OpenXR.CodeSamples.Editor.Tests.dll not valid. Loading of assembly skipped.
Symbol file LoadedFromMemory is not a mono symbol file
Symbol file LoadedFromMemory is not a mono symbol file
Refreshing native plugins compatible for Editor in 5.68 ms, found 11 plugins.
Native extension for WindowsStandalone target not found
[Package Manager] Failed to launch server process. Reason: Unity was launched with the -noUpm command-line argument
[Package Manager] Unable to send message (not connected to server process).
[Package Manager] Cannot connect to Unity Package Manager local server
[Package Manager] Failed to launch server process. Reason: Unity was launched with the -noUpm command-line argument
[Package Manager] Unable to send message (not connected to server process).
[Package Manager] Cannot connect to Unity Package Manager local server
Duplicate assembly 'System.Runtime.CompilerServices.Unsafe.dll' with different versions detected, using 'Packages/com.unity.ai.assistant/Plugins/Shared/System.Runtime.CompilerServices.Unsafe.dll, AssemblyName=System.Runtime.CompilerServices.Unsafe, Version=6.0.3.0, Culture=neutral, PublicKeyToken=b03f5f7f11d50a3a' and ignoring 'Packages/com.unity.collections/Unity.Collections.Tests/System.Runtime.CompilerServices.Unsafe/System.Runtime.CompilerServices.Unsafe.dll, AssemblyName=System.Runtime.CompilerServices.Unsafe, Version=6.0.0.0, Culture=neutral, PublicKeyToken=b03f5f7f11d50a3a'.Refreshing native plugins compatible for Editor in 10.79 ms, found 11 plugins.
[Package Manager] Failed to launch server process. Reason: Unity was launched with the -noUpm command-line argument
[Package Manager] Unable to send message (not connected to server process).
[Package Manager] Cannot connect to Unity Package Manager local server
[Licensing::Client] Error: Code 404 while processing request (status: Found 0 entitlement groups and 0 free entitlements matching requested entitlement ids)
[Licensing::Client] Error: Code 404 while processing request (status: Found 0 entitlement groups and 0 free entitlements matching requested entitlement ids)
[Licensing::Client] Error: Code 404 while processing request (status: Found 0 entitlement groups and 0 free entitlements matching requested entitlement ids)
ScheduleIndexationOnStartup MainProcess:False IndexOnStartup:True
Mono: successfully reloaded assembly
[Package Manager] Failed to launch server process. Reason: Unity was launched with the -noUpm command-line argument
[Package Manager] Unable to send message (not connected to server process).
[Package Manager] Cannot connect to Unity Package Manager local server
[Package Manager] Failed to launch server process. Reason: Unity was launched with the -noUpm command-line argument
[Package Manager] Unable to send message (not connected to server process).
[Package Manager] Cannot connect to Unity Package Manager local server
- Finished resetting the current domain, in  3.302 seconds
Domain Reload Profiling: 4494ms
	BeginReloadAssembly (163ms)
		DisableScriptedObjects (7ms)
		CreateAndSetChildDomain (28ms)
	RebuildCommonClasses (32ms)
	RebuildNativeTypeToScriptingClass (10ms)
	initialDomainReloadingComplete (149ms)
	LoadAllAssembliesAndSetupDomain (837ms)
		LoadAssemblies (460ms)
		AnalyzeDomain (453ms)
			TypeCache.Refresh (352ms)
				TypeCache.ScanAssembly (330ms)
			BuildScriptInfoCaches (89ms)
			ResolveRequiredComponents (11ms)
	FinalizeReload (3302ms)
		SetupLoadedEditorAssemblies (0ms)
			BeforeProcessingInitializeOnLoad (242ms)
			ProcessInitializeOnLoadAttributes (2363ms)
			ProcessInitializeOnLoadMethodAttributes (370ms)
			AfterProcessingInitializeOnLoad (5ms)
		AwakeInstancesAfterBackupRestoration (12ms)
Launched and connected shader compiler UnityShaderCompiler.exe after 0.02 seconds
Refreshing native plugins compatible for Editor in 10.55 ms, found 11 plugins.
Unloading 67 Unused Serialized files (Serialized files now loaded: 0)
Unloading 11528 unused Assets / (23.0 MB). Loaded Objects now: 12374.
Memory consumption went from 228.8 MB to 205.8 MB.
Total: 26.414300 ms (FindLiveObjects: 2.127500 ms CreateObjectMapping: 1.566800 ms MarkObjects: 15.365900 ms  DeleteObjects: 7.349300 ms)

========================================================================
Received Prepare
Refreshing native plugins compatible for Editor in 12.58 ms, found 11 plugins.
Unloading 67 Unused Serialized files (Serialized files now loaded: 0)
Unloading 67 unused Assets / (13.8 MB). Loaded Objects now: 12374.
Memory consumption went from 227.6 MB to 213.9 MB.
Total: 17.748200 ms (FindLiveObjects: 0.571400 ms CreateObjectMapping: 0.829200 ms MarkObjects: 13.789100 ms  DeleteObjects: 2.557100 ms)

Prepare: number of updated asset objects reloaded= 21
========================================================================
Received Import Request.
  Time since last request: 74580.622402 seconds.
  path: Assets/InputSystem_Actions.inputactions
  importAddress: Guid(052faaac586de48259a63d0c4782560b) Importer(815301076,1909f56bfc062723c751e8b465ee728b)
Start importing Assets/InputSystem_Actions.inputactions using Guid(052faaac586de48259a63d0c4782560b) Importer(815301076,1909f56bfc062723c751e8b465ee728b) (PreviewImporter) -> (Import Result ID: 'e7b05d6aafe9a5a7b31d32c42e6c54a3') in 0.0370969 seconds [static and dynamic dependencies]. Details - ImportResultOutputID=4424046b1176df39b9eef5f0e46dfe4e DependenciesID=970e23510c1e8e7565d2548b2089f504 StaticDependenciesID=e0cc62039e784e2aee8afc50d794f992 
Number of updated asset objects reloaded before import = 0Number of asset objects unloaded after import = 20

========================================================================
Received Import Request.
  Time since last request: 0.000016 seconds.
  path: Assets/Readme.asset
  importAddress: Guid(8105016687592461f977c054a80ce2f2) Importer(815301076,1909f56bfc062723c751e8b465ee728b)
Start importing Assets/Readme.asset using Guid(8105016687592461f977c054a80ce2f2) Importer(815301076,1909f56bfc062723c751e8b465ee728b) (PreviewImporter) -> (Import Result ID: '18fb1a422814e757d5885eabb80cc7dc') in 0.0038212 seconds [static and dynamic dependencies]. Details - ImportResultOutputID=f239c3b2c5f5524d591ac6c531473032 DependenciesID=0d64d94cbcc04225fe8a89c8718abde0 StaticDependenciesID=0ef12f63457cf13427f08d1e2b9b7b1a 
Number of updated asset objects reloaded before import = 0Number of asset objects unloaded after import = 2

========================================================================
Received Import Request.
  Time since last request: 4.861099 seconds.
  path: Assets/InputSystem_Actions.inputactions
  importAddress: Guid(052faaac586de48259a63d0c4782560b) Importer(2089858483,b0f066a214c2f5e87bad3c948f4d605d)
Start importing Assets/InputSystem_Actions.inputactions using Guid(052faaac586de48259a63d0c4782560b) Importer(2089858483,b0f066a214c2f5e87bad3c948f4d605d) (ScriptedImporter) -> (Import Result ID: 'c58c7893367edf800ba846c969c26e9e') in 0.2735039 seconds [static and dynamic dependencies]. Details - ImportResultOutputID=9426c1b8f852a0db5aab863a90da799a DependenciesID=530cc9795b5e9263662dbe44b82568bd StaticDependenciesID=eb26e2ecbe2efdd6eac80a90f382bbdb 
Number of updated asset objects reloaded before import = 0Number of asset objects unloaded after import = 22

========================================================================
Received Import Request.
  Time since last request: 0.000022 seconds.
  path: Assets/TextMesh Pro/Shaders/TMP_SDF.shader
  importAddress: Guid(68e6db2ebdc24f95958faec2be5558d6) Importer(2089858483,b0f066a214c2f5e87bad3c948f4d605d)
Start importing Assets/TextMesh Pro/Shaders/TMP_SDF.shader using Guid(68e6db2ebdc24f95958faec2be5558d6) Importer(2089858483,b0f066a214c2f5e87bad3c948f4d605d) (ScriptedImporter) -> (Import Result ID: '1edd8a5eeb13a686a086904caa146465') in 0.0133586 seconds [static and dynamic dependencies]. Details - ImportResultOutputID=90c46790a5c10d7a9618b68a38164b7c DependenciesID=bc06f1b167d0155f19661193f6d6529f StaticDependenciesID=6fccdf5c0d40f72a0171f8fda7ff39b4 
Number of updated asset objects reloaded before import = 0Number of asset objects unloaded after import = 1

========================================================================
Received Import Request.
  Time since last request: 0.000023 seconds.
  path: Assets/myassets/scripts/BreathingGuide.cs
  importAddress: Guid(f0fa893d105397f418eb29ad4a6034c8) Importer(2089858483,b0f066a214c2f5e87bad3c948f4d605d)
Start importing Assets/myassets/scripts/BreathingGuide.cs using Guid(f0fa893d105397f418eb29ad4a6034c8) Importer(2089858483,b0f066a214c2f5e87bad3c948f4d605d) (ScriptedImporter) -> (Import Result ID: '599a12556150218a0d49ad434317eeb4') in 0.0082798 seconds [static and dynamic dependencies]. Details - ImportResultOutputID=aed107cf9067463f6d3c217c84e69be7 DependenciesID=a928b493925a0303e82241a91a632560 StaticDependenciesID=1401976d94617403a90b0571b319cccd 
Number of updated asset objects reloaded before import = 0Number of asset objects unloaded after import = 0

========================================================================
Received Import Request.
  Time since last request: 0.000018 seconds.
  path: Assets/TextMesh Pro/Fonts/LiberationSans.ttf
  importAddress: Guid(e3265ab4bf004d28a9537516768c1c75) Importer(2089858483,b0f066a214c2f5e87bad3c948f4d605d)
Start importing Assets/TextMesh Pro/Fonts/LiberationSans.ttf using Guid(e3265ab4bf004d28a9537516768c1c75) Importer(2089858483,b0f066a214c2f5e87bad3c948f4d605d) (ScriptedImporter) -> (Import Result ID: 'dcf5a1e429b4c2ab0f2ef7536cbed761') in 0.0203448 seconds [static and dynamic dependencies]. Details - ImportResultOutputID=a983682f722a5b392034819758329764 DependenciesID=fb5ba9a522771eb2f62cc95cc007fe78 StaticDependenciesID=518d7db7c3f5a2bfbdb8fce2e125b24b 
Number of updated asset objects reloaded before import = 0Number of asset objects unloaded after import = 3

========================================================================
Received Import Request.
  Time since last request: 0.000014 seconds.
  path: Assets/XRI/Settings/Resources/XRDeviceSimulatorSettings.asset
  importAddress: Guid(e3e6b38049d863041ab918ecfe788658) Importer(2089858483,b0f066a214c2f5e87bad3c948f4d605d)
Start importing Assets/XRI/Settings/Resources/XRDeviceSimulatorSettings.asset using Guid(e3e6b38049d863041ab918ecfe788658) Importer(2089858483,b0f066a214c2f5e87bad3c948f4d605d) (ScriptedImporter) -> (Import Result ID: 'c445dc196bce99b5cf8236d0537b72b4') in 0.008261 seconds [static and dynamic dependencies]. Details - ImportResultOutputID=e80841c2b1c4bbd83d8c3b7ae2904caa DependenciesID=50df894d433bfd71e2a1c6e9272a4308 StaticDependenciesID=7ce2678e33d06cdc485dd657062d0c3b 
Number of updated asset objects reloaded before import = 0Number of asset objects unloaded after import = 1

========================================================================
Received Import Request.
  Time since last request: 0.000013 seconds.
  path: Assets/TextMesh Pro/Shaders/TMP_SDF-Surface.shader
  importAddress: Guid(f7ada0af4f174f0694ca6a487b8f543d) Importer(2089858483,b0f066a214c2f5e87bad3c948f4d605d)
Start importing Assets/TextMesh Pro/Shaders/TMP_SDF-Surface.shader using Guid(f7ada0af4f174f0694ca6a487b8f543d) Importer(2089858483,b0f066a214c2f5e87bad3c948f4d605d) (ScriptedImporter) -> (Import Result ID: 'd15b24c31768f165d243866d5587278f') in 0.0050305 seconds [static and dynamic dependencies]. Details - ImportResultOutputID=8c555bfb8d90496c35790abc509b41ed DependenciesID=18c270e499fc93be5b2dca0301576cce StaticDependenciesID=8c728d31b0e7ca1660994d84194b57a2 
Number of updated asset objects reloaded before import = 0Number of asset objects unloaded after import = 1

========================================================================
Received Import Request.
  Time since last request: 0.000017 seconds.
  path: Assets/TextMesh Pro/Resources/Fonts & Materials/LiberationSans SDF - Outline.mat
  importAddress: Guid(79459efec17a4d00a321bdcc27bbc385) Importer(2089858483,b0f066a214c2f5e87bad3c948f4d605d)
Start importing Assets/TextMesh Pro/Resources/Fonts & Materials/LiberationSans SDF - Outline.mat using Guid(79459efec17a4d00a321bdcc27bbc385) Importer(2089858483,b0f066a214c2f5e87bad3c948f4d605d) (ScriptedImporter) -> (Import Result ID: '6a7683e189889314f3657551a9d4591e') in 0.0152945 seconds [static and dynamic dependencies]. Details - ImportResultOutputID=e524d98fab08f173422da8473701d7ff DependenciesID=74ae995797815d545af6fa71430fec20 StaticDependenciesID=ea4f6bdbbd3fe4a09d6f1f24747b1613 
Number of updated asset objects reloaded before import = 0Number of asset objects unloaded after import = 2

========================================================================
Received Import Request.
  Time since last request: 0.000018 seconds.
  path: Assets/XR/XRGeneralSettingsPerBuildTarget.asset
  importAddress: Guid(39fba243c47dfbd4babeada373b49f32) Importer(2089858483,b0f066a214c2f5e87bad3c948f4d605d)
Start importing Assets/XR/XRGeneralSettingsPerBuildTarget.asset using Guid(39fba243c47dfbd4babeada373b49f32) Importer(2089858483,b0f066a214c2f5e87bad3c948f4d605d) (ScriptedImporter) -> (Import Result ID: 'e5c28e06589fac3267087032cf066b81') in 0.0114736 seconds [static and dynamic dependencies]. Details - ImportResultOutputID=c32e8f44436b2754382c892e53f16dcd DependenciesID=78c48720f1618425d750138e6fdf198b StaticDependenciesID=2299715a12ffd92745025aebac91ca91 
Number of updated asset objects reloaded before import = 0Number of asset objects unloaded after import = 4

========================================================================
Received Import Request.
  Time since last request: 0.000026 seconds.
  path: Assets/Samples/XR Interaction Toolkit/3.4.1/Starter Assets/DemoScene.unity
  importAddress: Guid(319dafa5c80f29f428dc1e0d03f04177) Importer(2089858483,b0f066a214c2f5e87bad3c948f4d605d)
Start importing Assets/Samples/XR Interaction Toolkit/3.4.1/Starter Assets/DemoScene.unity using Guid(319dafa5c80f29f428dc1e0d03f04177) Importer(2089858483,b0f066a214c2f5e87bad3c948f4d605d) (ScriptedImporter) -> (Import Result ID: '25fe781b607a3994412db5303b8c19a4') in 0.0065506 seconds [static and dynamic dependencies]. Details - ImportResultOutputID=edb9a5d8c1eb7bb2e3037d3f5c5a19af DependenciesID=cd0cbfb229c17641a6f66bb8ba5bb065 StaticDependenciesID=2b3dec62f07cc5e7fe1d8532e6ec2640 
Number of updated asset objects reloaded before import = 0Number of asset objects unloaded after import = 1

========================================================================
Received Import Request.
  Time since last request: 0.000014 seconds.
  path: Assets/Training table/Render/screenshot006.png
  importAddress: Guid(7fa979a6de94cf54c862b2030554aac9) Importer(2089858483,b0f066a214c2f5e87bad3c948f4d605d)
Start importing Assets/Training table/Render/screenshot006.png using Guid(7fa979a6de94cf54c862b2030554aac9) Importer(2089858483,b0f066a214c2f5e87bad3c948f4d605d) (ScriptedImporter) -> (Import Result ID: '7753343a5e576878baf6e552b570342d') in 0.026935 seconds [static and dynamic dependencies]. Details - ImportResultOutputID=d6ea442dc4a8f2d01e69e5182a06d48d DependenciesID=0c9df2eef0c568e636afd05dd4dec842 StaticDependenciesID=31210728e9359a9d79ccf38665992e8b 
Number of updated asset objects reloaded before import = 0Number of asset objects unloaded after import = 1

========================================================================
Received Import Request.
  Time since last request: 0.000017 seconds.
  path: Assets/Training table/Textures/Table_low_DefaultMaterial_MetallicSmoothness.png
  importAddress: Guid(00628a8849ee94c4b81a93e97024f1dd) Importer(2089858483,b0f066a214c2f5e87bad3c948f4d605d)
Start importing Assets/Training table/Textures/Table_low_DefaultMaterial_MetallicSmoothness.png using Guid(00628a8849ee94c4b81a93e97024f1dd) Importer(2089858483,b0f066a214c2f5e87bad3c948f4d605d) (ScriptedImporter) -> (Import Result ID: '2bc5841441ca89908aa88f68eb8c2ae1') in 0.0126183 seconds [static and dynamic dependencies]. Details - ImportResultOutputID=6ed5c5777b981daff4387274219575c9 DependenciesID=9fd186b862dbcf9f825c360d27bad4c7 StaticDependenciesID=0eeb93f33dc3b29d2aefbf4b5a0bcaf6 
Number of updated asset objects reloaded before import = 0Number of asset objects unloaded after import = 1

========================================================================
Received Import Request.
  Time since last request: 0.000014 seconds.
  path: Assets/Samples/XR Interaction Toolkit/3.4.1/Starter Assets/AffordanceThemes/HighlightInteractionColor.asset
  importAddress: Guid(8b0b5aede76faac438e02d2a468f4805) Importer(2089858483,b0f066a214c2f5e87bad3c948f4d605d)
Start importing Assets/Samples/XR Interaction Toolkit/3.4.1/Starter Assets/AffordanceThemes/HighlightInteractionColor.asset using Guid(8b0b5aede76faac438e02d2a468f4805) Importer(2089858483,b0f066a214c2f5e87bad3c948f4d605d) (ScriptedImporter) -> (Import Result ID: '5d1552ae4af399bd8f92b95d3bb4b6fb') in 0.0088467 seconds [static and dynamic dependencies]. Details - ImportResultOutputID=0f600eef57a663c41c0af390351e7269 DependenciesID=ce98cf77dd82f2f020df5eb4dd95b367 StaticDependenciesID=4e9124af858790ce7bce8c97f6fa54eb 
Number of updated asset objects reloaded before import = 0Number of asset objects unloaded after import = 1

========================================================================
Received Import Request.
  Time since last request: 0.000021 seconds.
  path: Assets/Training table/prefabs_scene.unity
  importAddress: Guid(6ffb808de5788464c91bc809f2f31f9a) Importer(2089858483,b0f066a214c2f5e87bad3c948f4d605d)
Start importing Assets/Training table/prefabs_scene.unity using Guid(6ffb808de5788464c91bc809f2f31f9a) Importer(2089858483,b0f066a214c2f5e87bad3c948f4d605d) (ScriptedImporter) -> (Import Result ID: 'ff6692d74b54876304ded07db09f1612') in 0.0051676 seconds [static and dynamic dependencies]. Details - ImportResultOutputID=b93f6ea8c610ea8b982126060583d98c DependenciesID=6a60d4a09266a77c0edea50d28025f59 StaticDependenciesID=a82341b471479d2132253ead359cd0bd 
Number of updated asset objects reloaded before import = 0Number of asset objects unloaded after import = 1

========================================================================
Received Import Request.
  Time since last request: 0.000016 seconds.
  path: Assets/XR/Loaders/OpenXRLoader.asset
  importAddress: Guid(a2eabc421aba8ec4dbda21af998953d4) Importer(2089858483,b0f066a214c2f5e87bad3c948f4d605d)
Start importing Assets/XR/Loaders/OpenXRLoader.asset using Guid(a2eabc421aba8ec4dbda21af998953d4) Importer(2089858483,b0f066a214c2f5e87bad3c948f4d605d) (ScriptedImporter) -> (Import Result ID: '4dca06a685ee4fdcdb701ee8f8fab3e9') in 0.0034135 seconds [static and dynamic dependencies]. Details - ImportResultOutputID=e95b56c0a37bdfa165d8b96ab261d122 DependenciesID=c6d6088063116efb72994647fa1bd496 StaticDependenciesID=29a7cc52fce3599ec60cda0dc4d3f55e 
Number of updated asset objects reloaded before import = 0Number of asset objects unloaded after import = 1

========================================================================
Received Import Request.
  Time since last request: 0.000027 seconds.
  path: Assets/XRI/Settings/Resources/InteractionLayerSettings.asset
  importAddress: Guid(7b7b8644bded8cb4a84b08ed1c78963a) Importer(2089858483,b0f066a214c2f5e87bad3c948f4d605d)
Start importing Assets/XRI/Settings/Resources/InteractionLayerSettings.asset using Guid(7b7b8644bded8cb4a84b08ed1c78963a) Importer(2089858483,b0f066a214c2f5e87bad3c948f4d605d) (ScriptedImporter) -> (Import Result ID: '664c2cbfeed9411d63e3ca8082e9556f') in 0.0046881 seconds [static and dynamic dependencies]. Details - ImportResultOutputID=18a325c8ec8ee45d838cc2bd11dc1607 DependenciesID=71a3202f86da5565f635a5021c3788fb StaticDependenciesID=5ed3f41c3730576ae5ee388f5136af6d 
Number of updated asset objects reloaded before import = 0Number of asset objects unloaded after import = 1

========================================================================
Received Import Request.
  Time since last request: 0.000013 seconds.
  path: Assets/Scenes/SampleScene.unity
  importAddress: Guid(99c9720ab356a0642a771bea13969a05) Importer(2089858483,b0f066a214c2f5e87bad3c948f4d605d)
Start importing Assets/Scenes/SampleScene.unity using Guid(99c9720ab356a0642a771bea13969a05) Importer(2089858483,b0f066a214c2f5e87bad3c948f4d605d) (ScriptedImporter) -> (Import Result ID: '28bfd3be5fb9b8be2b34b1d538288d65') in 0.008175 seconds [static and dynamic dependencies]. Details - ImportResultOutputID=eb7242e9f8a824e0331c8f76fb380b56 DependenciesID=6758064379a1b0fe1a6c4a6f32f8250d StaticDependenciesID=9f84dc9c6821dade927617b09112ab06 
Number of updated asset objects reloaded before import = 0Number of asset objects unloaded after import = 1

========================================================================
Received Import Request.
  Time since last request: 0.000013 seconds.
  path: Assets/myassets/sfx/dragon-studio-cozy-midnight-rain-02-448573.mp3
  importAddress: Guid(5e1ac26e14dbaa347931b4b5292c66d9) Importer(2089858483,b0f066a214c2f5e87bad3c948f4d605d)
Start importing Assets/myassets/sfx/dragon-studio-cozy-midnight-rain-02-448573.mp3 using Guid(5e1ac26e14dbaa347931b4b5292c66d9) Importer(2089858483,b0f066a214c2f5e87bad3c948f4d605d) (ScriptedImporter) -> (Import Result ID: '857ff82ecf72b3a784e5a5e88315907c') in 0.0086776 seconds [static and dynamic dependencies]. Details - ImportResultOutputID=c976805096a384fa45e9e779a8e8d3c9 DependenciesID=bef782baded5bba1e4d17c02be0b9580 StaticDependenciesID=381c2f3c399444b89951a64a9e2350c8 
Number of updated asset objects reloaded before import = 0Number of asset objects unloaded after import = 1

========================================================================
Received Import Request.
  Time since last request: 0.000013 seconds.
  path: Assets/TextMesh Pro/Shaders/TMPro_Properties.cginc
  importAddress: Guid(3997e2241185407d80309a82f9148466) Importer(2089858483,b0f066a214c2f5e87bad3c948f4d605d)
Start importing Assets/TextMesh Pro/Shaders/TMPro_Properties.cginc using Guid(3997e2241185407d80309a82f9148466) Importer(2089858483,b0f066a214c2f5e87bad3c948f4d605d) (ScriptedImporter) -> (Import Result ID: 'd69d8c382efb98de23941a1ab40a243f') in 0.0037293 seconds [static and dynamic dependencies]. Details - ImportResultOutputID=3b327df1dd983365841f87e1483aaca4 DependenciesID=f241a03e54a502d688863bc6e2028938 StaticDependenciesID=8dc136d80213b79cc2bcb42db4fe1e2a 
Number of updated asset objects reloaded before import = 0Number of asset objects unloaded after import = 1

========================================================================
Received Import Request.
  Time since last request: 0.000014 seconds.
  path: Assets/Samples/XR Interaction Toolkit/3.4.1/Starter Assets/Materials/UI-NoZTest.mat
  importAddress: Guid(6f3d696f7c3365846b6dc2402afb3d3e) Importer(2089858483,b0f066a214c2f5e87bad3c948f4d605d)
Start importing Assets/Samples/XR Interaction Toolkit/3.4.1/Starter Assets/Materials/UI-NoZTest.mat using Guid(6f3d696f7c3365846b6dc2402afb3d3e) Importer(2089858483,b0f066a214c2f5e87bad3c948f4d605d) (ScriptedImporter) -> (Import Result ID: '25711e8dea51776ef811f9438947feeb') in 0.0125678 seconds [static and dynamic dependencies]. Details - ImportResultOutputID=bf26d532fe3db023e7f7c3986d3c04ea DependenciesID=66eacb1776e25145e62d3c9b2828b7f9 StaticDependenciesID=8c95dfc5d0f1289aa544865053d3d4f1 
Number of updated asset objects reloaded before import = 0Number of asset objects unloaded after import = 1

========================================================================
Received Import Request.
  Time since last request: 0.000020 seconds.
  path: Assets/Samples/XR Interaction Toolkit/3.4.1/Starter Assets/Models/Primitive_Wedge.fbx
  importAddress: Guid(ab3a79eba4de4be0ad5fead9fb858190) Importer(2089858483,b0f066a214c2f5e87bad3c948f4d605d)
Start importing Assets/Samples/XR Interaction Toolkit/3.4.1/Starter Assets/Models/Primitive_Wedge.fbx using Guid(ab3a79eba4de4be0ad5fead9fb858190) Importer(2089858483,b0f066a214c2f5e87bad3c948f4d605d) (ScriptedImporter) -> (Import Result ID: 'eaf03aeff246152812bac1a939a9768e') in 0.0410743 seconds [static and dynamic dependencies]. Details - ImportResultOutputID=7be804151a7dcb3bd60c998458dda1b3 DependenciesID=0baf8798704caffdf287717f7f9e337b StaticDependenciesID=8d3154f1ea4d6156992c48580a63a249 
Number of updated asset objects reloaded before import = 0Number of asset objects unloaded after import = 9

========================================================================
Received Import Request.
  Time since last request: 0.000017 seconds.
  path: Assets/Samples/XR Interaction Toolkit/3.4.1/Starter Assets/Models/BlinkVisual.fbx
  importAddress: Guid(27b7629e54b332449bfa3a4065ffe17a) Importer(2089858483,b0f066a214c2f5e87bad3c948f4d605d)
Start importing Assets/Samples/XR Interaction Toolkit/3.4.1/Starter Assets/Models/BlinkVisual.fbx using Guid(27b7629e54b332449bfa3a4065ffe17a) Importer(2089858483,b0f066a214c2f5e87bad3c948f4d605d) (ScriptedImporter) -> (Import Result ID: '637e6d574cf7dfb6ea6a271334948b95') in 0.0092365 seconds [static and dynamic dependencies]. Details - ImportResultOutputID=22b998b443c0f4b9d6c0f3af4f5bb011 DependenciesID=99b3e735018604e61461e6dd92f555a7 StaticDependenciesID=7ced48969e4fd1f253fe13051b9d4117 
Number of updated asset objects reloaded before import = 0Number of asset objects unloaded after import = 8

========================================================================
Received Import Request.
  Time since last request: 0.000025 seconds.
  path: Assets/TextMesh Pro/Shaders/TMP_SDF-URP Lit.shadergraph
  importAddress: Guid(a3d800b099a06e0478fb790c5e79057a) Importer(2089858483,b0f066a214c2f5e87bad3c948f4d605d)
Start importing Assets/TextMesh Pro/Shaders/TMP_SDF-URP Lit.shadergraph using Guid(a3d800b099a06e0478fb790c5e79057a) Importer(2089858483,b0f066a214c2f5e87bad3c948f4d605d) (ScriptedImporter) -> (Import Result ID: '1c488614d6b7d0d19ff529d4a0cc4cce') in 0.018414 seconds [static and dynamic dependencies]. Details - ImportResultOutputID=8676ab605c6bebedd5d8b40cd8ed1b96 DependenciesID=73ec3501bed5c6d63fd2b71f8072a249 StaticDependenciesID=b2a4f12830732028c680f671665c7504 
Number of updated asset objects reloaded before import = 0Number of asset objects unloaded after import = 4

========================================================================
Received Import Request.
  Time since last request: 0.000023 seconds.
  path: Assets/TextMesh Pro/Shaders/TMP_SDF-Mobile Overlay.shader
  importAddress: Guid(a02a7d8c237544f1962732b55a9aebf1) Importer(2089858483,b0f066a214c2f5e87bad3c948f4d605d)
Start importing Assets/TextMesh Pro/Shaders/TMP_SDF-Mobile Overlay.shader using Guid(a02a7d8c237544f1962732b55a9aebf1) Importer(2089858483,b0f066a214c2f5e87bad3c948f4d605d) (ScriptedImporter) -> (Import Result ID: 'b07e4221d23b4947199c3cfe4edae992') in 0.004469 seconds [static and dynamic dependencies]. Details - ImportResultOutputID=77ee23380fe670f84dd689303a73f017 DependenciesID=51510df11d46a74275b25131f5022173 StaticDependenciesID=776311549543df7b727f2d699b0406ea 
Number of updated asset objects reloaded before import = 0Number of asset objects unloaded after import = 1

========================================================================
Received Import Request.
  Time since last request: 0.000013 seconds.
  path: Assets/Samples/XR Interaction Toolkit/3.4.1/Starter Assets/AffordanceThemes/PokeSphereInteraction.asset
  importAddress: Guid(c2712227db89c5142adad58b143bf039) Importer(2089858483,b0f066a214c2f5e87bad3c948f4d605d)
Start importing Assets/Samples/XR Interaction Toolkit/3.4.1/Starter Assets/AffordanceThemes/PokeSphereInteraction.asset using Guid(c2712227db89c5142adad58b143bf039) Importer(2089858483,b0f066a214c2f5e87bad3c948f4d605d) (ScriptedImporter) -> (Import Result ID: 'eca696d608776c1b365b7cff9c4bfbf9') in 0.0051048 seconds [static and dynamic dependencies]. Details - ImportResultOutputID=170f24eee492e76d3acc0ace5e14ee63 DependenciesID=e78caa9bb87d12696db1e203777ae809 StaticDependenciesID=f87af68ecbe01b36d003a6734151bff1 
Number of updated asset objects reloaded before import = 0Number of asset objects unloaded after import = 1

========================================================================
Received Import Request.
  Time since last request: 0.000016 seconds.
  path: Assets/TextMesh Pro/Shaders/TMP_Bitmap-Custom-Atlas.shader
  importAddress: Guid(48bb5f55d8670e349b6e614913f9d910) Importer(2089858483,b0f066a214c2f5e87bad3c948f4d605d)
Start importing Assets/TextMesh Pro/Shaders/TMP_Bitmap-Custom-Atlas.shader using Guid(48bb5f55d8670e349b6e614913f9d910) Importer(2089858483,b0f066a214c2f5e87bad3c948f4d605d) (ScriptedImporter) -> (Import Result ID: 'd9f8ae564af3943016cacff2f30dadbe') in 0.0041945 seconds [static and dynamic dependencies]. Details - ImportResultOutputID=851db33d234e9696945e96911c68243a DependenciesID=062933c9abfcc918d5df3ce5bd5a2054 StaticDependenciesID=c50f8542757871ef0b63b51ec430b408 
Number of updated asset objects reloaded before import = 0Number of asset objects unloaded after import = 1

========================================================================
Received Import Request.
  Time since last request: 0.000013 seconds.
  path: Assets/Training table/LODs/lod3.fbx
  importAddress: Guid(7ee05dc461bcd094e9cd88eba440548e) Importer(2089858483,b0f066a214c2f5e87bad3c948f4d605d)
Start importing Assets/Training table/LODs/lod3.fbx using Guid(7ee05dc461bcd094e9cd88eba440548e) Importer(2089858483,b0f066a214c2f5e87bad3c948f4d605d) (ScriptedImporter) -> (Import Result ID: '0e20c0c7f8c721b3722aa828b3cb0116') in 0.0183109 seconds [static and dynamic dependencies]. Details - ImportResultOutputID=945758973d1af7d00c12c03ea421b527 DependenciesID=acd80d985765f4a712eff36238123f9d StaticDependenciesID=affffd90f6f55c3885f7e136163568f0 
Number of updated asset objects reloaded before import = 0Number of asset objects unloaded after import = 9

========================================================================
Received Import Request.
  Time since last request: 0.000013 seconds.
  path: Assets/Samples/XR Interaction Toolkit/3.4.1/Starter Assets/Materials/Telport Anchor.mat
  importAddress: Guid(fd3c5d8fce991e04f9c11109dde95b3b) Importer(2089858483,b0f066a214c2f5e87bad3c948f4d605d)
Start importing Assets/Samples/XR Interaction Toolkit/3.4.1/Starter Assets/Materials/Telport Anchor.mat using Guid(fd3c5d8fce991e04f9c11109dde95b3b) Importer(2089858483,b0f066a214c2f5e87bad3c948f4d605d) (ScriptedImporter) -> (Import Result ID: '8518e1a536406609138e1904af7e0757') in 0.0057403 seconds [static and dynamic dependencies]. Details - ImportResultOutputID=3e3fcec04fdc3750756d07227cce795d DependenciesID=b89f6a4cbb6fddcd8411d6455d9f6f76 StaticDependenciesID=a6a886b7bd96cbf3e7128f65bf524bf0 
Number of updated asset objects reloaded before import = 0Number of asset objects unloaded after import = 2

========================================================================
Received Import Request.
  Time since last request: 0.000018 seconds.
  path: Assets/TextMesh Pro/Shaders/TMPro_Surface.cginc
  importAddress: Guid(d930090c0cd643c7b55f19a38538c162) Importer(2089858483,b0f066a214c2f5e87bad3c948f4d605d)
Start importing Assets/TextMesh Pro/Shaders/TMPro_Surface.cginc using Guid(d930090c0cd643c7b55f19a38538c162) Importer(2089858483,b0f066a214c2f5e87bad3c948f4d605d) (ScriptedImporter) -> (Import Result ID: '3b8a9221497e2d8f2bfd608246aecb85') in 0.0042364 seconds [static and dynamic dependencies]. Details - ImportResultOutputID=9b8f9028364df95f228411d3741d23d6 DependenciesID=1a1ec2e312fedf071425149a9b855a35 StaticDependenciesID=87dcff36445655cfcfef4d2b43615770 
Number of updated asset objects reloaded before import = 0Number of asset objects unloaded after import = 1

========================================================================
Received Import Request.
  Time since last request: 0.000023 seconds.
  path: Assets/Training table/Table_orig.fbx
  importAddress: Guid(6d23c9d076c41c747aaf66ce9a678388) Importer(2089858483,b0f066a214c2f5e87bad3c948f4d605d)
Start importing Assets/Training table/Table_orig.fbx using Guid(6d23c9d076c41c747aaf66ce9a678388) Importer(2089858483,b0f066a214c2f5e87bad3c948f4d605d) (ScriptedImporter) -> (Import Result ID: '7d49e0f57c353e842e10abb53b846c37') in 0.0102177 seconds [static and dynamic dependencies]. Details - ImportResultOutputID=00592a2ae2d9016e9f49b187a1842089 DependenciesID=44ee349fc98d45aa69eb68adfc984b49 StaticDependenciesID=6b10137ed5604e8f7a88fd96a60a8ea7 
Number of updated asset objects reloaded before import = 0Number of asset objects unloaded after import = 9

========================================================================
Received Import Request.
  Time since last request: 0.000013 seconds.
  path: Assets/TextMesh Pro/Resources/LineBreaking Leading Characters.txt
  importAddress: Guid(d82c1b31c7e74239bff1220585707d2b) Importer(2089858483,b0f066a214c2f5e87bad3c948f4d605d)
Start importing Assets/TextMesh Pro/Resources/LineBreaking Leading Characters.txt using Guid(d82c1b31c7e74239bff1220585707d2b) Importer(2089858483,b0f066a214c2f5e87bad3c948f4d605d) (ScriptedImporter) -> (Import Result ID: '1ed099951b57b7e1914f9ce82ed196cb') in 0.0040322 seconds [static and dynamic dependencies]. Details - ImportResultOutputID=734ff5c95ab31c2e62a0775adae27480 DependenciesID=bfc3e43de51e5ab169e502fd2c96f305 StaticDependenciesID=40ccf77d3d6225561dc0ba29a4745b6d 
Number of updated asset objects reloaded before import = 0Number of asset objects unloaded after import = 1

========================================================================
Received Import Request.
  Time since last request: 0.000014 seconds.
  path: Assets/Samples/XR Interaction Toolkit/3.4.1/Starter Assets/Presets/XRI Default Left Grab Move.preset
  importAddress: Guid(e2e08fffc3edfbb47a429bae0c5a6343) Importer(2089858483,b0f066a214c2f5e87bad3c948f4d605d)
Start importing Assets/Samples/XR Interaction Toolkit/3.4.1/Starter Assets/Presets/XRI Default Left Grab Move.preset using Guid(e2e08fffc3edfbb47a429bae0c5a6343) Importer(2089858483,b0f066a214c2f5e87bad3c948f4d605d) (ScriptedImporter) -> (Import Result ID: '07ecdc4c8121347f3e0dfa0529e99177') in 0.0104563 seconds [static and dynamic dependencies]. Details - ImportResultOutputID=4522efbdf6fa3349bf91251ef9485e33 DependenciesID=b10488b1effb7183e7c98b6c047611e2 StaticDependenciesID=ba511b7e668f5e7b7b7f5b6a785657e7 
Number of updated asset objects reloaded before import = 0Number of asset objects unloaded after import = 3

========================================================================
Received Import Request.
  Time since last request: 0.000014 seconds.
  path: Assets/Samples/XR Interaction Toolkit/3.4.1/Starter Assets/Presets/XRI Default Dynamic Move.preset
  importAddress: Guid(da25954ba1a2e604294f2ccda1d6372c) Importer(2089858483,b0f066a214c2f5e87bad3c948f4d605d)
Start importing Assets/Samples/XR Interaction Toolkit/3.4.1/Starter Assets/Presets/XRI Default Dynamic Move.preset using Guid(da25954ba1a2e604294f2ccda1d6372c) Importer(2089858483,b0f066a214c2f5e87bad3c948f4d605d) (ScriptedImporter) -> (Import Result ID: '668e198bfd92c53d13888ff00b811583') in 0.0060666 seconds [static and dynamic dependencies]. Details - ImportResultOutputID=3ba542cc4eb360c64efff38d09b47ba9 DependenciesID=2b42c36ef35368ad6a608965d1a09e5b StaticDependenciesID=e13d2801e227438e1396a657b848d0c3 
Number of updated asset objects reloaded before import = 0Number of asset objects unloaded after import = 4

========================================================================
Received Import Request.
  Time since last request: 0.000015 seconds.
  path: Assets/TutorialInfo/Layout.wlt
  importAddress: Guid(eabc9546105bf4accac1fd62a63e88e6) Importer(2089858483,b0f066a214c2f5e87bad3c948f4d605d)
Start importing Assets/TutorialInfo/Layout.wlt using Guid(eabc9546105bf4accac1fd62a63e88e6) Importer(2089858483,b0f066a214c2f5e87bad3c948f4d605d) (ScriptedImporter) -> (Import Result ID: '126385120c65077fb49424c054a43d01') in 0.0035658 seconds [static and dynamic dependencies]. Details - ImportResultOutputID=c3240b52d100c1d81c0165fa95450f75 DependenciesID=99d209a03cc4767570dbb872f61b489f StaticDependenciesID=aa0f53e3710884a6e1003d6f87876b3b 
Number of updated asset objects reloaded before import = 0Number of asset objects unloaded after import = 1

========================================================================
Received Import Request.
  Time since last request: 0.000013 seconds.
  path: Assets/Training table/Render/Render_1200_x_630.png
  importAddress: Guid(6e8af0fee5fecd345ab99b1a302b5bc8) Importer(2089858483,b0f066a214c2f5e87bad3c948f4d605d)
Start importing Assets/Training table/Render/Render_1200_x_630.png using Guid(6e8af0fee5fecd345ab99b1a302b5bc8) Importer(2089858483,b0f066a214c2f5e87bad3c948f4d605d) (ScriptedImporter) -> (Import Result ID: '15a6b8babb557edf194834fbe70279ac') in 0.0077089 seconds [static and dynamic dependencies]. Details - ImportResultOutputID=b9266f9be5edca7231c83a458ad51527 DependenciesID=8103890bda1eaeb295953a1f2ab26cd9 StaticDependenciesID=ee4f3c572d7249a505aa50fbe4e6fdf8 
Number of updated asset objects reloaded before import = 0Number of asset objects unloaded after import = 1

========================================================================
Received Import Request.
  Time since last request: 0.000015 seconds.
  path: Assets/TextMesh Pro/Shaders/TMPro_Mobile.cginc
  importAddress: Guid(c334973cef89a9840b0b0c507e0377ab) Importer(2089858483,b0f066a214c2f5e87bad3c948f4d605d)
Start importing Assets/TextMesh Pro/Shaders/TMPro_Mobile.cginc using Guid(c334973cef89a9840b0b0c507e0377ab) Importer(2089858483,b0f066a214c2f5e87bad3c948f4d605d) (ScriptedImporter) -> (Import Result ID: '0ed611df915b974327825a1bc19bfea8') in 0.0048267 seconds [static and dynamic dependencies]. Details - ImportResultOutputID=7f4df031d24e0352bb22be4414cd09c9 DependenciesID=f4808a14690e252de441079c01487822 StaticDependenciesID=9f32418efac9b7cd93d55184b26f7f9a 
Number of updated asset objects reloaded before import = 0Number of asset objects unloaded after import = 1

========================================================================
Received Import Request.
  Time since last request: 0.000024 seconds.
  path: Assets/XRI/Settings/Resources/XRInteractionRuntimeSettings.asset
  importAddress: Guid(33f147957f7abab4a8f7b5059c90dd2f) Importer(2089858483,b0f066a214c2f5e87bad3c948f4d605d)
Start importing Assets/XRI/Settings/Resources/XRInteractionRuntimeSettings.asset using Guid(33f147957f7abab4a8f7b5059c90dd2f) Importer(2089858483,b0f066a214c2f5e87bad3c948f4d605d) (ScriptedImporter) -> (Import Result ID: '25742fd70d3ceb92c7fd4ba55a87943a') in 0.00465 seconds [static and dynamic dependencies]. Details - ImportResultOutputID=5875a07ad8b95796faf6135ed14acccf DependenciesID=61de12c31aa492109c5d4d9cfb91fb5e StaticDependenciesID=f47b204d92fa623b8c5eb5e5c403d6fe 
Number of updated asset objects reloaded before import = 0Number of asset objects unloaded after import = 1

========================================================================
Received Import Request.
  Time since last request: 0.000013 seconds.
  path: Assets/Samples/XR Interaction Toolkit/3.4.1/Starter Assets/Models/Primitive_Cylinder.fbx
  importAddress: Guid(9e1dc1c14313460d872de39e35129b39) Importer(2089858483,b0f066a214c2f5e87bad3c948f4d605d)
Start importing Assets/Samples/XR Interaction Toolkit/3.4.1/Starter Assets/Models/Primitive_Cylinder.fbx using Guid(9e1dc1c14313460d872de39e35129b39) Importer(2089858483,b0f066a214c2f5e87bad3c948f4d605d) (ScriptedImporter) -> (Import Result ID: 'b11d9d59250f4d58f57bc79a4d862f2d') in 0.0101185 seconds [static and dynamic dependencies]. Details - ImportResultOutputID=fcda19eaf20c8a99f0b41dbade76c57d DependenciesID=169c5c3e436719300ee815f07d051fb2 StaticDependenciesID=ee222843a1c9731c2f44d0df43894417 
Number of updated asset objects reloaded before import = 0Number of asset objects unloaded after import = 9

========================================================================
Received Import Request.
  Time since last request: 0.000016 seconds.
  path: Assets/TextMesh Pro/Shaders/TMP_SDF-Mobile.shader
  importAddress: Guid(fe393ace9b354375a9cb14cdbbc28be4) Importer(2089858483,b0f066a214c2f5e87bad3c948f4d605d)
Start importing Assets/TextMesh Pro/Shaders/TMP_SDF-Mobile.shader using Guid(fe393ace9b354375a9cb14cdbbc28be4) Importer(2089858483,b0f066a214c2f5e87bad3c948f4d605d) (ScriptedImporter) -> (Import Result ID: '944448662367ef0eca2174c52749387d') in 0.0032455 seconds [static and dynamic dependencies]. Details - ImportResultOutputID=1f0719f94756b3b29769873db1d2b7c4 DependenciesID=6bc5e8827652c9d75c024f6d0a710be8 StaticDependenciesID=0239a100fb8a2f3d316fb2b3b17d505c 
Number of updated asset objects reloaded before import = 0Number of asset objects unloaded after import = 1

========================================================================
Received Import Request.
  Time since last request: 0.000015 seconds.
  path: Assets/Samples/XR Interaction Toolkit/3.4.1/Starter Assets/Models/UniversalController.fbx
  importAddress: Guid(147ae308eec018b40a7b312ae58f44c7) Importer(2089858483,b0f066a214c2f5e87bad3c948f4d605d)
Start importing Assets/Samples/XR Interaction Toolkit/3.4.1/Starter Assets/Models/UniversalController.fbx using Guid(147ae308eec018b40a7b312ae58f44c7) Importer(2089858483,b0f066a214c2f5e87bad3c948f4d605d) (ScriptedImporter) -> (Import Result ID: '631a2fa62780b6e2433f49df61fd40d1') in 0.0114172 seconds [static and dynamic dependencies]. Details - ImportResultOutputID=9f2a0d9e503cd83a521b1c915a9e2c58 DependenciesID=a96e269363d2bc12e7f8d69c0d85e137 StaticDependenciesID=54bad237f72eeeec0e31ab3d33b78783 
Number of updated asset objects reloaded before import = 0Number of asset objects unloaded after import = 51

========================================================================
Received Import Request.
  Time since last request: 0.000014 seconds.
  path: Assets/Samples/XR Interaction Toolkit/3.4.1/Starter Assets/Presets/XRI Default Snap Turn.preset
  importAddress: Guid(5d3a60dbf2f04694f9060712df89debb) Importer(2089858483,b0f066a214c2f5e87bad3c948f4d605d)
Start importing Assets/Samples/XR Interaction Toolkit/3.4.1/Starter Assets/Presets/XRI Default Snap Turn.preset using Guid(5d3a60dbf2f04694f9060712df89debb) Importer(2089858483,b0f066a214c2f5e87bad3c948f4d605d) (ScriptedImporter) -> (Import Result ID: '5b62216f802bd7bed2da11908234cc87') in 0.005741 seconds [static and dynamic dependencies]. Details - ImportResultOutputID=4402ded49f055eb1f915d4191e0e590a DependenciesID=7d57a62dcf601584f37470b6e58d9620 StaticDependenciesID=5838fd143f81b5e0dab1b222fe7681bd 
Number of updated asset objects reloaded before import = 0Number of asset objects unloaded after import = 4

========================================================================
Received Import Request.
  Time since last request: 0.000017 seconds.
  path: Assets/Samples/XR Interaction Toolkit/3.4.1/Starter Assets/Materials/Controller_Grey.mat
  importAddress: Guid(99685157b02e4d446bbecb015645e5e8) Importer(2089858483,b0f066a214c2f5e87bad3c948f4d605d)
Start importing Assets/Samples/XR Interaction Toolkit/3.4.1/Starter Assets/Materials/Controller_Grey.mat using Guid(99685157b02e4d446bbecb015645e5e8) Importer(2089858483,b0f066a214c2f5e87bad3c948f4d605d) (ScriptedImporter) -> (Import Result ID: '2f14020a58bf35f35b7ccdd64b7211c3') in 0.0099811 seconds [static and dynamic dependencies]. Details - ImportResultOutputID=5fa6ac75611f2677a006ed818c2a925c DependenciesID=92422d639a21ae3adfcae53d46a8e538 StaticDependenciesID=f4eb824a248d0433c155f0ae6b50ede7 
Number of updated asset objects reloaded before import = 0Number of asset objects unloaded after import = 2

========================================================================
Received Import Request.
  Time since last request: 0.000017 seconds.
  path: Assets/Training table/Table.dae
  importAddress: Guid(b2bcbad51bc015344895f2331470066a) Importer(2089858483,b0f066a214c2f5e87bad3c948f4d605d)
Start importing Assets/Training table/Table.dae using Guid(b2bcbad51bc015344895f2331470066a) Importer(2089858483,b0f066a214c2f5e87bad3c948f4d605d) (ScriptedImporter) -> (Import Result ID: '1637b6fe91336fef4ede4d0d7a8f2871') in 0.0089997 seconds [static and dynamic dependencies]. Details - ImportResultOutputID=4d1b6292d3363e870eafcd6196f2fc3e DependenciesID=68d9213455c45494b1328892f0b3c60f StaticDependenciesID=afd6f0f74e9468592942a790831cf564 
Number of updated asset objects reloaded before import = 0Number of asset objects unloaded after import = 9

========================================================================
Received Import Request.
  Time since last request: 0.000027 seconds.
  path: Assets/Settings/SampleSceneProfile.asset
  importAddress: Guid(10fc4df2da32a41aaa32d77bc913491c) Importer(2089858483,b0f066a214c2f5e87bad3c948f4d605d)
Start importing Assets/Settings/SampleSceneProfile.asset using Guid(10fc4df2da32a41aaa32d77bc913491c) Importer(2089858483,b0f066a214c2f5e87bad3c948f4d605d) (ScriptedImporter) -> (Import Result ID: 'b0d99dfd4456fe95e72a1e8a8638bb3d') in 0.0042917 seconds [static and dynamic dependencies]. Details - ImportResultOutputID=7d8ddc94520928ed1f1600373ce690b2 DependenciesID=a6a60b5d6e18502ed1765cca94f3d89e StaticDependenciesID=08110fc3c1147dc7673720d6987be07c 
Number of updated asset objects reloaded before import = 0Number of asset objects unloaded after import = 1

========================================================================
Received Import Request.
  Time since last request: 0.000013 seconds.
  path: Assets/Samples/XR Interaction Toolkit/3.4.1/Starter Assets/XRI Default Input Actions.inputactions
  importAddress: Guid(c348712bda248c246b8c49b3db54643f) Importer(2089858483,b0f066a214c2f5e87bad3c948f4d605d)
Start importing Assets/Samples/XR Interaction Toolkit/3.4.1/Starter Assets/XRI Default Input Actions.inputactions using Guid(c348712bda248c246b8c49b3db54643f) Importer(2089858483,b0f066a214c2f5e87bad3c948f4d605d) (ScriptedImporter) -> (Import Result ID: '743a63507c4cb792a95bc89a5f237937') in 0.0382831 seconds [static and dynamic dependencies]. Details - ImportResultOutputID=05a6695576bd46d8d28f1e94617663db DependenciesID=c1a2d720ab5534ff4e2071617fa81695 StaticDependenciesID=d3c8ada30e6ad3eba57d666049237ec5 
Number of updated asset objects reloaded before import = 0Number of asset objects unloaded after import = 95

========================================================================
Received Import Request.
  Time since last request: 0.000017 seconds.
  path: Assets/Samples/XR Interaction Toolkit/3.4.1/Starter Assets/Scripts/DestroySelf.cs
  importAddress: Guid(717c12e2a4cfe764ab2580b1135e10fd) Importer(2089858483,b0f066a214c2f5e87bad3c948f4d605d)
Start importing Assets/Samples/XR Interaction Toolkit/3.4.1/Starter Assets/Scripts/DestroySelf.cs using Guid(717c12e2a4cfe764ab2580b1135e10fd) Importer(2089858483,b0f066a214c2f5e87bad3c948f4d605d) (ScriptedImporter) -> (Import Result ID: '203ba815e78f8356a01a395c7c0cd667') in 0.0028014 seconds [static and dynamic dependencies]. Details - ImportResultOutputID=5a1b1551660e944037c902c0751efd71 DependenciesID=02a10fba485305a41d7baaf0342be807 StaticDependenciesID=4ce7cd5120fc3f464a50b89768d92c24 
Number of updated asset objects reloaded before import = 0Number of asset objects unloaded after import = 0

========================================================================
Received Import Request.
  Time since last request: 0.000014 seconds.
  path: Assets/Samples/XR Interaction Toolkit/3.4.1/Starter Assets/Scripts/XRPokeFollowAffordance.cs
  importAddress: Guid(07b3638c2f5db5b479ff24c2859713d4) Importer(2089858483,b0f066a214c2f5e87bad3c948f4d605d)
Start importing Assets/Samples/XR Interaction Toolkit/3.4.1/Starter Assets/Scripts/XRPokeFollowAffordance.cs using Guid(07b3638c2f5db5b479ff24c2859713d4) Importer(2089858483,b0f066a214c2f5e87bad3c948f4d605d) (ScriptedImporter) -> (Import Result ID: '4d3bb4b4668882cbaac4909af7b5ea15') in 0.0027658 seconds [static and dynamic dependencies]. Details - ImportResultOutputID=f43c8ade780c0e7cd2d1688ff2f05e20 DependenciesID=8b0edef5c9fb110f65da892298a6b394 StaticDependenciesID=c1a5d1a73731a6af53b04a9b7c9b2154 
Number of updated asset objects reloaded before import = 0Number of asset objects unloaded after import = 0

========================================================================
Received Import Request.
  Time since last request: 0.000013 seconds.
  path: Assets/Samples/XR Interaction Toolkit/3.4.1/Starter Assets/Scripts/PlatformUnderstanding.cs
  importAddress: Guid(3ce213c1f32595b4888e78a36e017d3e) Importer(2089858483,b0f066a214c2f5e87bad3c948f4d605d)
Start importing Assets/Samples/XR Interaction Toolkit/3.4.1/Starter Assets/Scripts/PlatformUnderstanding.cs using Guid(3ce213c1f32595b4888e78a36e017d3e) Importer(2089858483,b0f066a214c2f5e87bad3c948f4d605d) (ScriptedImporter) -> (Import Result ID: '186c099b967d906147c9ef04c514b468') in 0.0037265 seconds [static and dynamic dependencies]. Details - ImportResultOutputID=1a6740f3a943d0a0560e806d591a5352 DependenciesID=b189521abc75d1f94b126730e8dd789d StaticDependenciesID=446c4b5ce9d40cdd2bc9cff13712a474 
Number of updated asset objects reloaded before import = 0Number of asset objects unloaded after import = 0

========================================================================
Received Import Request.
  Time since last request: 0.000013 seconds.
  path: Assets/TutorialInfo/Scripts/Readme.cs
  importAddress: Guid(fcf7219bab7fe46a1ad266029b2fee19) Importer(2089858483,b0f066a214c2f5e87bad3c948f4d605d)
Start importing Assets/TutorialInfo/Scripts/Readme.cs using Guid(fcf7219bab7fe46a1ad266029b2fee19) Importer(2089858483,b0f066a214c2f5e87bad3c948f4d605d) (ScriptedImporter) -> (Import Result ID: 'd660223fe14a06981853f24fce7ee0f0') in 0.0038551 seconds [static and dynamic dependencies]. Details - ImportResultOutputID=840c90a22f2ce20ec452cf65b45695bf DependenciesID=b56039c3166baa0e56e2535ebf000e1e StaticDependenciesID=d0ca156a037b3a505a49455a599306ed 
Number of updated asset objects reloaded before import = 0Number of asset objects unloaded after import = 0

========================================================================
Received Import Request.
  Time since last request: 0.000016 seconds.
  path: Assets/TextMesh Pro/Resources/Fonts & Materials/LiberationSans SDF - Drop Shadow.mat
  importAddress: Guid(e73a58f6e2794ae7b1b7e50b7fb811b0) Importer(2089858483,b0f066a214c2f5e87bad3c948f4d605d)
Start importing Assets/TextMesh Pro/Resources/Fonts & Materials/LiberationSans SDF - Drop Shadow.mat using Guid(e73a58f6e2794ae7b1b7e50b7fb811b0) Importer(2089858483,b0f066a214c2f5e87bad3c948f4d605d) (ScriptedImporter) -> (Import Result ID: '9f8ef4690d6ce86f58f820deb76f4a32') in 0.0111624 seconds [static and dynamic dependencies]. Details - ImportResultOutputID=a5c2f1556796ec97e9c81472f4eda0c3 DependenciesID=6adba2e71da97ec7ca1f0f78855a8aa3 StaticDependenciesID=6ad0d3979512cff7ca5be0c6551e59c7 
Number of updated asset objects reloaded before import = 0Number of asset objects unloaded after import = 2

========================================================================
Received Import Request.
  Time since last request: 0.000026 seconds.
  path: Assets/Training table/Render/Render.png
  importAddress: Guid(3c8ec082b70ba93439ff0be770339f46) Importer(2089858483,b0f066a214c2f5e87bad3c948f4d605d)
Start importing Assets/Training table/Render/Render.png using Guid(3c8ec082b70ba93439ff0be770339f46) Importer(2089858483,b0f066a214c2f5e87bad3c948f4d605d) (ScriptedImporter) -> (Import Result ID: '4afc2142e59f5c6a01d89558643b2459') in 0.0078701 seconds [static and dynamic dependencies]. Details - ImportResultOutputID=38c2de9ed26bccd0c849fba12f13511f DependenciesID=68d7a50cf5a444cf9d6180161ca39452 StaticDependenciesID=04f7ca4292d68f4d5bc3040f28c35178 
Number of updated asset objects reloaded before import = 0Number of asset objects unloaded after import = 1

========================================================================
Received Import Request.
  Time since last request: 0.000014 seconds.
  path: Assets/TextMesh Pro/Shaders/TMP_SDF-URP Unlit.shadergraph
  importAddress: Guid(124c112a6e8f1a54e8b0870e881b56d8) Importer(2089858483,b0f066a214c2f5e87bad3c948f4d605d)
Start importing Assets/TextMesh Pro/Shaders/TMP_SDF-URP Unlit.shadergraph using Guid(124c112a6e8f1a54e8b0870e881b56d8) Importer(2089858483,b0f066a214c2f5e87bad3c948f4d605d) (ScriptedImporter) -> (Import Result ID: '9d7fe9774c77258311dacfeecc989e41') in 0.0145757 seconds [static and dynamic dependencies]. Details - ImportResultOutputID=7f24c1c4e58f222dc0c0da6ee2067885 DependenciesID=86651b27f7daa8cb57291a5e18dd37f3 StaticDependenciesID=de6a800fcf5b5ebdc1658bc6a7c4c57a 
Number of updated asset objects reloaded before import = 0Number of asset objects unloaded after import = 4

========================================================================
Received Import Request.
  Time since last request: 0.000017 seconds.
  path: Assets/Training table/LODs/lod2.fbx
  importAddress: Guid(32d5c0ead30b3664a96cdcb5f75be356) Importer(2089858483,b0f066a214c2f5e87bad3c948f4d605d)
Start importing Assets/Training table/LODs/lod2.fbx using Guid(32d5c0ead30b3664a96cdcb5f75be356) Importer(2089858483,b0f066a214c2f5e87bad3c948f4d605d) (ScriptedImporter) -> (Import Result ID: '8ef5fe2a2b049af8108103f04f43f69a') in 0.0109883 seconds [static and dynamic dependencies]. Details - ImportResultOutputID=ce2a412ff10e9f68675e5702333f0945 DependenciesID=79ab01f4cffd9814223e715a1274012b StaticDependenciesID=61e70b20fbcc5bacf39026f6eee4d82a 
Number of updated asset objects reloaded before import = 0Number of asset objects unloaded after import = 9

========================================================================
Received Import Request.
  Time since last request: 0.000013 seconds.
  path: Assets/Settings/Mobile_RPAsset.asset
  importAddress: Guid(5e6cbd92db86f4b18aec3ed561671858) Importer(2089858483,b0f066a214c2f5e87bad3c948f4d605d)
Start importing Assets/Settings/Mobile_RPAsset.asset using Guid(5e6cbd92db86f4b18aec3ed561671858) Importer(2089858483,b0f066a214c2f5e87bad3c948f4d605d) (ScriptedImporter) -> (Import Result ID: '400a12930030381d550b6ce2e1575d8f') in 0.0267815 seconds [static and dynamic dependencies]. Details - ImportResultOutputID=dff137a44f388d24fd9565becd8462c1 DependenciesID=d2d4fb1ca0eef560a9e6abcf0855cd7c StaticDependenciesID=13a6b646e37daf2c3eb16098ba0647aa 
Number of updated asset objects reloaded before import = 0Number of asset objects unloaded after import = 2

========================================================================
Received Import Request.
  Time since last request: 0.000013 seconds.
  path: Assets/TextMesh Pro/Shaders/SDFFunctions.hlsl
  importAddress: Guid(96de908384869cd409c75efa351d5edf) Importer(2089858483,b0f066a214c2f5e87bad3c948f4d605d)
Start importing Assets/TextMesh Pro/Shaders/SDFFunctions.hlsl using Guid(96de908384869cd409c75efa351d5edf) Importer(2089858483,b0f066a214c2f5e87bad3c948f4d605d) (ScriptedImporter) -> (Import Result ID: 'f17ffcea7aac7484d9fb50c2558eab16') in 0.004086 seconds [static and dynamic dependencies]. Details - ImportResultOutputID=728775a658a0583061d3400ee51e1196 DependenciesID=e5dcb9db32d410e5f4e7060e4c56954b StaticDependenciesID=a8e1d6bfd2150c859a38d309c983c995 
Number of updated asset objects reloaded before import = 0Number of asset objects unloaded after import = 1

========================================================================
Received Import Request.
  Time since last request: 0.000016 seconds.
  path: Assets/Readme.asset
  importAddress: Guid(8105016687592461f977c054a80ce2f2) Importer(2089858483,b0f066a214c2f5e87bad3c948f4d605d)
Start importing Assets/Readme.asset using Guid(8105016687592461f977c054a80ce2f2) Importer(2089858483,b0f066a214c2f5e87bad3c948f4d605d) (ScriptedImporter) -> (Import Result ID: '79a650d8fdee60bb87e4ff8270c9ce26') in 0.0068599 seconds [static and dynamic dependencies]. Details - ImportResultOutputID=0018ab27c22db2114ba04bdcfdc6915c DependenciesID=fe515efc1a4e7a7bf5e642a7b6b74f86 StaticDependenciesID=1a5b9c9e4b7970d1e943c79dcce3ba7a 
Number of updated asset objects reloaded before import = 0Number of asset objects unloaded after import = 2

========================================================================
Received Import Request.
  Time since last request: 0.000024 seconds.
  path: Assets/Samples/XR Interaction Toolkit/3.4.1/Starter Assets/AffordanceThemes/HighlightStrengthInteraction.asset
  importAddress: Guid(795305341a8dbbd46ae54e9a01d6ea95) Importer(2089858483,b0f066a214c2f5e87bad3c948f4d605d)
Start importing Assets/Samples/XR Interaction Toolkit/3.4.1/Starter Assets/AffordanceThemes/HighlightStrengthInteraction.asset using Guid(795305341a8dbbd46ae54e9a01d6ea95) Importer(2089858483,b0f066a214c2f5e87bad3c948f4d605d) (ScriptedImporter) -> (Import Result ID: '2e7db4ac8b51d270936cd01440a6359d') in 0.0042674 seconds [static and dynamic dependencies]. Details - ImportResultOutputID=4916c204eebb8af3bbcc10ffafb1b0b1 DependenciesID=e9bd85722216025d1b81451a9c10d2e3 StaticDependenciesID=ba93646b79e839b03d3950d6541cd3a2 
Number of updated asset objects reloaded before import = 0Number of asset objects unloaded after import = 1

========================================================================
Received Import Request.
  Time since last request: 0.000013 seconds.
  path: Assets/Training table/LODs/lod0.fbx
  importAddress: Guid(c5cd56fa3a1f1bd42a234ca540421881) Importer(2089858483,b0f066a214c2f5e87bad3c948f4d605d)
Start importing Assets/Training table/LODs/lod0.fbx using Guid(c5cd56fa3a1f1bd42a234ca540421881) Importer(2089858483,b0f066a214c2f5e87bad3c948f4d605d) (ScriptedImporter) -> (Import Result ID: '6e33b0657055e4361077c7b236cfd60a') in 0.011739 seconds [static and dynamic dependencies]. Details - ImportResultOutputID=24843a756a57b7482405ade8099331f3 DependenciesID=060c328d15ccf6b96ac611f9a94a66d7 StaticDependenciesID=442ae2c44940ce76eca57a23fdbbf334 
Number of updated asset objects reloaded before import = 0Number of asset objects unloaded after import = 9

========================================================================
Received Import Request.
  Time since last request: 0.000015 seconds.
  path: Assets/Samples/XR Interaction Toolkit/3.4.1/Starter Assets/TunnelingVignette/TunnelingVignette.prefab
  importAddress: Guid(6c8af5c8012f01440af6cb2bc3eb987c) Importer(2089858483,b0f066a214c2f5e87bad3c948f4d605d)
Start importing Assets/Samples/XR Interaction Toolkit/3.4.1/Starter Assets/TunnelingVignette/TunnelingVignette.prefab using Guid(6c8af5c8012f01440af6cb2bc3eb987c) Importer(2089858483,b0f066a214c2f5e87bad3c948f4d605d) (ScriptedImporter) -> (Import Result ID: '35292198e12e0203ea0fd5fc7e1d87df') in 0.0122607 seconds [static and dynamic dependencies]. Details - ImportResultOutputID=55d23e300f0901cc8d4766c57e7fb1a5 DependenciesID=ce75e1efdfff21e710a2ec809e053f62 StaticDependenciesID=bc96e43d757bc887b7a21398a0c44d13 
Number of updated asset objects reloaded before import = 0Number of asset objects unloaded after import = 10

========================================================================
Received Import Request.
  Time since last request: 0.000015 seconds.
  path: Assets/Samples/XR Interaction Toolkit/3.4.1/Starter Assets/TunnelingVignette/TunnelingVignette.shader
  importAddress: Guid(e51b4af1e50be764e8de46e07d4e3f3f) Importer(2089858483,b0f066a214c2f5e87bad3c948f4d605d)
Start importing Assets/Samples/XR Interaction Toolkit/3.4.1/Starter Assets/TunnelingVignette/TunnelingVignette.shader using Guid(e51b4af1e50be764e8de46e07d4e3f3f) Importer(2089858483,b0f066a214c2f5e87bad3c948f4d605d) (ScriptedImporter) -> (Import Result ID: '985232e727f4f1706400b4679bb0d104') in 0.00467 seconds [static and dynamic dependencies]. Details - ImportResultOutputID=16b17bdd55adb6ce6ba846cf5d21955a DependenciesID=bf71f7fd24ab7735fbb434f668551bed StaticDependenciesID=cb4d10805ce0e15bbd4054f79f1bbc40 
Number of updated asset objects reloaded before import = 0Number of asset objects unloaded after import = 1

========================================================================
Received Import Request.
  Time since last request: 0.000015 seconds.
  path: Assets/Samples/XR Interaction Toolkit/3.4.1/Starter Assets/DemoAssets/Audio/Button Pop.wav
  importAddress: Guid(16fba6d30ed741d4a9fdd6e79ee2f3ac) Importer(2089858483,b0f066a214c2f5e87bad3c948f4d605d)
Start importing Assets/Samples/XR Interaction Toolkit/3.4.1/Starter Assets/DemoAssets/Audio/Button Pop.wav using Guid(16fba6d30ed741d4a9fdd6e79ee2f3ac) Importer(2089858483,b0f066a214c2f5e87bad3c948f4d605d) (ScriptedImporter) -> (Import Result ID: 'a69b8325cf14456201fe4193d4b9b6ba') in 0.0111299 seconds [static and dynamic dependencies]. Details - ImportResultOutputID=de008d286382a8d27a1d13b1c7742f51 DependenciesID=2e1cf998099da686397096995dce625a StaticDependenciesID=42bd865293f69908078ecba53d02dbe2 
Number of updated asset objects reloaded before import = 0Number of asset objects unloaded after import = 1

========================================================================
Received Import Request.
  Time since last request: 0.000014 seconds.
  path: Assets/Samples/XR Interaction Toolkit/3.4.1/Starter Assets/Shaders/Interactable.shadergraph
  importAddress: Guid(0927d29e476ce5843b1f7d2a96943c51) Importer(2089858483,b0f066a214c2f5e87bad3c948f4d605d)
Start importing Assets/Samples/XR Interaction Toolkit/3.4.1/Starter Assets/Shaders/Interactable.shadergraph using Guid(0927d29e476ce5843b1f7d2a96943c51) Importer(2089858483,b0f066a214c2f5e87bad3c948f4d605d) (ScriptedImporter) -> (Import Result ID: 'ef0029f28ec5240f65547bed0722365d') in 0.1463934 seconds [static and dynamic dependencies]. Details - ImportResultOutputID=67dfe98001d45fba6259324b4888f32a DependenciesID=8debab1f5df40e754ebee8f91bf1b7b4 StaticDependenciesID=eb41b68eddd62bdab372eb4cffe16176 
Number of updated asset objects reloaded before import = 0Number of asset objects unloaded after import = 6

========================================================================
Received Import Request.
  Time since last request: 0.000016 seconds.
  path: Assets/Samples/XR Interaction Toolkit/3.4.1/Starter Assets/Shaders/Unlit_ShaderGraph.shadergraph
  importAddress: Guid(740445f1490c01e4b8feacf8d9ab5e7f) Importer(2089858483,b0f066a214c2f5e87bad3c948f4d605d)
Start importing Assets/Samples/XR Interaction Toolkit/3.4.1/Starter Assets/Shaders/Unlit_ShaderGraph.shadergraph using Guid(740445f1490c01e4b8feacf8d9ab5e7f) Importer(2089858483,b0f066a214c2f5e87bad3c948f4d605d) (ScriptedImporter) -> (Import Result ID: '09a71ab016491e7f5772aed3c2960f75') in 0.112268 seconds [static and dynamic dependencies]. Details - ImportResultOutputID=17c58110f1eda5877d7c9ee2ac010d14 DependenciesID=131df37822d2bf0cec4b36ce683b7508 StaticDependenciesID=92dae7ec94880ab14fcd81c73b352ff9 
Number of updated asset objects reloaded before import = 0Number of asset objects unloaded after import = 6

========================================================================
Received Import Request.
  Time since last request: 0.000028 seconds.
  path: Assets/Samples/XR Interaction Toolkit/3.4.1/Starter Assets/TunnelingVignette/TunnelingVignette.mat
  importAddress: Guid(0a35b7e20f75a8540a2c14b9555078cb) Importer(2089858483,b0f066a214c2f5e87bad3c948f4d605d)
Start importing Assets/Samples/XR Interaction Toolkit/3.4.1/Starter Assets/TunnelingVignette/TunnelingVignette.mat using Guid(0a35b7e20f75a8540a2c14b9555078cb) Importer(2089858483,b0f066a214c2f5e87bad3c948f4d605d) (ScriptedImporter) -> (Import Result ID: '1c902bdb1bbed57dd7f342712c6f8a80') in 0.0040728 seconds [static and dynamic dependencies]. Details - ImportResultOutputID=cf9d4e9f1600f34f4bc8907362e6e7d0 DependenciesID=ba2fc66eb97ab252feb340aae637fea3 StaticDependenciesID=6536d18a874d605ba2ce8fa5fe6d2c04 
Number of updated asset objects reloaded before import = 0Number of asset objects unloaded after import = 1

========================================================================
Received Import Request.
  Time since last request: 0.000013 seconds.
  path: Assets/Samples/XR Interaction Toolkit/3.4.1/Starter Assets/TunnelingVignette/TunnelingVignetteHemisphere.fbx
  importAddress: Guid(5833e680dc0f7ae47aec6b4286570484) Importer(2089858483,b0f066a214c2f5e87bad3c948f4d605d)
Start importing Assets/Samples/XR Interaction Toolkit/3.4.1/Starter Assets/TunnelingVignette/TunnelingVignetteHemisphere.fbx using Guid(5833e680dc0f7ae47aec6b4286570484) Importer(2089858483,b0f066a214c2f5e87bad3c948f4d605d) (ScriptedImporter) -> (Import Result ID: 'f3e02ab1fe10c7f43a38386fae443833') in 0.0098173 seconds [static and dynamic dependencies]. Details - ImportResultOutputID=fa97e784097c93636a7137ad4cf603a0 DependenciesID=fdce2096e1dc0d0e08606dcfb221e27b StaticDependenciesID=025aba08c5e7b73b15d0add8c93105f8 
Number of updated asset objects reloaded before import = 0Number of asset objects unloaded after import = 7

========================================================================
Received Import Request.
  Time since last request: 0.000013 seconds.
  path: Assets/Samples/XR Interaction Toolkit/3.4.1/Starter Assets/DemoAssets/Models/Primitive_Blaster_Long.fbx
  importAddress: Guid(e51d3dbfe79e4c646bb30424a11f23a0) Importer(2089858483,b0f066a214c2f5e87bad3c948f4d605d)
Start importing Assets/Samples/XR Interaction Toolkit/3.4.1/Starter Assets/DemoAssets/Models/Primitive_Blaster_Long.fbx using Guid(e51d3dbfe79e4c646bb30424a11f23a0) Importer(2089858483,b0f066a214c2f5e87bad3c948f4d605d) (ScriptedImporter) -> (Import Result ID: '25ce9bad204153c45c8e2667dc859b75') in 0.0099765 seconds [static and dynamic dependencies]. Details - ImportResultOutputID=3da1e9d3916b6d580b7606fa4769270d DependenciesID=de3324bd6afe850c81cf19f47938a2e5 StaticDependenciesID=71e27623a850e974786f086fedd25f86 
Number of updated asset objects reloaded before import = 0Number of asset objects unloaded after import = 9

========================================================================
Received Import Request.
  Time since last request: 0.000015 seconds.
  path: Assets/Samples/XR Interaction Toolkit/3.4.1/Starter Assets/DemoAssets/Materials/Lit White.mat
  importAddress: Guid(fc226930e8fad4c499969204cecfbc05) Importer(2089858483,b0f066a214c2f5e87bad3c948f4d605d)
Start importing Assets/Samples/XR Interaction Toolkit/3.4.1/Starter Assets/DemoAssets/Materials/Lit White.mat using Guid(fc226930e8fad4c499969204cecfbc05) Importer(2089858483,b0f066a214c2f5e87bad3c948f4d605d) (ScriptedImporter) -> (Import Result ID: '81ecf1129bc39e9aa9d41c78d761f56f') in 0.0048691 seconds [static and dynamic dependencies]. Details - ImportResultOutputID=77c368942a0365f294aea2fa50f52fbd DependenciesID=5bc0f3fbc1818625d2974d63075698aa StaticDependenciesID=fafe7ae045f18225863418b4aadd404b 
Number of updated asset objects reloaded before import = 0Number of asset objects unloaded after import = 2

========================================================================
Received Import Request.
  Time since last request: 0.000014 seconds.
  path: Assets/Samples/XR Interaction Toolkit/3.4.1/Starter Assets/DemoAssets/Materials/Concrete Light Blue.mat
  importAddress: Guid(830d28b607e09a2479e2005c2eb5c75e) Importer(2089858483,b0f066a214c2f5e87bad3c948f4d605d)
Start importing Assets/Samples/XR Interaction Toolkit/3.4.1/Starter Assets/DemoAssets/Materials/Concrete Light Blue.mat using Guid(830d28b607e09a2479e2005c2eb5c75e) Importer(2089858483,b0f066a214c2f5e87bad3c948f4d605d) (ScriptedImporter) -> (Import Result ID: '49541a0e93705ce3b248cf4d7ba28fb7') in 0.0105987 seconds [static and dynamic dependencies]. Details - ImportResultOutputID=dd2bbd4f637d39a928a344f96b7435ff DependenciesID=62293b4f99f5e749d5c5136d4d9d2bd0 StaticDependenciesID=48e16650a6c4faf73aa48b2f41ece9b9 
Number of updated asset objects reloaded before import = 0Number of asset objects unloaded after import = 3

========================================================================
Received Import Request.
  Time since last request: 0.000016 seconds.
  path: Assets/Training table/Render/Render_200_x_124.png
  importAddress: Guid(5eb34c399f6e4ac4183e6aaa104f4dc7) Importer(2089858483,b0f066a214c2f5e87bad3c948f4d605d)
Start importing Assets/Training table/Render/Render_200_x_124.png using Guid(5eb34c399f6e4ac4183e6aaa104f4dc7) Importer(2089858483,b0f066a214c2f5e87bad3c948f4d605d) (ScriptedImporter) -> (Import Result ID: '60215b2f329938ecb9b24c7662047b01') in 0.0066211 seconds [static and dynamic dependencies]. Details - ImportResultOutputID=ed1d645c72ae45d949b14e624f066afe DependenciesID=ac55df2def21c7ff5828a125d70e16c1 StaticDependenciesID=7dbc971ad2aa6b7d7031732287aa12f7 
Number of updated asset objects reloaded before import = 0Number of asset objects unloaded after import = 1

========================================================================
Received Import Request.
  Time since last request: 0.000016 seconds.
  path: Assets/Samples/XR Interaction Toolkit/3.4.1/Starter Assets/Models/Pinch_Pointer_LOD0.fbx
  importAddress: Guid(e053b8fbc416ba349b4a58a26410bba2) Importer(2089858483,b0f066a214c2f5e87bad3c948f4d605d)
Start importing Assets/Samples/XR Interaction Toolkit/3.4.1/Starter Assets/Models/Pinch_Pointer_LOD0.fbx using Guid(e053b8fbc416ba349b4a58a26410bba2) Importer(2089858483,b0f066a214c2f5e87bad3c948f4d605d) (ScriptedImporter) -> (Import Result ID: '1d354c335874798dcd2959850dd1e9cc') in 0.0128065 seconds [static and dynamic dependencies]. Details - ImportResultOutputID=5e276c79bd63599811832383c1fc4e08 DependenciesID=3492931a4838ac41bfa89da0fb00c9fd StaticDependenciesID=4a28d9bacd4ac4ebb34f0ae0ac742f0d 
Number of updated asset objects reloaded before import = 0Number of asset objects unloaded after import = 6

========================================================================
Received Import Request.
  Time since last request: 0.000027 seconds.
  path: Assets/Training table/Render/Render_516_x_389.png
  importAddress: Guid(e337bd52eb4f57546a2874890ce77e62) Importer(2089858483,b0f066a214c2f5e87bad3c948f4d605d)
Start importing Assets/Training table/Render/Render_516_x_389.png using Guid(e337bd52eb4f57546a2874890ce77e62) Importer(2089858483,b0f066a214c2f5e87bad3c948f4d605d) (ScriptedImporter) -> (Import Result ID: '0a443775e622cef69dd059c75f203a3f') in 0.0073715 seconds [static and dynamic dependencies]. Details - ImportResultOutputID=41338c156c7fb14aee5577bed1e4bf03 DependenciesID=89e93d8679bcca7d4408e7ced4d7c915 StaticDependenciesID=03264caeb634fe1abc485490fa169e00 
Number of updated asset objects reloaded before import = 0Number of asset objects unloaded after import = 1

========================================================================
Received Import Request.
  Time since last request: 0.000013 seconds.
  path: Assets/Samples/XR Interaction Toolkit/3.4.1/Starter Assets/Scripts/ObjectSpawner.cs
  importAddress: Guid(956dd6cf70eaca449a45b6a95b96c8c1) Importer(2089858483,b0f066a214c2f5e87bad3c948f4d605d)
Start importing Assets/Samples/XR Interaction Toolkit/3.4.1/Starter Assets/Scripts/ObjectSpawner.cs using Guid(956dd6cf70eaca449a45b6a95b96c8c1) Importer(2089858483,b0f066a214c2f5e87bad3c948f4d605d) (ScriptedImporter) -> (Import Result ID: '6233decf484adb1a310cb0a5412fee56') in 0.0033892 seconds [static and dynamic dependencies]. Details - ImportResultOutputID=930f8a4d88f308ab635cd537aba6c928 DependenciesID=69b719ab06c73c4b9b8f083e4570cfdb StaticDependenciesID=41b834acd4cc930077abccd717295c73 
Number of updated asset objects reloaded before import = 0Number of asset objects unloaded after import = 0

========================================================================
Received Import Request.
  Time since last request: 0.000014 seconds.
  path: Assets/Settings/DefaultVolumeProfile.asset
  importAddress: Guid(ab09877e2e707104187f6f83e2f62510) Importer(2089858483,b0f066a214c2f5e87bad3c948f4d605d)
Start importing Assets/Settings/DefaultVolumeProfile.asset using Guid(ab09877e2e707104187f6f83e2f62510) Importer(2089858483,b0f066a214c2f5e87bad3c948f4d605d) (ScriptedImporter) -> (Import Result ID: 'd817da55f0f780249466f31af73a0fce') in 0.0036634 seconds [static and dynamic dependencies]. Details - ImportResultOutputID=a4cb4795f29835e2aa428a09a01aefce DependenciesID=9402d924bc0521204abe577c671ce43c StaticDependenciesID=45971eea0e455369d801d07519df3013 
Number of updated asset objects reloaded before import = 0Number of asset objects unloaded after import = 0

========================================================================
Received Import Request.
  Time since last request: 0.000015 seconds.
  path: Assets/Samples/XR Interaction Toolkit/3.4.1/Starter Assets/Scripts/ControllerAnimator.cs
  importAddress: Guid(4a5f76f9ea8c80547973ab01877f9567) Importer(2089858483,b0f066a214c2f5e87bad3c948f4d605d)
Start importing Assets/Samples/XR Interaction Toolkit/3.4.1/Starter Assets/Scripts/ControllerAnimator.cs using Guid(4a5f76f9ea8c80547973ab01877f9567) Importer(2089858483,b0f066a214c2f5e87bad3c948f4d605d) (ScriptedImporter) -> (Import Result ID: '0716fe7f65d8d4e2e58d2d8c2ca3cead') in 0.0033205 seconds [static and dynamic dependencies]. Details - ImportResultOutputID=68f78cdab46fe804cd01e965f43c68bd DependenciesID=91db7771b2b1f86d48d940b3ecae3d2a StaticDependenciesID=c292c047137086d5b88aacdbc2aebd62 
Number of updated asset objects reloaded before import = 0Number of asset objects unloaded after import = 0

========================================================================
Received Import Request.
  Time since last request: 0.000015 seconds.
  path: Assets/Training table/Textures/Table_low_DefaultMaterial_AlbedoTransparency.png
  importAddress: Guid(a45cc1f04a47cde4393f7ec0586fdfea) Importer(2089858483,b0f066a214c2f5e87bad3c948f4d605d)
Start importing Assets/Training table/Textures/Table_low_DefaultMaterial_AlbedoTransparency.png using Guid(a45cc1f04a47cde4393f7ec0586fdfea) Importer(2089858483,b0f066a214c2f5e87bad3c948f4d605d) (ScriptedImporter) -> (Import Result ID: 'ab787213f8c56d09c731a52a483646b8') in 0.0089457 seconds [static and dynamic dependencies]. Details - ImportResultOutputID=dc6b7748e468f15b19de5d2cd296c560 DependenciesID=c7e6eefc32e21c749b26b07ebc4c2984 StaticDependenciesID=84d0580ee3dc65218e9d830e9d24848b 
Number of updated asset objects reloaded before import = 0Number of asset objects unloaded after import = 1

========================================================================
Received Import Request.
  Time since last request: 0.000014 seconds.
  path: Assets/TextMesh Pro/Resources/Fonts & Materials/LiberationSans SDF.asset
  importAddress: Guid(8f586378b4e144a9851e7b34d9b748ee) Importer(2089858483,b0f066a214c2f5e87bad3c948f4d605d)
Start importing Assets/TextMesh Pro/Resources/Fonts & Materials/LiberationSans SDF.asset using Guid(8f586378b4e144a9851e7b34d9b748ee) Importer(2089858483,b0f066a214c2f5e87bad3c948f4d605d) (ScriptedImporter) -> (Import Result ID: '890947f2a19115b6794cf92791819e7f') in 0.0286534 seconds [static and dynamic dependencies]. Details - ImportResultOutputID=c3befcb88a6715a15b4f85869ec97c2c DependenciesID=4260cd2ca31151f4a7dbd58c74d0662d StaticDependenciesID=03196394252164c49573b2b088ad3c30 
Number of updated asset objects reloaded before import = 0Number of asset objects unloaded after import = 8

========================================================================
Received Import Request.
  Time since last request: 0.000018 seconds.
  path: Assets/Samples/XR Interaction Toolkit/3.4.1/Starter Assets/Materials/FresnelHighlight.mat
  importAddress: Guid(f5ccd52dc494e054fbe7d7161dcabe25) Importer(2089858483,b0f066a214c2f5e87bad3c948f4d605d)
Start importing Assets/Samples/XR Interaction Toolkit/3.4.1/Starter Assets/Materials/FresnelHighlight.mat using Guid(f5ccd52dc494e054fbe7d7161dcabe25) Importer(2089858483,b0f066a214c2f5e87bad3c948f4d605d) (ScriptedImporter) -> (Import Result ID: 'e5a2bbbefd7c3a2c62b045172da2a998') in 0.1150052 seconds [static and dynamic dependencies]. Details - ImportResultOutputID=7fb94ea6bf328a0af3e03d46d30a56a2 DependenciesID=b2e3386d51e815ca9a47a106f2e92d66 StaticDependenciesID=fef5d2550e70b4d1f76d476b2444550b 
Number of updated asset objects reloaded before import = 0Number of asset objects unloaded after import = 7

========================================================================
Received Import Request.
  Time since last request: 0.000024 seconds.
  path: Assets/Samples/XR Interaction Toolkit/3.4.1/Starter Assets/DemoAssets/Prefabs/Poke Interactions Sample.prefab
  importAddress: Guid(88246f8e9c3765d49be8da34eca3c630) Importer(2089858483,b0f066a214c2f5e87bad3c948f4d605d)
Start importing Assets/Samples/XR Interaction Toolkit/3.4.1/Starter Assets/DemoAssets/Prefabs/Poke Interactions Sample.prefab using Guid(88246f8e9c3765d49be8da34eca3c630) Importer(2089858483,b0f066a214c2f5e87bad3c948f4d605d) (ScriptedImporter) -> (Import Result ID: '5ec5b7b9d1104a4a53f121c7a3bb5e4e') in 0.0443539 seconds [static and dynamic dependencies]. Details - ImportResultOutputID=df76c72aec42fb1b5a103d74ffbb5eed DependenciesID=e6c5bda49c911a3af4bd232b7d6ade10 StaticDependenciesID=43459c7b9af1075dea16a114e3f0be1e 
Number of updated asset objects reloaded before import = 0Number of asset objects unloaded after import = 116

========================================================================
Received Import Request.
  Time since last request: 0.000015 seconds.
  path: Assets/Samples/XR Interaction Toolkit/3.4.1/Starter Assets/DemoAssets/Models/PushButton.fbx
  importAddress: Guid(7ab6f3b0fd1a6ba41b2a47766c16613f) Importer(2089858483,b0f066a214c2f5e87bad3c948f4d605d)
Start importing Assets/Samples/XR Interaction Toolkit/3.4.1/Starter Assets/DemoAssets/Models/PushButton.fbx using Guid(7ab6f3b0fd1a6ba41b2a47766c16613f) Importer(2089858483,b0f066a214c2f5e87bad3c948f4d605d) (ScriptedImporter) -> (Import Result ID: 'c6abfc106e74e03393b629ae0b9748ef') in 0.0079694 seconds [static and dynamic dependencies]. Details - ImportResultOutputID=81cd9dcb19fe9461a1ed00ec56e24a27 DependenciesID=ce27b4e76b13fc19afd2b915a596ecfc StaticDependenciesID=3b6e03648a8a4d82d15c8abe73a5d638 
Number of updated asset objects reloaded before import = 0Number of asset objects unloaded after import = 18

========================================================================
Received Import Request.
  Time since last request: 0.000013 seconds.
  path: Assets/Samples/XR Interaction Toolkit/3.4.1/Starter Assets/DemoAssets/Prefabs/InteractionAffordance.prefab
  importAddress: Guid(eb9104ef66b7305468adb3697fdeed5e) Importer(2089858483,b0f066a214c2f5e87bad3c948f4d605d)
Start importing Assets/Samples/XR Interaction Toolkit/3.4.1/Starter Assets/DemoAssets/Prefabs/InteractionAffordance.prefab using Guid(eb9104ef66b7305468adb3697fdeed5e) Importer(2089858483,b0f066a214c2f5e87bad3c948f4d605d) (ScriptedImporter) -> (Import Result ID: 'a107b9d7cf9767e5e55e312b45f69477') in 0.0115055 seconds [static and dynamic dependencies]. Details - ImportResultOutputID=f8e178667363a118e4961a132c132fad DependenciesID=a78a95a49063f96746851bb6367e210a StaticDependenciesID=22600c937d034022edaf8b0b5690f9b0 
Number of updated asset objects reloaded before import = 0Number of asset objects unloaded after import = 10

========================================================================
Received Import Request.
  Time since last request: 0.000014 seconds.
  path: Assets/Samples/XR Interaction Toolkit/3.4.1/Starter Assets/DemoAssets/Models/Primitive_Torus_Cut.fbx
  importAddress: Guid(46c1c422ff6897f49a404b012dc924d3) Importer(2089858483,b0f066a214c2f5e87bad3c948f4d605d)
Start importing Assets/Samples/XR Interaction Toolkit/3.4.1/Starter Assets/DemoAssets/Models/Primitive_Torus_Cut.fbx using Guid(46c1c422ff6897f49a404b012dc924d3) Importer(2089858483,b0f066a214c2f5e87bad3c948f4d605d) (ScriptedImporter) -> (Import Result ID: '0c7890ca65fdcf180036ddfd03cc5eb0') in 0.0092196 seconds [static and dynamic dependencies]. Details - ImportResultOutputID=7e440c5dcaefe9c0c425514407980d65 DependenciesID=5a84b76c2c58885a629326893ac5e61b StaticDependenciesID=a76515364a102807951b860761d65305 
Number of updated asset objects reloaded before import = 0Number of asset objects unloaded after import = 9

========================================================================
Received Import Request.
  Time since last request: 0.000014 seconds.
  path: Assets/Samples/XR Interaction Toolkit/3.4.1/Starter Assets/DemoAssets/Models/Primitive_Torus.fbx
  importAddress: Guid(f077c919501a44778a0c2edb6eb1a54a) Importer(2089858483,b0f066a214c2f5e87bad3c948f4d605d)
Start importing Assets/Samples/XR Interaction Toolkit/3.4.1/Starter Assets/DemoAssets/Models/Primitive_Torus.fbx using Guid(f077c919501a44778a0c2edb6eb1a54a) Importer(2089858483,b0f066a214c2f5e87bad3c948f4d605d) (ScriptedImporter) -> (Import Result ID: '166e7c3330f2a68c6f1cfd91754e78fc') in 0.0093105 seconds [static and dynamic dependencies]. Details - ImportResultOutputID=9383d713409ca69e82c4952143a2a975 DependenciesID=e93ec74bdcea655245903d9a8ca9b779 StaticDependenciesID=13b2f679883e14307443875d2d887a27 
Number of updated asset objects reloaded before import = 0Number of asset objects unloaded after import = 9

========================================================================
Received Import Request.
  Time since last request: 0.000017 seconds.
  path: Assets/Samples/XR Interaction Toolkit/3.4.1/Starter Assets/DemoAssets/Models/Primitive_Pyramid.fbx
  importAddress: Guid(63e02ddb08ce42da868504e1333d48ae) Importer(2089858483,b0f066a214c2f5e87bad3c948f4d605d)
Start importing Assets/Samples/XR Interaction Toolkit/3.4.1/Starter Assets/DemoAssets/Models/Primitive_Pyramid.fbx using Guid(63e02ddb08ce42da868504e1333d48ae) Importer(2089858483,b0f066a214c2f5e87bad3c948f4d605d) (ScriptedImporter) -> (Import Result ID: '6c3f203931ab1041d5af33b5db830b1d') in 0.0097712 seconds [static and dynamic dependencies]. Details - ImportResultOutputID=8275e31c3aab38bb963802511938fbf7 DependenciesID=62d1199a4559b716555dc9105e421734 StaticDependenciesID=f0e8dafa545e4fe4c4302dfab1fd2dbd 
Number of updated asset objects reloaded before import = 0Number of asset objects unloaded after import = 9

========================================================================
Received Import Request.
  Time since last request: 0.000028 seconds.
  path: Assets/Samples/XR Interaction Toolkit/3.4.1/Starter Assets/DemoAssets/Models/Primitive_Tapered_Cylinder.fbx
  importAddress: Guid(e3493855a112e8248a2ea2c9828a51a1) Importer(2089858483,b0f066a214c2f5e87bad3c948f4d605d)
Start importing Assets/Samples/XR Interaction Toolkit/3.4.1/Starter Assets/DemoAssets/Models/Primitive_Tapered_Cylinder.fbx using Guid(e3493855a112e8248a2ea2c9828a51a1) Importer(2089858483,b0f066a214c2f5e87bad3c948f4d605d) (ScriptedImporter) -> (Import Result ID: '43d5094e89ba5124d031d7f5638baa90') in 0.0089692 seconds [static and dynamic dependencies]. Details - ImportResultOutputID=c2ed7268725f9dab82a52a3cfeb2b5b6 DependenciesID=19947a13f0739a34f9aaeb694aad09ad StaticDependenciesID=67e2f374035a474f1d9089bfeb0cb005 
Number of updated asset objects reloaded before import = 0Number of asset objects unloaded after import = 9

========================================================================
Received Import Request.
  Time since last request: 0.000015 seconds.
  path: Assets/Samples/XR Interaction Toolkit/3.4.1/Starter Assets/Presets/XRI Default Left Controller InputActionManager.preset
  importAddress: Guid(c3d4ecc12d5e0f14c93fd734af32ab63) Importer(2089858483,b0f066a214c2f5e87bad3c948f4d605d)
Start importing Assets/Samples/XR Interaction Toolkit/3.4.1/Starter Assets/Presets/XRI Default Left Controller InputActionManager.preset using Guid(c3d4ecc12d5e0f14c93fd734af32ab63) Importer(2089858483,b0f066a214c2f5e87bad3c948f4d605d) (ScriptedImporter) -> (Import Result ID: '23d0de7f4a4e4e7b3a105e5c532ebcd2') in 0.0061018 seconds [static and dynamic dependencies]. Details - ImportResultOutputID=6222a58cae4daad88539dc5e5dc3f338 DependenciesID=2a761e7155986a2936c52b14e03bc48e StaticDependenciesID=18a0e1ca5d26dcdeb39aec676b176d79 
Number of updated asset objects reloaded before import = 0Number of asset objects unloaded after import = 8

========================================================================
Received Import Request.
  Time since last request: 0.000014 seconds.
  path: Assets/Samples/XR Interaction Toolkit/3.4.1/Starter Assets/DemoAssets/Materials/MaterialPipelineHandler.asset
  importAddress: Guid(fcbe69f7b69204d43b67d30e2487c37c) Importer(2089858483,b0f066a214c2f5e87bad3c948f4d605d)
Start importing Assets/Samples/XR Interaction Toolkit/3.4.1/Starter Assets/DemoAssets/Materials/MaterialPipelineHandler.asset using Guid(fcbe69f7b69204d43b67d30e2487c37c) Importer(2089858483,b0f066a214c2f5e87bad3c948f4d605d) (ScriptedImporter) -> (Import Result ID: '1da65f72c4411723bd93b92815b2b3e5') in 0.0058004 seconds [static and dynamic dependencies]. Details - ImportResultOutputID=8f15a53ff25f4580d9862667e0573ba5 DependenciesID=0b57114c9e6c405361d5a19d7674ae85 StaticDependenciesID=48b83499fd8fb1ad9b8844f6ad4f8476 
Number of updated asset objects reloaded before import = 0Number of asset objects unloaded after import = 5

========================================================================
Received Import Request.
  Time since last request: 0.000017 seconds.
  path: Assets/Training table/Render/screenshot009.png
  importAddress: Guid(25f482fd8d11ac44ca798c49654daf06) Importer(2089858483,b0f066a214c2f5e87bad3c948f4d605d)
Start importing Assets/Training table/Render/screenshot009.png using Guid(25f482fd8d11ac44ca798c49654daf06) Importer(2089858483,b0f066a214c2f5e87bad3c948f4d605d) (ScriptedImporter) -> (Import Result ID: 'ca99635a2dfcfcb09ea1ae5030f480df') in 0.0085486 seconds [static and dynamic dependencies]. Details - ImportResultOutputID=f86c5beb51a7270c6fa48a3b5f7bae1c DependenciesID=fe45e95f8d7147a3375a77b6cf939962 StaticDependenciesID=5e8780e50cfeb57690aa0e78515b118c 
Number of updated asset objects reloaded before import = 0Number of asset objects unloaded after import = 1

========================================================================
Received Import Request.
  Time since last request: 0.000015 seconds.
  path: Assets/TextMesh Pro/Fonts/LiberationSans - OFL.txt
  importAddress: Guid(6e59c59b81ab47f9b6ec5781fa725d2c) Importer(2089858483,b0f066a214c2f5e87bad3c948f4d605d)
Start importing Assets/TextMesh Pro/Fonts/LiberationSans - OFL.txt using Guid(6e59c59b81ab47f9b6ec5781fa725d2c) Importer(2089858483,b0f066a214c2f5e87bad3c948f4d605d) (ScriptedImporter) -> (Import Result ID: '33ec969cc830f31c88602b33e333ce8a') in 0.0043507 seconds [static and dynamic dependencies]. Details - ImportResultOutputID=d1e011cb9475c1239b5c13537bc04d3c DependenciesID=e7e0d5dcff99f4622da03a5e62bbf4be StaticDependenciesID=3fcaa1bd93857266124d16b183464309 
Number of updated asset objects reloaded before import = 0Number of asset objects unloaded after import = 1

========================================================================
Received Import Request.
  Time since last request: 0.000014 seconds.
  path: Assets/Samples/XR Interaction Toolkit/3.4.1/Starter Assets/DemoAssets/Settings/GazeTeleportAnchorFilter.asset
  importAddress: Guid(14af1242b4be8e2458dd5bee35c06ae5) Importer(2089858483,b0f066a214c2f5e87bad3c948f4d605d)
Start importing Assets/Samples/XR Interaction Toolkit/3.4.1/Starter Assets/DemoAssets/Settings/GazeTeleportAnchorFilter.asset using Guid(14af1242b4be8e2458dd5bee35c06ae5) Importer(2089858483,b0f066a214c2f5e87bad3c948f4d605d) (ScriptedImporter) -> (Import Result ID: 'd2dd0edb06bf521e33ae22c7deace8fb') in 0.0044368 seconds [static and dynamic dependencies]. Details - ImportResultOutputID=d8b454495a94b38f68e63fb3e357898f DependenciesID=8d0f1335a0b9915d4da5a045d6991680 StaticDependenciesID=8dec7b043a3c7bc1af4d15e04d768047 
Number of updated asset objects reloaded before import = 0Number of asset objects unloaded after import = 1

========================================================================
Received Import Request.
  Time since last request: 0.000015 seconds.
  path: Assets/Samples/XR Interaction Toolkit/3.4.1/Starter Assets/DemoAssets/Prefabs/UI Sample.prefab
  importAddress: Guid(fd28f23af44f73f4a95e33435872ad15) Importer(2089858483,b0f066a214c2f5e87bad3c948f4d605d)
Start importing Assets/Samples/XR Interaction Toolkit/3.4.1/Starter Assets/DemoAssets/Prefabs/UI Sample.prefab using Guid(fd28f23af44f73f4a95e33435872ad15) Importer(2089858483,b0f066a214c2f5e87bad3c948f4d605d) (ScriptedImporter) -> (Import Result ID: 'b2b5fc5221d6827b8e891e5f6b910029') in 0.0347523 seconds [static and dynamic dependencies]. Details - ImportResultOutputID=de9df2f312d3d56e2569e334ab13d156 DependenciesID=5824b7c9621c173dea9ed40de0d3b6b4 StaticDependenciesID=c17a9e3ad09889ddc77b1f55cbf388ad 
Number of updated asset objects reloaded before import = 0Number of asset objects unloaded after import = 317

========================================================================
Received Import Request.
  Time since last request: 0.000026 seconds.
  path: Assets/Training table/Render/screenshot002.png
  importAddress: Guid(6ae109d745805634da3d582e0d4985c7) Importer(2089858483,b0f066a214c2f5e87bad3c948f4d605d)
Start importing Assets/Training table/Render/screenshot002.png using Guid(6ae109d745805634da3d582e0d4985c7) Importer(2089858483,b0f066a214c2f5e87bad3c948f4d605d) (ScriptedImporter) -> (Import Result ID: '7e3b3868612d12c5d888e392c2ae2581') in 0.0082188 seconds [static and dynamic dependencies]. Details - ImportResultOutputID=3f8eee81f6025dc82b0db4973402c222 DependenciesID=b65842cdad98e1e4b7b4f8a598b2b93d StaticDependenciesID=c71f59e2088f63e397e08e714e793beb 
Number of updated asset objects reloaded before import = 0Number of asset objects unloaded after import = 1

========================================================================
Received Import Request.
  Time since last request: 0.000013 seconds.
  path: Assets/TextMesh Pro/Shaders/TMP_SDF-Mobile Masking.shader
  importAddress: Guid(bc1ede39bf3643ee8e493720e4259791) Importer(2089858483,b0f066a214c2f5e87bad3c948f4d605d)
Start importing Assets/TextMesh Pro/Shaders/TMP_SDF-Mobile Masking.shader using Guid(bc1ede39bf3643ee8e493720e4259791) Importer(2089858483,b0f066a214c2f5e87bad3c948f4d605d) (ScriptedImporter) -> (Import Result ID: '35bced0fc511e822bd672963c6c3c1fa') in 0.0053104 seconds [static and dynamic dependencies]. Details - ImportResultOutputID=36eb6f5caa6ac451bc95d2d36f1677db DependenciesID=7ac9dcae3b320df56fd9767346229ae2 StaticDependenciesID=4cb826bf9ec8f511dffb4438fc2dbb4b 
Number of updated asset objects reloaded before import = 0Number of asset objects unloaded after import = 1

========================================================================
Received Import Request.
  Time since last request: 0.000017 seconds.
  path: Assets/Settings/PC_Renderer.asset
  importAddress: Guid(f288ae1f4751b564a96ac7587541f7a2) Importer(2089858483,b0f066a214c2f5e87bad3c948f4d605d)
Start importing Assets/Settings/PC_Renderer.asset using Guid(f288ae1f4751b564a96ac7587541f7a2) Importer(2089858483,b0f066a214c2f5e87bad3c948f4d605d) (ScriptedImporter) -> (Import Result ID: '289e5a836868eb5958cee56f739195b0') in 0.0187273 seconds [static and dynamic dependencies]. Details - ImportResultOutputID=1c3754a25639fec6ffee5e67f33d318e DependenciesID=328e6c8996c690198ddd81808034231a StaticDependenciesID=800f54a1895bf0f2aa1bb0ef00a7c525 
Number of updated asset objects reloaded before import = 0Number of asset objects unloaded after import = 1

========================================================================
Received Import Request.
  Time since last request: 0.000014 seconds.
  path: Assets/Samples/XR Interaction Toolkit/3.4.1/Starter Assets/Scripts/TeleportVolumeAnchorAffordanceStateLink.cs
  importAddress: Guid(7da98a0edd844d83b9b4de3f91de030c) Importer(2089858483,b0f066a214c2f5e87bad3c948f4d605d)
Start importing Assets/Samples/XR Interaction Toolkit/3.4.1/Starter Assets/Scripts/TeleportVolumeAnchorAffordanceStateLink.cs using Guid(7da98a0edd844d83b9b4de3f91de030c) Importer(2089858483,b0f066a214c2f5e87bad3c948f4d605d) (ScriptedImporter) -> (Import Result ID: '64a105fb219958e5325de4ad1b5f411f') in 0.0027107 seconds [static and dynamic dependencies]. Details - ImportResultOutputID=83618507c13f76cbb616c757a3db43bc DependenciesID=c229b21b0158714aba048bf2930a5d25 StaticDependenciesID=9e035ac30c4e4c76a8a7fe27979e8982 
Number of updated asset objects reloaded before import = 0Number of asset objects unloaded after import = 0

========================================================================
Received Import Request.
  Time since last request: 0.000015 seconds.
  path: Assets/Samples/XR Interaction Toolkit/3.4.1/Starter Assets/AffordanceThemes/ControllerPokeSphereScale.asset
  importAddress: Guid(fd784a23f6ef7774a8998adf6e979d04) Importer(2089858483,b0f066a214c2f5e87bad3c948f4d605d)
Start importing Assets/Samples/XR Interaction Toolkit/3.4.1/Starter Assets/AffordanceThemes/ControllerPokeSphereScale.asset using Guid(fd784a23f6ef7774a8998adf6e979d04) Importer(2089858483,b0f066a214c2f5e87bad3c948f4d605d) (ScriptedImporter) -> (Import Result ID: 'b01434a92428e5fdf535d72321addd4c') in 0.0042714 seconds [static and dynamic dependencies]. Details - ImportResultOutputID=f6321c864d67876e3af13834cbe9b92b DependenciesID=bfaf14ca5087e576d598e1137c2238ce StaticDependenciesID=dccdc875eddd934593d4a03edee9a8d9 
Number of updated asset objects reloaded before import = 0Number of asset objects unloaded after import = 1

========================================================================
Received Import Request.
  Time since last request: 0.000014 seconds.
  path: Assets/TextMesh Pro/Shaders/TMP_SDF-Mobile SSD.shader
  importAddress: Guid(c8d12adcee749c344b8117cf7c7eb912) Importer(2089858483,b0f066a214c2f5e87bad3c948f4d605d)
Start importing Assets/TextMesh Pro/Shaders/TMP_SDF-Mobile SSD.shader using Guid(c8d12adcee749c344b8117cf7c7eb912) Importer(2089858483,b0f066a214c2f5e87bad3c948f4d605d) (ScriptedImporter) -> (Import Result ID: '8e07eb2d32b15b321a54a9b758da9345') in 0.0041499 seconds [static and dynamic dependencies]. Details - ImportResultOutputID=4d48e8013e41558794a2af477e7c9b38 DependenciesID=4bbb8d93000b14b1999f7f87c2096cc2 StaticDependenciesID=fd6fbae28baafc967c0711bf47f39b43 
Number of updated asset objects reloaded before import = 0Number of asset objects unloaded after import = 1

========================================================================
Received Import Request.
  Time since last request: 0.000018 seconds.
  path: Assets/Training table/Render/screenshot005.png
  importAddress: Guid(0be217763e6c05546ab6dd49d2eed9eb) Importer(2089858483,b0f066a214c2f5e87bad3c948f4d605d)
Start importing Assets/Training table/Render/screenshot005.png using Guid(0be217763e6c05546ab6dd49d2eed9eb) Importer(2089858483,b0f066a214c2f5e87bad3c948f4d605d) (ScriptedImporter) -> (Import Result ID: 'ed91791f3042e00b00eb8bebde8ea73b') in 0.0083096 seconds [static and dynamic dependencies]. Details - ImportResultOutputID=f3fbc1ee96c6b8591002e4468b6cc4a3 DependenciesID=2465a04c23e2a79cbbfc511e6fc96368 StaticDependenciesID=ad2d9cfe71f2655b22490e0615c49cc3 
Number of updated asset objects reloaded before import = 0Number of asset objects unloaded after import = 1

========================================================================
Received Import Request.
  Time since last request: 0.000027 seconds.
  path: Assets/Samples/XR Interaction Toolkit/3.4.1/Starter Assets/Scripts/PermissionsManager.cs
  importAddress: Guid(4f62c7b7418ee024aa16285921e63d56) Importer(2089858483,b0f066a214c2f5e87bad3c948f4d605d)
Start importing Assets/Samples/XR Interaction Toolkit/3.4.1/Starter Assets/Scripts/PermissionsManager.cs using Guid(4f62c7b7418ee024aa16285921e63d56) Importer(2089858483,b0f066a214c2f5e87bad3c948f4d605d) (ScriptedImporter) -> (Import Result ID: 'ae2b837a9a5ad1ba34625ee426f4f9a1') in 0.0036489 seconds [static and dynamic dependencies]. Details - ImportResultOutputID=d54b6429660e4f17e6db9989631fd054 DependenciesID=2bcf2ac9603a2ee2bbcd8401eb2adfcc StaticDependenciesID=d3ebe2e538e6377adea4ebd0f7f1a2c9 
Number of updated asset objects reloaded before import = 0Number of asset objects unloaded after import = 0

========================================================================
Received Import Request.
  Time since last request: 0.000015 seconds.
  path: Assets/Samples/XR Interaction Toolkit/3.4.1/Starter Assets/Textures/DefaultMaterial_AO.png
  importAddress: Guid(85e675893a909864d9c237e20202651b) Importer(2089858483,b0f066a214c2f5e87bad3c948f4d605d)
Start importing Assets/Samples/XR Interaction Toolkit/3.4.1/Starter Assets/Textures/DefaultMaterial_AO.png using Guid(85e675893a909864d9c237e20202651b) Importer(2089858483,b0f066a214c2f5e87bad3c948f4d605d) (ScriptedImporter) -> (Import Result ID: 'bdcb278f3fd3bc4e1cd944c24d8c48fe') in 0.0073732 seconds [static and dynamic dependencies]. Details - ImportResultOutputID=36365778a873a95e2a0799bc339a5f28 DependenciesID=8e495dd479b3dcf33f18703a3b0c7517 StaticDependenciesID=30f02d99cda9716fcbfee17f86ee3ce2 
Number of updated asset objects reloaded before import = 0Number of asset objects unloaded after import = 1

========================================================================
Received Import Request.
  Time since last request: 0.000016 seconds.
  path: Assets/Samples/XR Interaction Toolkit/3.4.1/Starter Assets/DemoAssets/Sprites/Circle_60x60 Outline 4.png
  importAddress: Guid(2f8349570a152884fb6cf7ebdc8c18b3) Importer(2089858483,b0f066a214c2f5e87bad3c948f4d605d)
Start importing Assets/Samples/XR Interaction Toolkit/3.4.1/Starter Assets/DemoAssets/Sprites/Circle_60x60 Outline 4.png using Guid(2f8349570a152884fb6cf7ebdc8c18b3) Importer(2089858483,b0f066a214c2f5e87bad3c948f4d605d) (ScriptedImporter) -> (Import Result ID: '8a6a586560d6158241a2139179895607') in 0.0113367 seconds [static and dynamic dependencies]. Details - ImportResultOutputID=1400674c7df78efdd0f6512b1e4ab72a DependenciesID=0d185acc24a0711525f66d81e1940861 StaticDependenciesID=98617e80a3ac1f2c5b70b78720849739 
Number of updated asset objects reloaded before import = 0Number of asset objects unloaded after import = 3

========================================================================
Received Import Request.
  Time since last request: 0.000015 seconds.
  path: Assets/Samples/XR Interaction Toolkit/3.4.1/Starter Assets/Shaders/BiRP_Fresnel.shader
  importAddress: Guid(b24c216c4acb0094c892a61dfbbb76b4) Importer(2089858483,b0f066a214c2f5e87bad3c948f4d605d)
Start importing Assets/Samples/XR Interaction Toolkit/3.4.1/Starter Assets/Shaders/BiRP_Fresnel.shader using Guid(b24c216c4acb0094c892a61dfbbb76b4) Importer(2089858483,b0f066a214c2f5e87bad3c948f4d605d) (ScriptedImporter) -> (Import Result ID: 'e053d5e3d73563f6488828ab5679e53c') in 0.0052946 seconds [static and dynamic dependencies]. Details - ImportResultOutputID=9fe9fcc7dbe424d4cea2ff3cb32c1328 DependenciesID=e5201ef82dfddc966e2716585c709a2a StaticDependenciesID=a5e61a8ea4e87fa7e44aa43ab5960cac 
Number of updated asset objects reloaded before import = 0Number of asset objects unloaded after import = 1

========================================================================
Received Import Request.
  Time since last request: 0.000013 seconds.
  path: Assets/Samples/XR Interaction Toolkit/3.4.1/Starter Assets/Prefabs/Interactors/Direct Interactor.prefab
  importAddress: Guid(2fd3e07afe5b461490fb8e314976b1b0) Importer(2089858483,b0f066a214c2f5e87bad3c948f4d605d)
Start importing Assets/Samples/XR Interaction Toolkit/3.4.1/Starter Assets/Prefabs/Interactors/Direct Interactor.prefab using Guid(2fd3e07afe5b461490fb8e314976b1b0) Importer(2089858483,b0f066a214c2f5e87bad3c948f4d605d) (ScriptedImporter) -> (Import Result ID: 'd4f91372a9270c16aca8366054bab70b') in 0.0390377 seconds [static and dynamic dependencies]. Details - ImportResultOutputID=bcfee5cce5c6855844ad610ef56b6d9b DependenciesID=7c69d4dd7ad46fa1e08b58948ad60795 StaticDependenciesID=dee21f1fbc79af4c9a36de78e4b9f1ad 
Number of updated asset objects reloaded before import = 0Number of asset objects unloaded after import = 8

========================================================================
Received Import Request.
  Time since last request: 0.000018 seconds.
  path: Assets/Samples/XR Interaction Toolkit/3.4.1/Starter Assets/Prefabs/Interactors/Gaze Interactor.prefab
  importAddress: Guid(b84cd05e1160fe34cab2585022c8cd99) Importer(2089858483,b0f066a214c2f5e87bad3c948f4d605d)
Start importing Assets/Samples/XR Interaction Toolkit/3.4.1/Starter Assets/Prefabs/Interactors/Gaze Interactor.prefab using Guid(b84cd05e1160fe34cab2585022c8cd99) Importer(2089858483,b0f066a214c2f5e87bad3c948f4d605d) (ScriptedImporter) -> (Import Result ID: 'c65571eefd0355fe80fdd3aa239619ff') in 0.0430184 seconds [static and dynamic dependencies]. Details - ImportResultOutputID=3781378be5520869936a23336b3c9b59 DependenciesID=5be593d70148626cc1fbac3a8513d359 StaticDependenciesID=9d3fcc20088db9e60e6b09ac271dd3fc 
Number of updated asset objects reloaded before import = 0Number of asset objects unloaded after import = 12

========================================================================
Received Import Request.
  Time since last request: 0.000027 seconds.
  path: Assets/Samples/XR Interaction Toolkit/3.4.1/Starter Assets/Prefabs/Interactors/Left_NearFarInteractor.prefab
  importAddress: Guid(3df3e1220f2164f448701a6de8084f92) Importer(2089858483,b0f066a214c2f5e87bad3c948f4d605d)
Start importing Assets/Samples/XR Interaction Toolkit/3.4.1/Starter Assets/Prefabs/Interactors/Left_NearFarInteractor.prefab using Guid(3df3e1220f2164f448701a6de8084f92) Importer(2089858483,b0f066a214c2f5e87bad3c948f4d605d) (ScriptedImporter) -> (Import Result ID: 'b452e35e4da5a7d15f43e71791905cf6') in 0.0313265 seconds [static and dynamic dependencies]. Details - ImportResultOutputID=8485ce8aa1285f6ab9170419c5d50a2f DependenciesID=3f26b4dc1f9f4c4883a0358fc1df3f16 StaticDependenciesID=c48ca0d4eea407fc51085b06e4691925 
Number of updated asset objects reloaded before import = 0Number of asset objects unloaded after import = 24

========================================================================
Received Import Request.
  Time since last request: 0.000017 seconds.
  path: Assets/Samples/XR Interaction Toolkit/3.4.1/Starter Assets/Prefabs/Affordances/PokePointerAffordance.prefab
  importAddress: Guid(bb91fcbcb3cc896468b372b1c762bfab) Importer(2089858483,b0f066a214c2f5e87bad3c948f4d605d)
Start importing Assets/Samples/XR Interaction Toolkit/3.4.1/Starter Assets/Prefabs/Affordances/PokePointerAffordance.prefab using Guid(bb91fcbcb3cc896468b372b1c762bfab) Importer(2089858483,b0f066a214c2f5e87bad3c948f4d605d) (ScriptedImporter) -> (Import Result ID: 'cf2239e52f603b47559855c0a1bc8b25') in 0.0081868 seconds [static and dynamic dependencies]. Details - ImportResultOutputID=05e58a212060dc660a1c979adee00805 DependenciesID=ef493d6515c24a6e172b9af56d3d3bfc StaticDependenciesID=de60fe6f7e08371b135b729233eead43 
Number of updated asset objects reloaded before import = 0Number of asset objects unloaded after import = 15

========================================================================
Received Import Request.
  Time since last request: 0.000013 seconds.
  path: Assets/Samples/XR Interaction Toolkit/3.4.1/Starter Assets/Editor/Scripts/StarterAssetsSampleProjectValidation.cs
  importAddress: Guid(ef67ceb22b2224643a2d5004fc2a678a) Importer(2089858483,b0f066a214c2f5e87bad3c948f4d605d)
Start importing Assets/Samples/XR Interaction Toolkit/3.4.1/Starter Assets/Editor/Scripts/StarterAssetsSampleProjectValidation.cs using Guid(ef67ceb22b2224643a2d5004fc2a678a) Importer(2089858483,b0f066a214c2f5e87bad3c948f4d605d) (ScriptedImporter) -> (Import Result ID: '5f0318d27b4874e775992d1cb70ed639') in 0.0028884 seconds [static and dynamic dependencies]. Details - ImportResultOutputID=52d63c3e80ab78ebf5479d6957bc850d DependenciesID=42786fe16a1e0392f27e2e1c14c4cb84 StaticDependenciesID=b6babfeab391385778a149a73c083022 
Number of updated asset objects reloaded before import = 0Number of asset objects unloaded after import = 0

========================================================================
Received Import Request.
  Time since last request: 0.000013 seconds.
  path: Assets/Samples/XR Interaction Toolkit/3.4.1/Starter Assets/DemoAssets/Sprites/Round Radius 4.png
  importAddress: Guid(affa059594145a843b81788037b4ee21) Importer(2089858483,b0f066a214c2f5e87bad3c948f4d605d)
Start importing Assets/Samples/XR Interaction Toolkit/3.4.1/Starter Assets/DemoAssets/Sprites/Round Radius 4.png using Guid(affa059594145a843b81788037b4ee21) Importer(2089858483,b0f066a214c2f5e87bad3c948f4d605d) (ScriptedImporter) -> (Import Result ID: '09411e42e89fb322c66036844186d597') in 0.0067548 seconds [static and dynamic dependencies]. Details - ImportResultOutputID=9ba601a5ee60076446e445d0c50bac67 DependenciesID=6babfc72f974bef6dcf3813dab29c7e0 StaticDependenciesID=c40087d877d9ab3fdc7ec54032f8a5d2 
Number of updated asset objects reloaded before import = 0Number of asset objects unloaded after import = 3

========================================================================
Received Import Request.
  Time since last request: 0.000014 seconds.
  path: Assets/Training table/Table.obj
  importAddress: Guid(2e9ed32f32a4d6c4fa0384a2b1a7806d) Importer(2089858483,b0f066a214c2f5e87bad3c948f4d605d)
Start importing Assets/Training table/Table.obj using Guid(2e9ed32f32a4d6c4fa0384a2b1a7806d) Importer(2089858483,b0f066a214c2f5e87bad3c948f4d605d) (ScriptedImporter) -> (Import Result ID: 'd664c8a6983b24f12cb5f33922bff0b2') in 0.007565 seconds [static and dynamic dependencies]. Details - ImportResultOutputID=5581bf0eb2a145a63962a21df199b453 DependenciesID=8058460ed18332b9c6b823cc6682a1e3 StaticDependenciesID=e3370c169c60d86bbae268475325ba51 
Number of updated asset objects reloaded before import = 0Number of asset objects unloaded after import = 11

========================================================================
Received Import Request.
  Time since last request: 0.000015 seconds.
  path: Assets/Samples/XR Interaction Toolkit/3.4.1/Starter Assets/DemoAssets/Prefabs/Far Grab Samples.prefab
  importAddress: Guid(f5ee409d69254d64da7a3b74d31a5a40) Importer(2089858483,b0f066a214c2f5e87bad3c948f4d605d)
Start importing Assets/Samples/XR Interaction Toolkit/3.4.1/Starter Assets/DemoAssets/Prefabs/Far Grab Samples.prefab using Guid(f5ee409d69254d64da7a3b74d31a5a40) Importer(2089858483,b0f066a214c2f5e87bad3c948f4d605d) (ScriptedImporter) -> (Import Result ID: '54e9cd1d3b0dc3666e0f96757f89d47d') in 0.0132494 seconds [static and dynamic dependencies]. Details - ImportResultOutputID=f2674bc7b28b587bf896530bea11754c DependenciesID=22e9a0374a8fc5f30c3e9f71eb3a2fc8 StaticDependenciesID=49406740b8f11e9c49656e53f8a1dcd7 
Number of updated asset objects reloaded before import = 0Number of asset objects unloaded after import = 84

========================================================================
Received Import Request.
  Time since last request: 0.000017 seconds.
  path: Assets/TextMesh Pro/Shaders/TMP_SDF-Surface-Mobile.shader
  importAddress: Guid(85187c2149c549c5b33f0cdb02836b17) Importer(2089858483,b0f066a214c2f5e87bad3c948f4d605d)
Start importing Assets/TextMesh Pro/Shaders/TMP_SDF-Surface-Mobile.shader using Guid(85187c2149c549c5b33f0cdb02836b17) Importer(2089858483,b0f066a214c2f5e87bad3c948f4d605d) (ScriptedImporter) -> (Import Result ID: '54fbdb5baef5e04408c9061400e54a03') in 0.0046993 seconds [static and dynamic dependencies]. Details - ImportResultOutputID=1d564bafe0729ffc2c3dcba01e02c07c DependenciesID=8b1392f912a463f7c5956a01d4c01b48 StaticDependenciesID=b7406ae5209a1575a767900e6ef27955 
Number of updated asset objects reloaded before import = 0Number of asset objects unloaded after import = 1

========================================================================
Received Import Request.
  Time since last request: 0.000023 seconds.
  path: Assets/Training table/Render/screenshot001.png
  importAddress: Guid(1f04accd120caf941ae1af8c2e6bb2a5) Importer(2089858483,b0f066a214c2f5e87bad3c948f4d605d)
Start importing Assets/Training table/Render/screenshot001.png using Guid(1f04accd120caf941ae1af8c2e6bb2a5) Importer(2089858483,b0f066a214c2f5e87bad3c948f4d605d) (ScriptedImporter) -> (Import Result ID: '0f7625738c8008f60aabe2640d7b928e') in 0.0087758 seconds [static and dynamic dependencies]. Details - ImportResultOutputID=046d28bf0267f3a7f6504932852319ba DependenciesID=ec7e2f462af3fe73d9b2e82399f1053f StaticDependenciesID=45607d8347e3d6fb99d0fc6707b0e093 
Number of updated asset objects reloaded before import = 0Number of asset objects unloaded after import = 1

========================================================================
Received Import Request.
  Time since last request: 0.000013 seconds.
  path: Assets/Samples/XR Interaction Toolkit/3.4.1/Starter Assets/Animations/ArrowBounce.anim
  importAddress: Guid(ebfa13455423c254e943b87bf6e1f310) Importer(2089858483,b0f066a214c2f5e87bad3c948f4d605d)
Start importing Assets/Samples/XR Interaction Toolkit/3.4.1/Starter Assets/Animations/ArrowBounce.anim using Guid(ebfa13455423c254e943b87bf6e1f310) Importer(2089858483,b0f066a214c2f5e87bad3c948f4d605d) (ScriptedImporter) -> (Import Result ID: 'f8190d697335ba966cdf930d32582971') in 0.0141977 seconds [static and dynamic dependencies]. Details - ImportResultOutputID=2b3a7cc4a63c6ba0dc6731d026043fd6 DependenciesID=c08ac9dceb80a530c067e3650fb1f890 StaticDependenciesID=f00f2220e67be99f822134200c05723f 
Number of updated asset objects reloaded before import = 0Number of asset objects unloaded after import = 1

========================================================================
Received Import Request.
  Time since last request: 0.000014 seconds.
  path: Assets/Samples/XR Interaction Toolkit/3.4.1/Starter Assets/Prefabs/Teleport/Directional Teleport Reticle.prefab
  importAddress: Guid(893219773891c784ab469a39151879b4) Importer(2089858483,b0f066a214c2f5e87bad3c948f4d605d)
Start importing Assets/Samples/XR Interaction Toolkit/3.4.1/Starter Assets/Prefabs/Teleport/Directional Teleport Reticle.prefab using Guid(893219773891c784ab469a39151879b4) Importer(2089858483,b0f066a214c2f5e87bad3c948f4d605d) (ScriptedImporter) -> (Import Result ID: 'b91c749242141f12bc016a7cc67e1146') in 0.0065749 seconds [static and dynamic dependencies]. Details - ImportResultOutputID=b07e5bcd040e7cb5a16aa2f4dbe0e292 DependenciesID=462d6a689a4d963f76ad3e6b7446f0c4 StaticDependenciesID=1f598b7532f572f020dcee76ead2ef7b 
Number of updated asset objects reloaded before import = 0Number of asset objects unloaded after import = 13

========================================================================
Received Import Request.
  Time since last request: 0.000014 seconds.
  path: Assets/Samples/XR Interaction Toolkit/3.4.1/Starter Assets/DemoAssets/Prefabs/Climb/Climbing Wall.prefab
  importAddress: Guid(a0ea40bd139aedc43b0e8374d6139437) Importer(2089858483,b0f066a214c2f5e87bad3c948f4d605d)
Start importing Assets/Samples/XR Interaction Toolkit/3.4.1/Starter Assets/DemoAssets/Prefabs/Climb/Climbing Wall.prefab using Guid(a0ea40bd139aedc43b0e8374d6139437) Importer(2089858483,b0f066a214c2f5e87bad3c948f4d605d) (ScriptedImporter) -> (Import Result ID: '497d342827838897b64fdb0ac02b8061') in 0.0107866 seconds [static and dynamic dependencies]. Details - ImportResultOutputID=f069c9e8daa808daa67d877cce1e6f02 DependenciesID=2af7b465b4780a4baf5b4afef9eb4c3c StaticDependenciesID=50e0b92e95edebbc1eec12b76159167d 
Number of updated asset objects reloaded before import = 0Number of asset objects unloaded after import = 345

========================================================================
Received Import Request.
  Time since last request: 0.000016 seconds.
  path: Assets/Samples/XR Interaction Toolkit/3.4.1/Starter Assets/Prefabs/Interactors/Teleport Interactor.prefab
  importAddress: Guid(c1800acf6366418a9b5f610249000331) Importer(2089858483,b0f066a214c2f5e87bad3c948f4d605d)
Start importing Assets/Samples/XR Interaction Toolkit/3.4.1/Starter Assets/Prefabs/Interactors/Teleport Interactor.prefab using Guid(c1800acf6366418a9b5f610249000331) Importer(2089858483,b0f066a214c2f5e87bad3c948f4d605d) (ScriptedImporter) -> (Import Result ID: 'bdcd5a42cfec8bcbc57e401931d1ce08') in 0.0470063 seconds [static and dynamic dependencies]. Details - ImportResultOutputID=12dc0871bd91460551550af6fa7aa51a DependenciesID=0cc96084f8720f110b9d4f853f5172b1 StaticDependenciesID=f273e611dd2ad957be5cfb8f7ae46ab6 
Number of updated asset objects reloaded before import = 0Number of asset objects unloaded after import = 38

========================================================================
Received Import Request.
  Time since last request: 0.000018 seconds.
  path: Assets/Samples/XR Interaction Toolkit/3.4.1/Starter Assets/DemoAssets/Prefabs/Climb/ClimbTeleportReticle.prefab
  importAddress: Guid(6eb816e9b7ce30f4cadff3d4ad7ad10c) Importer(2089858483,b0f066a214c2f5e87bad3c948f4d605d)
Start importing Assets/Samples/XR Interaction Toolkit/3.4.1/Starter Assets/DemoAssets/Prefabs/Climb/ClimbTeleportReticle.prefab using Guid(6eb816e9b7ce30f4cadff3d4ad7ad10c) Importer(2089858483,b0f066a214c2f5e87bad3c948f4d605d) (ScriptedImporter) -> (Import Result ID: '7173ba14c3e4a556b22c1d7252d4029b') in 0.0077082 seconds [static and dynamic dependencies]. Details - ImportResultOutputID=1ed03b951b870a475c2845a689919ffc DependenciesID=97ecf650596657cfe6e9b10914591804 StaticDependenciesID=4dff22af079f30b168304dc9c7fa553d 
Number of updated asset objects reloaded before import = 0Number of asset objects unloaded after import = 40

========================================================================
Received Import Request.
  Time since last request: 0.000022 seconds.
  path: Assets/Samples/XR Interaction Toolkit/3.4.1/Starter Assets/Prefabs/Interactors/Ray Interactor.prefab
  importAddress: Guid(ad818c36731146e994540a1896ad8f24) Importer(2089858483,b0f066a214c2f5e87bad3c948f4d605d)
Start importing Assets/Samples/XR Interaction Toolkit/3.4.1/Starter Assets/Prefabs/Interactors/Ray Interactor.prefab using Guid(ad818c36731146e994540a1896ad8f24) Importer(2089858483,b0f066a214c2f5e87bad3c948f4d605d) (ScriptedImporter) -> (Import Result ID: '3af53994c0e232f691a8d9ae9ff8d356') in 0.0179508 seconds [static and dynamic dependencies]. Details - ImportResultOutputID=5607a5a7c76865e7de66eb60b4ce0191 DependenciesID=27443d17e42a396f527965158fafe57f StaticDependenciesID=c43476ce613f53b260cdffa3453ae184 
Number of updated asset objects reloaded before import = 0Number of asset objects unloaded after import = 10

========================================================================
Received Import Request.
  Time since last request: 0.000017 seconds.
  path: Assets/Training table/Prefabs/Training table.prefab
  importAddress: Guid(5e93b18aeba68324cb0c6196b3791c1d) Importer(2089858483,b0f066a214c2f5e87bad3c948f4d605d)
Start importing Assets/Training table/Prefabs/Training table.prefab using Guid(5e93b18aeba68324cb0c6196b3791c1d) Importer(2089858483,b0f066a214c2f5e87bad3c948f4d605d) (ScriptedImporter) -> (Import Result ID: '235b47b0f522af3436303001c81ec2c8') in 0.0093407 seconds [static and dynamic dependencies]. Details - ImportResultOutputID=71cc8cde87b6be20e9c2b51dd9c1ca93 DependenciesID=135bd60524576f60cf4a6c7d4c2ccbcf StaticDependenciesID=05a7351c452f16820458842f82cc2ad1 
Number of updated asset objects reloaded before import = 0Number of asset objects unloaded after import = 9

========================================================================
Received Import Request.
  Time since last request: 0.000014 seconds.
  path: Assets/XRI/Settings/XRInteractionEditorSettings.asset
  importAddress: Guid(893020224e0546b429277c8e6914f460) Importer(2089858483,b0f066a214c2f5e87bad3c948f4d605d)
Start importing Assets/XRI/Settings/XRInteractionEditorSettings.asset using Guid(893020224e0546b429277c8e6914f460) Importer(2089858483,b0f066a214c2f5e87bad3c948f4d605d) (ScriptedImporter) -> (Import Result ID: '85049219d87bd81ebc4010cbe48ec9ec') in 0.0051593 seconds [static and dynamic dependencies]. Details - ImportResultOutputID=dd327ddfc6a040991b9f4eae60b03588 DependenciesID=20a99ca03d19db076b8d74be04bac36c StaticDependenciesID=64dd55915ab6eaa9e46f20c5e384c154 
Number of updated asset objects reloaded before import = 0Number of asset objects unloaded after import = 1

========================================================================
Received Import Request.
  Time since last request: 0.000013 seconds.
  path: Assets/myassets/scripts/breathingToggleInput.cs
  importAddress: Guid(3d751d33026615640b28ccf88ac158c6) Importer(2089858483,b0f066a214c2f5e87bad3c948f4d605d)
Start importing Assets/myassets/scripts/breathingToggleInput.cs using Guid(3d751d33026615640b28ccf88ac158c6) Importer(2089858483,b0f066a214c2f5e87bad3c948f4d605d) (ScriptedImporter) -> (Import Result ID: '85cf60b444e78095d8c478b251e93839') in 0.0036154 seconds [static and dynamic dependencies]. Details - ImportResultOutputID=9093eeab5156652dc761d6fbcf88a6bb DependenciesID=52972f1cf4ab0cde7a49b5692cd33c02 StaticDependenciesID=245fd496259ec8512b12009d04c596f9 
Number of updated asset objects reloaded before import = 0Number of asset objects unloaded after import = 0

========================================================================
Received Import Request.
  Time since last request: 0.000014 seconds.
  path: Assets/Training table/Render/screenshot000.png
  importAddress: Guid(8d6fac228f70ea74c87d1e7c14a7d516) Importer(2089858483,b0f066a214c2f5e87bad3c948f4d605d)
Start importing Assets/Training table/Render/screenshot000.png using Guid(8d6fac228f70ea74c87d1e7c14a7d516) Importer(2089858483,b0f066a214c2f5e87bad3c948f4d605d) (ScriptedImporter) -> (Import Result ID: 'cb5611adf4c83c12ca79dbf3d1795e19') in 0.0084983 seconds [static and dynamic dependencies]. Details - ImportResultOutputID=75c10b5ef2de19719de3b6dba57ab0b3 DependenciesID=9d1cee2ef64410f06d569f5df59db5a7 StaticDependenciesID=140cb1607f77d8fda10204dcaa9c2316 
Number of updated asset objects reloaded before import = 0Number of asset objects unloaded after import = 1

========================================================================
Received Import Request.
  Time since last request: 0.000013 seconds.
  path: Assets/Samples/XR Interaction Toolkit/3.4.1/Starter Assets/DemoAssets/Sprites/Asset.png
  importAddress: Guid(17d565bb4a7744b41b7e4dc7e3a09e35) Importer(2089858483,b0f066a214c2f5e87bad3c948f4d605d)
Start importing Assets/Samples/XR Interaction Toolkit/3.4.1/Starter Assets/DemoAssets/Sprites/Asset.png using Guid(17d565bb4a7744b41b7e4dc7e3a09e35) Importer(2089858483,b0f066a214c2f5e87bad3c948f4d605d) (ScriptedImporter) -> (Import Result ID: '950fcc1ebda70f4aac2e70c7ba837a42') in 0.0066049 seconds [static and dynamic dependencies]. Details - ImportResultOutputID=e5a69c2293286b1070c7037ab6464f4f DependenciesID=087e08c600594a9d377ed61d71f3aa83 StaticDependenciesID=cef61b232f276af7c35c917cda332b79 
Number of updated asset objects reloaded before import = 0Number of asset objects unloaded after import = 3

========================================================================
Received Import Request.
  Time since last request: 0.000017 seconds.
  path: Assets/XR/Settings/OpenXR Package Settings.asset
  importAddress: Guid(0d6e8caf1cfddaa49b1b3e54436e9473) Importer(2089858483,b0f066a214c2f5e87bad3c948f4d605d)
Start importing Assets/XR/Settings/OpenXR Package Settings.asset using Guid(0d6e8caf1cfddaa49b1b3e54436e9473) Importer(2089858483,b0f066a214c2f5e87bad3c948f4d605d) (ScriptedImporter) -> (Import Result ID: '5290f49a1176a51f0850989249427497') in 0.0160195 seconds [static and dynamic dependencies]. Details - ImportResultOutputID=0fad7474c0824e5247cd2e8f42a7fc47 DependenciesID=351af08d0fe3fbaf54762c89e0644c03 StaticDependenciesID=38b7c249ebc3ec59dced1b595435015e 
Number of updated asset objects reloaded before import = 0Number of asset objects unloaded after import = 1

========================================================================
Received Import Request.
  Time since last request: 0.000028 seconds.
  path: Assets/Samples/XR Interaction Toolkit/3.4.1/Starter Assets/DemoAssets/Prefabs/Teleportation Environment.prefab
  importAddress: Guid(3e07eccb5e6f459d886de95044adb1d9) Importer(2089858483,b0f066a214c2f5e87bad3c948f4d605d)
Start importing Assets/Samples/XR Interaction Toolkit/3.4.1/Starter Assets/DemoAssets/Prefabs/Teleportation Environment.prefab using Guid(3e07eccb5e6f459d886de95044adb1d9) Importer(2089858483,b0f066a214c2f5e87bad3c948f4d605d) (ScriptedImporter) -> (Import Result ID: '108477fa951d60f9d39a8863adc61f65') in 0.0104181 seconds [static and dynamic dependencies]. Details - ImportResultOutputID=c4ef3102c7d422f65ce568e5d10835d1 DependenciesID=c5407644e52a5ad92ce679d551a00a62 StaticDependenciesID=c3329a19ffc0942632ae8da8d801719f 
Number of updated asset objects reloaded before import = 0Number of asset objects unloaded after import = 103

========================================================================
Received Import Request.
  Time since last request: 0.000013 seconds.
  path: Assets/Samples/XR Interaction Toolkit/3.4.1/Starter Assets/DemoAssets/AffordanceThemes/InteractionColor.asset
  importAddress: Guid(3ec238cb3e80e274c844d7b56f585392) Importer(2089858483,b0f066a214c2f5e87bad3c948f4d605d)
Start importing Assets/Samples/XR Interaction Toolkit/3.4.1/Starter Assets/DemoAssets/AffordanceThemes/InteractionColor.asset using Guid(3ec238cb3e80e274c844d7b56f585392) Importer(2089858483,b0f066a214c2f5e87bad3c948f4d605d) (ScriptedImporter) -> (Import Result ID: 'd25a83da939df5b76d8bd5fb01d7674b') in 0.0034231 seconds [static and dynamic dependencies]. Details - ImportResultOutputID=b20d4aaf3f99b89c3147ba4de613b1c3 DependenciesID=6dcb076bb02283f297a565004e424324 StaticDependenciesID=74707a07b7edd9c284d5ec523708a464 
Number of updated asset objects reloaded before import = 0Number of asset objects unloaded after import = 1

========================================================================
Received Import Request.
  Time since last request: 0.000013 seconds.
  path: Assets/Samples/XR Interaction Toolkit/3.4.1/Starter Assets/DemoAssets/Prefabs/Interactables/Push Button.prefab
  importAddress: Guid(76f3439a0ae796e4b81bee3f91f888ee) Importer(2089858483,b0f066a214c2f5e87bad3c948f4d605d)
Start importing Assets/Samples/XR Interaction Toolkit/3.4.1/Starter Assets/DemoAssets/Prefabs/Interactables/Push Button.prefab using Guid(76f3439a0ae796e4b81bee3f91f888ee) Importer(2089858483,b0f066a214c2f5e87bad3c948f4d605d) (ScriptedImporter) -> (Import Result ID: '8aa1d671f8c1cfd752951ba5dcc0f013') in 0.0123788 seconds [static and dynamic dependencies]. Details - ImportResultOutputID=8abd6362dd9106117fd8fdd2c65d4340 DependenciesID=d056374b731899d4ed5111cd887f9a1a StaticDependenciesID=09c552f79ba00a2923579577cb857401 
Number of updated asset objects reloaded before import = 0Number of asset objects unloaded after import = 32

========================================================================
Received Import Request.
  Time since last request: 0.000017 seconds.
  path: Assets/Samples/XR Interaction Toolkit/3.4.1/Starter Assets/DemoAssets/Prefabs/Interactables/Blaser-Long.prefab
  importAddress: Guid(fe7fcf44eedd467489de26ce92577bc3) Importer(2089858483,b0f066a214c2f5e87bad3c948f4d605d)
Start importing Assets/Samples/XR Interaction Toolkit/3.4.1/Starter Assets/DemoAssets/Prefabs/Interactables/Blaser-Long.prefab using Guid(fe7fcf44eedd467489de26ce92577bc3) Importer(2089858483,b0f066a214c2f5e87bad3c948f4d605d) (ScriptedImporter) -> (Import Result ID: 'f16df1e5b222a2e7b0446f16aa768cb1') in 0.0163651 seconds [static and dynamic dependencies]. Details - ImportResultOutputID=5f1e8d32998de6c37bbf0e1c97d4d2dc DependenciesID=649241de06fc3a92e704f0efa016d272 StaticDependenciesID=8d2a061daa9a7bde0baad859e65054a5 
Number of updated asset objects reloaded before import = 0Number of asset objects unloaded after import = 35

========================================================================
Received Import Request.
  Time since last request: 0.000015 seconds.
  path: Assets/Samples/XR Interaction Toolkit/3.4.1/Starter Assets/DemoAssets/Prefabs/Climb/Single Floor Ladder.prefab
  importAddress: Guid(1f62bdd0e59688d4bb754afe89fa2f5a) Importer(2089858483,b0f066a214c2f5e87bad3c948f4d605d)
Start importing Assets/Samples/XR Interaction Toolkit/3.4.1/Starter Assets/DemoAssets/Prefabs/Climb/Single Floor Ladder.prefab using Guid(1f62bdd0e59688d4bb754afe89fa2f5a) Importer(2089858483,b0f066a214c2f5e87bad3c948f4d605d) (ScriptedImporter) -> (Import Result ID: 'a3bfcb652b82db7cb461dbbea675dfd7') in 0.0100603 seconds [static and dynamic dependencies]. Details - ImportResultOutputID=83a1bafa6e5357ff04c084ad0030ce31 DependenciesID=99a226349b04e0472d331d68201337ad StaticDependenciesID=5d1422b6471e441404c6ce0a662be2b0 
Number of updated asset objects reloaded before import = 0Number of asset objects unloaded after import = 198

========================================================================
Received Import Request.
  Time since last request: 0.000016 seconds.
  path: Assets/Samples/XR Interaction Toolkit/3.4.1/Starter Assets/DemoAssets/Prefabs/Interactables/Pot.prefab
  importAddress: Guid(d5615d616019430d9c2e8727e71c97fb) Importer(2089858483,b0f066a214c2f5e87bad3c948f4d605d)
Start importing Assets/Samples/XR Interaction Toolkit/3.4.1/Starter Assets/DemoAssets/Prefabs/Interactables/Pot.prefab using Guid(d5615d616019430d9c2e8727e71c97fb) Importer(2089858483,b0f066a214c2f5e87bad3c948f4d605d) (ScriptedImporter) -> (Import Result ID: '390911bea89ce6b82f738d89b4a93fd9') in 0.0091453 seconds [static and dynamic dependencies]. Details - ImportResultOutputID=1bb7e8cf21eb24675dbe8dd984b22ab8 DependenciesID=b42477d25869c188d4652c8fc10fb52f StaticDependenciesID=1df7e5ac89da7039df1ec8edc8d7d29c 
Number of updated asset objects reloaded before import = 0Number of asset objects unloaded after import = 24

========================================================================
Received Import Request.
  Time since last request: 0.000016 seconds.
  path: Assets/Samples/XR Interaction Toolkit/3.4.1/Starter Assets/DemoAssets/Prefabs/Interactables/Cylinder.prefab
  importAddress: Guid(2ed984a58a974166bf92c82a74380454) Importer(2089858483,b0f066a214c2f5e87bad3c948f4d605d)
Start importing Assets/Samples/XR Interaction Toolkit/3.4.1/Starter Assets/DemoAssets/Prefabs/Interactables/Cylinder.prefab using Guid(2ed984a58a974166bf92c82a74380454) Importer(2089858483,b0f066a214c2f5e87bad3c948f4d605d) (ScriptedImporter) -> (Import Result ID: '038bafe9aa4229d3167dde18ef335059') in 0.010965 seconds [static and dynamic dependencies]. Details - ImportResultOutputID=a2b89ecc9d8d7390366c0e9083d89c44 DependenciesID=56d0d1e682afba2dfa9b7a44e751905f StaticDependenciesID=e4825bb1c710866b27ab897325b56103 
Number of updated asset objects reloaded before import = 0Number of asset objects unloaded after import = 25

========================================================================
Received Import Request.
  Time since last request: 0.000023 seconds.
  path: Assets/Samples/XR Interaction Toolkit/3.4.1/Starter Assets/Presets/XRI Default Right Grab Move.preset
  importAddress: Guid(fdc4f514b7b1e9c4eb39713ad9dd4eba) Importer(2089858483,b0f066a214c2f5e87bad3c948f4d605d)
Start importing Assets/Samples/XR Interaction Toolkit/3.4.1/Starter Assets/Presets/XRI Default Right Grab Move.preset using Guid(fdc4f514b7b1e9c4eb39713ad9dd4eba) Importer(2089858483,b0f066a214c2f5e87bad3c948f4d605d) (ScriptedImporter) -> (Import Result ID: '1a0a546ee615b66d5916447fade54f2f') in 0.0054174 seconds [static and dynamic dependencies]. Details - ImportResultOutputID=a3488a39c6c3a19bbfaf91848d219931 DependenciesID=fd45a9a9a2f6d8e5dbe0d44acf8a00a6 StaticDependenciesID=9bc00ce6597b9871897f35a37d274452 
Number of updated asset objects reloaded before import = 0Number of asset objects unloaded after import = 3

========================================================================
Received Import Request.
  Time since last request: 0.000015 seconds.
  path: Assets/Samples/XR Interaction Toolkit/3.4.1/Starter Assets/Presets/XRI Default XR UI Input Module.preset
  importAddress: Guid(2c3e7ff9ab352b74da862a5a8779b276) Importer(2089858483,b0f066a214c2f5e87bad3c948f4d605d)
Start importing Assets/Samples/XR Interaction Toolkit/3.4.1/Starter Assets/Presets/XRI Default XR UI Input Module.preset using Guid(2c3e7ff9ab352b74da862a5a8779b276) Importer(2089858483,b0f066a214c2f5e87bad3c948f4d605d) (ScriptedImporter) -> (Import Result ID: '279df7c0d9d117ad799a7b02ebc32672') in 0.0062653 seconds [static and dynamic dependencies]. Details - ImportResultOutputID=758cf6c43d8d7babce2d7eb6a576766d DependenciesID=ac9fa096ab6c22c3dbd5ef9b0682eec6 StaticDependenciesID=21ec9bafa03efb08ceac890987e473a2 
Number of updated asset objects reloaded before import = 0Number of asset objects unloaded after import = 10

========================================================================
Received Import Request.
  Time since last request: 0.000014 seconds.
  path: Assets/Settings/UniversalRenderPipelineGlobalSettings.asset
  importAddress: Guid(18dc0cd2c080841dea60987a38ce93fa) Importer(2089858483,b0f066a214c2f5e87bad3c948f4d605d)
Start importing Assets/Settings/UniversalRenderPipelineGlobalSettings.asset using Guid(18dc0cd2c080841dea60987a38ce93fa) Importer(2089858483,b0f066a214c2f5e87bad3c948f4d605d) (ScriptedImporter) -> (Import Result ID: '6706611e34b30a3534a03e881381c1c6') in 0.0513216 seconds [static and dynamic dependencies]. Details - ImportResultOutputID=427e7d2239e2c4fccb7ce3d8de6be103 DependenciesID=2fb899f7a7f93ed76fc4019873360df9 StaticDependenciesID=5b2002815af8214ad32cf163e486cb6e 
Number of updated asset objects reloaded before import = 0Number of asset objects unloaded after import = 0

========================================================================
Received Import Request.
  Time since last request: 0.000016 seconds.
  path: Assets/Samples/XR Interaction Toolkit/3.4.1/Starter Assets/DemoAssets/Models/Primitive_Blaster.fbx
  importAddress: Guid(e8cf87fef9298444ca38948b2c8a4073) Importer(2089858483,b0f066a214c2f5e87bad3c948f4d605d)
Start importing Assets/Samples/XR Interaction Toolkit/3.4.1/Starter Assets/DemoAssets/Models/Primitive_Blaster.fbx using Guid(e8cf87fef9298444ca38948b2c8a4073) Importer(2089858483,b0f066a214c2f5e87bad3c948f4d605d) (ScriptedImporter) -> (Import Result ID: 'cad17e65bdc869a5910a3c616aad2a63') in 0.0088077 seconds [static and dynamic dependencies]. Details - ImportResultOutputID=2d99760443c4c8b48dd5068df43a3057 DependenciesID=7e1721ff9074781fbb5f30ae5ea79687 StaticDependenciesID=9803e93ef78882623ecf310192b7ded3 
Number of updated asset objects reloaded before import = 0Number of asset objects unloaded after import = 9

========================================================================
Received Import Request.
  Time since last request: 0.000013 seconds.
  path: Assets/Samples/XR Interaction Toolkit/3.4.1/Starter Assets/Prefabs/Controllers/XR Controller Right.prefab
  importAddress: Guid(9f3369e30fbd31f4bb596b1a99babe83) Importer(2089858483,b0f066a214c2f5e87bad3c948f4d605d)
Start importing Assets/Samples/XR Interaction Toolkit/3.4.1/Starter Assets/Prefabs/Controllers/XR Controller Right.prefab using Guid(9f3369e30fbd31f4bb596b1a99babe83) Importer(2089858483,b0f066a214c2f5e87bad3c948f4d605d) (ScriptedImporter) -> (Import Result ID: 'ca7b22fa569f326ebb6b9191ef40337f') in 0.0123459 seconds [static and dynamic dependencies]. Details - ImportResultOutputID=bfc0ac9e6f599ea1f39410896f4c16dd DependenciesID=9852bf8b03db700885759fdf5196f2ec StaticDependenciesID=f4566acf56be2eaa780c5d4c614c5e4b 
Number of updated asset objects reloaded before import = 0Number of asset objects unloaded after import = 59

========================================================================
Received Import Request.
  Time since last request: 0.000018 seconds.
  path: Assets/TutorialInfo/Scripts/Editor/ReadmeEditor.cs
  importAddress: Guid(476cc7d7cd9874016adc216baab94a0a) Importer(2089858483,b0f066a214c2f5e87bad3c948f4d605d)
Start importing Assets/TutorialInfo/Scripts/Editor/ReadmeEditor.cs using Guid(476cc7d7cd9874016adc216baab94a0a) Importer(2089858483,b0f066a214c2f5e87bad3c948f4d605d) (ScriptedImporter) -> (Import Result ID: 'bc43e63c9e0816a24f8523d49f3419fe') in 0.0028558 seconds [static and dynamic dependencies]. Details - ImportResultOutputID=31b76fe95308a3d1cea267b1a69b2496 DependenciesID=a0365744c3d3f00c1e77c94b477a250a StaticDependenciesID=197ea9f99629281f6528a0e7dd0c203c 
Number of updated asset objects reloaded before import = 0Number of asset objects unloaded after import = 0

========================================================================
Received Import Request.
  Time since last request: 0.000025 seconds.
  path: Assets/Training table/LODs/lod1.fbx
  importAddress: Guid(ab55f17d1d8301c489b9b1781b5beb8d) Importer(2089858483,b0f066a214c2f5e87bad3c948f4d605d)
Start importing Assets/Training table/LODs/lod1.fbx using Guid(ab55f17d1d8301c489b9b1781b5beb8d) Importer(2089858483,b0f066a214c2f5e87bad3c948f4d605d) (ScriptedImporter) -> (Import Result ID: 'f3b6dcc2884a48f7d95663aafd8adf18') in 0.011239 seconds [static and dynamic dependencies]. Details - ImportResultOutputID=137ab87b035c02049f60e64e26f046dc DependenciesID=e727a701371f95d6aaf1f1308e9a59f2 StaticDependenciesID=38d4749416efcd2039dc50d3454b8f00 
Number of updated asset objects reloaded before import = 0Number of asset objects unloaded after import = 9

========================================================================
Received Import Request.
  Time since last request: 0.000013 seconds.
  path: Assets/Samples/XR Interaction Toolkit/3.4.1/Starter Assets/DemoAssets/Prefabs/UI/Scroll UI Sample.prefab
  importAddress: Guid(0cbc0856f0fb8d84a81be5dea463c369) Importer(2089858483,b0f066a214c2f5e87bad3c948f4d605d)
Start importing Assets/Samples/XR Interaction Toolkit/3.4.1/Starter Assets/DemoAssets/Prefabs/UI/Scroll UI Sample.prefab using Guid(0cbc0856f0fb8d84a81be5dea463c369) Importer(2089858483,b0f066a214c2f5e87bad3c948f4d605d) (ScriptedImporter) -> (Import Result ID: '7f9ee2008d71dbba56875a1ff6091b12') in 0.0204973 seconds [static and dynamic dependencies]. Details - ImportResultOutputID=55d063561a4cebda91397561017bbcf6 DependenciesID=0a15a9b29cb606319ecb94f852d6be5c StaticDependenciesID=3b86edd358e29878fc7d09b3475b1584 
Number of updated asset objects reloaded before import = 0Number of asset objects unloaded after import = 80

========================================================================
Received Import Request.
  Time since last request: 0.000017 seconds.
  path: Assets/Samples/XR Interaction Toolkit/3.4.1/Starter Assets/DemoAssets/Prefabs/Teleport/Teleport Area.prefab
  importAddress: Guid(beb4e2871579447497fe41dfb108e2cd) Importer(2089858483,b0f066a214c2f5e87bad3c948f4d605d)
Start importing Assets/Samples/XR Interaction Toolkit/3.4.1/Starter Assets/DemoAssets/Prefabs/Teleport/Teleport Area.prefab using Guid(beb4e2871579447497fe41dfb108e2cd) Importer(2089858483,b0f066a214c2f5e87bad3c948f4d605d) (ScriptedImporter) -> (Import Result ID: 'c42ca558be144cdbdccbc8a60ef11b21') in 0.0113663 seconds [static and dynamic dependencies]. Details - ImportResultOutputID=952410bf50a647fb60494e93b11ae58c DependenciesID=e540f7ab62bcc00905a13c4acefd2303 StaticDependenciesID=c9f03773df1d6d4020ef3681f5620aa6 
Number of updated asset objects reloaded before import = 0Number of asset objects unloaded after import = 10

========================================================================
Received Import Request.
  Time since last request: 0.000014 seconds.
  path: Assets/Samples/XR Interaction Toolkit/3.4.1/Starter Assets/DemoAssets/Prefabs/UI/MinMaxSlider.prefab
  importAddress: Guid(657321a07c3561043af55547ec4b0ed7) Importer(2089858483,b0f066a214c2f5e87bad3c948f4d605d)
Start importing Assets/Samples/XR Interaction Toolkit/3.4.1/Starter Assets/DemoAssets/Prefabs/UI/MinMaxSlider.prefab using Guid(657321a07c3561043af55547ec4b0ed7) Importer(2089858483,b0f066a214c2f5e87bad3c948f4d605d) (ScriptedImporter) -> (Import Result ID: '144102ba87e82026e50c5e26929cba23') in 0.0123097 seconds [static and dynamic dependencies]. Details - ImportResultOutputID=d3d1eff9e1ddc869f9a6cbc664c43049 DependenciesID=2eb532454ef102a8a77620c5da8469af StaticDependenciesID=cbb417a79df6cff8c79cd07bfa44892f 
Number of updated asset objects reloaded before import = 0Number of asset objects unloaded after import = 26

========================================================================
Received Import Request.
  Time since last request: 0.000014 seconds.
  path: Assets/Samples/XR Interaction Toolkit/3.4.1/Starter Assets/DemoAssets/Prefabs/UI/Interactive Controls.prefab
  importAddress: Guid(7bbb1960bab3e75459304488d8d1ffba) Importer(2089858483,b0f066a214c2f5e87bad3c948f4d605d)
Start importing Assets/Samples/XR Interaction Toolkit/3.4.1/Starter Assets/DemoAssets/Prefabs/UI/Interactive Controls.prefab using Guid(7bbb1960bab3e75459304488d8d1ffba) Importer(2089858483,b0f066a214c2f5e87bad3c948f4d605d) (ScriptedImporter) -> (Import Result ID: 'b0daaff54bef3b9ab846e212d77e57e3') in 0.0207517 seconds [static and dynamic dependencies]. Details - ImportResultOutputID=6f0dbf94ddc4813610912c40e6db6653 DependenciesID=4ee091235a5588c05971e50d737b4682 StaticDependenciesID=8c8e5c20b65855975102ac5978b59bf9 
Number of updated asset objects reloaded before import = 0Number of asset objects unloaded after import = 206

========================================================================
Received Import Request.
  Time since last request: 0.000022 seconds.
  path: Assets/Samples/XR Interaction Toolkit/3.4.1/Starter Assets/DemoAssets/Prefabs/UI/Dropdown.prefab
  importAddress: Guid(870459f1cb8d7b7428337cc5935feb67) Importer(2089858483,b0f066a214c2f5e87bad3c948f4d605d)
Start importing Assets/Samples/XR Interaction Toolkit/3.4.1/Starter Assets/DemoAssets/Prefabs/UI/Dropdown.prefab using Guid(870459f1cb8d7b7428337cc5935feb67) Importer(2089858483,b0f066a214c2f5e87bad3c948f4d605d) (ScriptedImporter) -> (Import Result ID: '754688a77ee37098d5eec776d0afc6a1') in 0.0253763 seconds [static and dynamic dependencies]. Details - ImportResultOutputID=b4ba260a2942223a630a93c0ebbd95f5 DependenciesID=1eb9a5bc26734585ca3fac69735ea5d4 StaticDependenciesID=d0c05a21c5e9539a0d69a1fe3ce01327 
Number of updated asset objects reloaded before import = 0Number of asset objects unloaded after import = 69

========================================================================
Received Import Request.
  Time since last request: 0.000026 seconds.
  path: Assets/Samples/XR Interaction Toolkit/3.4.1/Starter Assets/Animations/Climb Teleport Arrow.controller
  importAddress: Guid(db6239f7ccb29ca4aac63126c6a35e7d) Importer(2089858483,b0f066a214c2f5e87bad3c948f4d605d)
Start importing Assets/Samples/XR Interaction Toolkit/3.4.1/Starter Assets/Animations/Climb Teleport Arrow.controller using Guid(db6239f7ccb29ca4aac63126c6a35e7d) Importer(2089858483,b0f066a214c2f5e87bad3c948f4d605d) (ScriptedImporter) -> (Import Result ID: '23b7297364fc73481bd284c83d91d431') in 0.0078696 seconds [static and dynamic dependencies]. Details - ImportResultOutputID=9b7a6d1272c07299700ee654efdaaff4 DependenciesID=3857e751558601f87e5ff773ff4fc6ce StaticDependenciesID=ebbd5384f59934ee2891cf43b3e4fb06 
Number of updated asset objects reloaded before import = 0Number of asset objects unloaded after import = 4

========================================================================
Received Import Request.
  Time since last request: 0.000015 seconds.
  path: Assets/Samples/XR Interaction Toolkit/3.4.1/Starter Assets/Prefabs/Interactors/Poke Interactor.prefab
  importAddress: Guid(27024f5809f4a4347b9cd7f26a1bdf93) Importer(2089858483,b0f066a214c2f5e87bad3c948f4d605d)
Start importing Assets/Samples/XR Interaction Toolkit/3.4.1/Starter Assets/Prefabs/Interactors/Poke Interactor.prefab using Guid(27024f5809f4a4347b9cd7f26a1bdf93) Importer(2089858483,b0f066a214c2f5e87bad3c948f4d605d) (ScriptedImporter) -> (Import Result ID: '56128005ec4b76cfd23c4b7203181073') in 0.010633 seconds [static and dynamic dependencies]. Details - ImportResultOutputID=b02c5014af7f4dd38328618fc5052ff3 DependenciesID=34abfc4b55baa87077eedd5db39788ef StaticDependenciesID=bde13c92baf553eb4dc8c7f5e7026917 
Number of updated asset objects reloaded before import = 0Number of asset objects unloaded after import = 12

========================================================================
Received Import Request.
  Time since last request: 0.000013 seconds.
  path: Assets/Samples/XR Interaction Toolkit/3.4.1/Starter Assets/DemoAssets/Prefabs/Interactables/Confetti.prefab
  importAddress: Guid(7942e6544a2b2ae48bcf988d9aed838d) Importer(2089858483,b0f066a214c2f5e87bad3c948f4d605d)
Start importing Assets/Samples/XR Interaction Toolkit/3.4.1/Starter Assets/DemoAssets/Prefabs/Interactables/Confetti.prefab using Guid(7942e6544a2b2ae48bcf988d9aed838d) Importer(2089858483,b0f066a214c2f5e87bad3c948f4d605d) (ScriptedImporter) -> (Import Result ID: '7702c5eba280b66b46b4c9355edf7878') in 0.0415128 seconds [static and dynamic dependencies]. Details - ImportResultOutputID=627d3af2bf39abdbab23308a0ed7e58c DependenciesID=2eb0c4964c46e0daa44a5325974c5cba StaticDependenciesID=11880fad54446ef5e578cd3cd95f28be 
Number of updated asset objects reloaded before import = 0Number of asset objects unloaded after import = 6

========================================================================
Received Import Request.
  Time since last request: 0.000015 seconds.
  path: Assets/Training table/Render/screenshot003.png
  importAddress: Guid(23df3a8da6599ea4a826a5caa2e9ca03) Importer(2089858483,b0f066a214c2f5e87bad3c948f4d605d)
Start importing Assets/Training table/Render/screenshot003.png using Guid(23df3a8da6599ea4a826a5caa2e9ca03) Importer(2089858483,b0f066a214c2f5e87bad3c948f4d605d) (ScriptedImporter) -> (Import Result ID: '40dc1d8a1bd00f0280476f092576daf3') in 0.0087957 seconds [static and dynamic dependencies]. Details - ImportResultOutputID=2395fd438c2c31505f78eceb44fb8161 DependenciesID=41e71e0d6bf762053b506c9523da19ab StaticDependenciesID=39edeb9137fbfce16d65b990f4ef90d9 
Number of updated asset objects reloaded before import = 0Number of asset objects unloaded after import = 1

========================================================================
Received Import Request.
  Time since last request: 0.000013 seconds.
  path: Assets/Samples/XR Interaction Toolkit/3.4.1/Starter Assets/DemoAssets/Materials/Concrete Dark Blue.mat
  importAddress: Guid(bbb56ac3cf3c61a46ab3887c0fdbda8f) Importer(2089858483,b0f066a214c2f5e87bad3c948f4d605d)
Start importing Assets/Samples/XR Interaction Toolkit/3.4.1/Starter Assets/DemoAssets/Materials/Concrete Dark Blue.mat using Guid(bbb56ac3cf3c61a46ab3887c0fdbda8f) Importer(2089858483,b0f066a214c2f5e87bad3c948f4d605d) (ScriptedImporter) -> (Import Result ID: '64322db505fb9469418105a8baa1d2e3') in 0.0085609 seconds [static and dynamic dependencies]. Details - ImportResultOutputID=2845975f9abbe14a56575341ac6ccbe3 DependenciesID=5440bf8e52efaaa47560e8a728112ca1 StaticDependenciesID=45988c7c8a959f79f246a26d5ef18881 
Number of updated asset objects reloaded before import = 0Number of asset objects unloaded after import = 3

========================================================================
Received Import Request.
  Time since last request: 0.000021 seconds.
  path: Assets/Samples/XR Interaction Toolkit/3.4.1/Starter Assets/DemoAssets/Sprites/Round Radius 4 Outline.png
  importAddress: Guid(b7bad1260586fa746a0b67e930892936) Importer(2089858483,b0f066a214c2f5e87bad3c948f4d605d)
Start importing Assets/Samples/XR Interaction Toolkit/3.4.1/Starter Assets/DemoAssets/Sprites/Round Radius 4 Outline.png using Guid(b7bad1260586fa746a0b67e930892936) Importer(2089858483,b0f066a214c2f5e87bad3c948f4d605d) (ScriptedImporter) -> (Import Result ID: 'a46f7b25296fddbb4816f0fb255b972c') in 0.00684 seconds [static and dynamic dependencies]. Details - ImportResultOutputID=bfb5d727a8ce6fcce376d3badc11ddab DependenciesID=559081fcd063dd1731cc55ab09171dd9 StaticDependenciesID=7800f67d06bc9605e8abcd530b642e3a 
Number of updated asset objects reloaded before import = 0Number of asset objects unloaded after import = 3

========================================================================
Received Import Request.
  Time since last request: 0.000024 seconds.
  path: Assets/Samples/XR Interaction Toolkit/3.4.1/Starter Assets/Presets/XRI Default Continuous Turn.preset
  importAddress: Guid(735a78fc7c2a98a4e85e0e42bf895f48) Importer(2089858483,b0f066a214c2f5e87bad3c948f4d605d)
Start importing Assets/Samples/XR Interaction Toolkit/3.4.1/Starter Assets/Presets/XRI Default Continuous Turn.preset using Guid(735a78fc7c2a98a4e85e0e42bf895f48) Importer(2089858483,b0f066a214c2f5e87bad3c948f4d605d) (ScriptedImporter) -> (Import Result ID: '4744a189569793f7ab1e7bd47216b8b2') in 0.0055617 seconds [static and dynamic dependencies]. Details - ImportResultOutputID=471eeb0ac3ea9cacdb100475dd913579 DependenciesID=57618025f5e345d3d3c1f9f77f94b38a StaticDependenciesID=f1a2fc628e2a1c1ec0744eaa8885d2df 
Number of updated asset objects reloaded before import = 0Number of asset objects unloaded after import = 4

========================================================================
Received Import Request.
  Time since last request: 0.000014 seconds.
  path: Assets/TextMesh Pro/Resources/LineBreaking Following Characters.txt
  importAddress: Guid(fade42e8bc714b018fac513c043d323b) Importer(2089858483,b0f066a214c2f5e87bad3c948f4d605d)
Start importing Assets/TextMesh Pro/Resources/LineBreaking Following Characters.txt using Guid(fade42e8bc714b018fac513c043d323b) Importer(2089858483,b0f066a214c2f5e87bad3c948f4d605d) (ScriptedImporter) -> (Import Result ID: '557571d22a35cb0d0bfed2dc850bb6a3') in 0.003588 seconds [static and dynamic dependencies]. Details - ImportResultOutputID=cb58efd2c0db697b02b16f456d0b9d10 DependenciesID=1ddd06222cc58f11be1011d6e2dc7f1a StaticDependenciesID=61c782e1da5d1ad2f75307915ca7e1f2 
Number of updated asset objects reloaded before import = 0Number of asset objects unloaded after import = 1

========================================================================
Received Import Request.
  Time since last request: 0.000013 seconds.
  path: Assets/Samples/XR Interaction Toolkit/3.4.1/Starter Assets/DemoAssets/Sprites/LegibilityMask.png
  importAddress: Guid(a85d80c1edb5d2f458d42e79f78055b9) Importer(2089858483,b0f066a214c2f5e87bad3c948f4d605d)
Start importing Assets/Samples/XR Interaction Toolkit/3.4.1/Starter Assets/DemoAssets/Sprites/LegibilityMask.png using Guid(a85d80c1edb5d2f458d42e79f78055b9) Importer(2089858483,b0f066a214c2f5e87bad3c948f4d605d) (ScriptedImporter) -> (Import Result ID: '8f1c437153743aa7424c2fb60fddf533') in 0.0087954 seconds [static and dynamic dependencies]. Details - ImportResultOutputID=d97bcb240ce414b7f92da761732884ce DependenciesID=63a67853c56524d548820fc8c08b724f StaticDependenciesID=9bfb6ae63219c46d390692552dd8c482 
Number of updated asset objects reloaded before import = 0Number of asset objects unloaded after import = 3

========================================================================
Received Import Request.
  Time since last request: 0.000017 seconds.
  path: Assets/TutorialInfo/Icons/URP.png
  importAddress: Guid(727a75301c3d24613a3ebcec4a24c2c8) Importer(2089858483,b0f066a214c2f5e87bad3c948f4d605d)
Start importing Assets/TutorialInfo/Icons/URP.png using Guid(727a75301c3d24613a3ebcec4a24c2c8) Importer(2089858483,b0f066a214c2f5e87bad3c948f4d605d) (ScriptedImporter) -> (Import Result ID: 'fcf32039622f5a8c1c933268e7f84554') in 0.0054432 seconds [static and dynamic dependencies]. Details - ImportResultOutputID=0b0a224afae26ab7fc725d9f4dcf11b1 DependenciesID=1888bf527412200544e983db08b60ba6 StaticDependenciesID=ad76071ef1d64f1b986e99f9d51a3f3a 
Number of updated asset objects reloaded before import = 0Number of asset objects unloaded after import = 1

========================================================================
Received Import Request.
  Time since last request: 0.000013 seconds.
  path: Assets/Samples/XR Interaction Toolkit/3.4.1/Starter Assets/Materials/MaterialPipelineHandler.asset
  importAddress: Guid(dbe8dcb68b75cd2498ab6c1d96e072a4) Importer(2089858483,b0f066a214c2f5e87bad3c948f4d605d)
Start importing Assets/Samples/XR Interaction Toolkit/3.4.1/Starter Assets/Materials/MaterialPipelineHandler.asset using Guid(dbe8dcb68b75cd2498ab6c1d96e072a4) Importer(2089858483,b0f066a214c2f5e87bad3c948f4d605d) (ScriptedImporter) -> (Import Result ID: '11c063a27c7ef79decd43e8f797d8e90') in 0.0095968 seconds [static and dynamic dependencies]. Details - ImportResultOutputID=9cc34a7e980a9e4ffa15e756c948a21c DependenciesID=c2c6ec8b484b705b7cc26e8b79ea2988 StaticDependenciesID=3019e1f8bcf1d5115c82015d0a01d372 
Number of updated asset objects reloaded before import = 0Number of asset objects unloaded after import = 9

========================================================================
Received Import Request.
  Time since last request: 0.000015 seconds.
  path: Assets/Samples/XR Interaction Toolkit/3.4.1/Starter Assets/Models/Reticle_Torus.fbx
  importAddress: Guid(be2911572dc3afa448d24b4e97edc5f1) Importer(2089858483,b0f066a214c2f5e87bad3c948f4d605d)
Start importing Assets/Samples/XR Interaction Toolkit/3.4.1/Starter Assets/Models/Reticle_Torus.fbx using Guid(be2911572dc3afa448d24b4e97edc5f1) Importer(2089858483,b0f066a214c2f5e87bad3c948f4d605d) (ScriptedImporter) -> (Import Result ID: '63b524c8ed3a06f42b8d40450dec2c6f') in 0.0111689 seconds [static and dynamic dependencies]. Details - ImportResultOutputID=0d91f803681326ee3dd487f2ed957f73 DependenciesID=106a227129c3f66a4343c6746b2e581f StaticDependenciesID=b90aee1bb28acb61fd51370a4b1443fb 
Number of updated asset objects reloaded before import = 0Number of asset objects unloaded after import = 9

========================================================================
Received Import Request.
  Time since last request: 0.000025 seconds.
  path: Assets/Settings/PC_RPAsset.asset
  importAddress: Guid(4b83569d67af61e458304325a23e5dfd) Importer(2089858483,b0f066a214c2f5e87bad3c948f4d605d)
Start importing Assets/Settings/PC_RPAsset.asset using Guid(4b83569d67af61e458304325a23e5dfd) Importer(2089858483,b0f066a214c2f5e87bad3c948f4d605d) (ScriptedImporter) -> (Import Result ID: 'b2453a60941e09b5a7f9cd2e96ff0587') in 0.0079823 seconds [static and dynamic dependencies]. Details - ImportResultOutputID=85540647219ef9f463915156b34eb23b DependenciesID=cb1fb74275ad109627d112b6385807a0 StaticDependenciesID=509c9baf497f5dd8de9ecd9439238a28 
Number of updated asset objects reloaded before import = 0Number of asset objects unloaded after import = 1

========================================================================
Received Import Request.
  Time since last request: 0.000026 seconds.
  path: Assets/Settings/Mobile_Renderer.asset
  importAddress: Guid(65bc7dbf4170f435aa868c779acfb082) Importer(2089858483,b0f066a214c2f5e87bad3c948f4d605d)
Start importing Assets/Settings/Mobile_Renderer.asset using Guid(65bc7dbf4170f435aa868c779acfb082) Importer(2089858483,b0f066a214c2f5e87bad3c948f4d605d) (ScriptedImporter) -> (Import Result ID: '3481d17db369f1f39630e362b6b10176') in 0.0047047 seconds [static and dynamic dependencies]. Details - ImportResultOutputID=043a32d1d2ff4c864dea8d0e6c38b88f DependenciesID=552a4a99f6f1746d365134a112258f97 StaticDependenciesID=26eae6fb2e182c755759d1ab226e9b51 
Number of updated asset objects reloaded before import = 0Number of asset objects unloaded after import = 1

========================================================================
Received Import Request.
  Time since last request: 0.000013 seconds.
  path: Assets/Samples/XR Interaction Toolkit/3.4.1/Starter Assets/Materials/Interactable.mat
  importAddress: Guid(76618f7490c40334fa7b685859587d2e) Importer(2089858483,b0f066a214c2f5e87bad3c948f4d605d)
Start importing Assets/Samples/XR Interaction Toolkit/3.4.1/Starter Assets/Materials/Interactable.mat using Guid(76618f7490c40334fa7b685859587d2e) Importer(2089858483,b0f066a214c2f5e87bad3c948f4d605d) (ScriptedImporter) -> (Import Result ID: '0e7f0feac6c3f8d42a10f13e145700d7') in 0.0076294 seconds [static and dynamic dependencies]. Details - ImportResultOutputID=4ad693cbc0651443baa04a2fd27a0d7c DependenciesID=705f25b4ac9493ba386503ac617377d4 StaticDependenciesID=865d82d43fcd126319b8bc29e521ec93 
Number of updated asset objects reloaded before import = 0Number of asset objects unloaded after import = 8

========================================================================
Received Import Request.
  Time since last request: 0.000016 seconds.
  path: Assets/Samples/XR Interaction Toolkit/3.4.1/Starter Assets/TunnelingVignette/TunnelingVignetteSG.shadergraph
  importAddress: Guid(c109fab5d2bf5f64598ed69d2c16ceb3) Importer(2089858483,b0f066a214c2f5e87bad3c948f4d605d)
Start importing Assets/Samples/XR Interaction Toolkit/3.4.1/Starter Assets/TunnelingVignette/TunnelingVignetteSG.shadergraph using Guid(c109fab5d2bf5f64598ed69d2c16ceb3) Importer(2089858483,b0f066a214c2f5e87bad3c948f4d605d) (ScriptedImporter) -> (Import Result ID: 'f6b7af267b0f0c307c4ed3b3567b7224') in 0.0088046 seconds [static and dynamic dependencies]. Details - ImportResultOutputID=de3c992a080d8784bf35274b0703af78 DependenciesID=17d9dd5b7c94e4ac302f05c5fbfd30e4 StaticDependenciesID=959cdf79f7bbea85763f10ca290b835d 
Number of updated asset objects reloaded before import = 0Number of asset objects unloaded after import = 5

========================================================================
Received Import Request.
  Time since last request: 0.000013 seconds.
  path: Assets/Samples/XR Interaction Toolkit/3.4.1/Starter Assets/Scripts/RotationAxisLockGrabTransformer.cs
  importAddress: Guid(4dd2e41114c62b44fbd334ca5b314352) Importer(2089858483,b0f066a214c2f5e87bad3c948f4d605d)
Start importing Assets/Samples/XR Interaction Toolkit/3.4.1/Starter Assets/Scripts/RotationAxisLockGrabTransformer.cs using Guid(4dd2e41114c62b44fbd334ca5b314352) Importer(2089858483,b0f066a214c2f5e87bad3c948f4d605d) (ScriptedImporter) -> (Import Result ID: '1eea51a10afbc7d0d7e6e13d6d654393') in 0.0027228 seconds [static and dynamic dependencies]. Details - ImportResultOutputID=9c1b186b742c1197bc0628d81251854e DependenciesID=e1298f129ead28554c214ac12a0ad204 StaticDependenciesID=d4d5a0229dfeab00eecb0214b201f2ec 
Number of updated asset objects reloaded before import = 0Number of asset objects unloaded after import = 0

========================================================================
Received Import Request.
  Time since last request: 0.000013 seconds.
  path: Assets/TextMesh Pro/Resources/Fonts & Materials/LiberationSans SDF - Fallback.asset
  importAddress: Guid(2e498d1c8094910479dc3e1b768306a4) Importer(2089858483,b0f066a214c2f5e87bad3c948f4d605d)
Start importing Assets/TextMesh Pro/Resources/Fonts & Materials/LiberationSans SDF - Fallback.asset using Guid(2e498d1c8094910479dc3e1b768306a4) Importer(2089858483,b0f066a214c2f5e87bad3c948f4d605d) (ScriptedImporter) -> (Import Result ID: '1236f353fb09090e5d3f775b91355ae0') in 0.0075587 seconds [static and dynamic dependencies]. Details - ImportResultOutputID=954e7ae257813f73187ecd9d572063e1 DependenciesID=6f3647e16083c7b668c71f609ebb5ddb StaticDependenciesID=e7670f085571b23d7052f65e6a4e25e6 
Number of updated asset objects reloaded before import = 0Number of asset objects unloaded after import = 5

========================================================================
Received Import Request.
  Time since last request: 0.000014 seconds.
  path: Assets/TextMesh Pro/Resources/Style Sheets/Default Style Sheet.asset
  importAddress: Guid(f952c082cb03451daed3ee968ac6c63e) Importer(2089858483,b0f066a214c2f5e87bad3c948f4d605d)
Start importing Assets/TextMesh Pro/Resources/Style Sheets/Default Style Sheet.asset using Guid(f952c082cb03451daed3ee968ac6c63e) Importer(2089858483,b0f066a214c2f5e87bad3c948f4d605d) (ScriptedImporter) -> (Import Result ID: '2df7586d115babd7a2a62e2f60d938aa') in 0.0067844 seconds [static and dynamic dependencies]. Details - ImportResultOutputID=89ffab979d3e93ac9730ffe193e7822c DependenciesID=0e8390b4bfc02cba46d73a4c16687a28 StaticDependenciesID=29fce2b362eaf2efde4abff3423e70dc 
Number of updated asset objects reloaded before import = 0Number of asset objects unloaded after import = 1

========================================================================
Received Import Request.
  Time since last request: 0.000018 seconds.
  path: Assets/Samples/XR Interaction Toolkit/3.4.1/Starter Assets/DemoAssets/Textures/Concrete_Metallic.tif
  importAddress: Guid(f3fb518ec70eb4047b1c6ec34933fbce) Importer(2089858483,b0f066a214c2f5e87bad3c948f4d605d)
Start importing Assets/Samples/XR Interaction Toolkit/3.4.1/Starter Assets/DemoAssets/Textures/Concrete_Metallic.tif using Guid(f3fb518ec70eb4047b1c6ec34933fbce) Importer(2089858483,b0f066a214c2f5e87bad3c948f4d605d) (ScriptedImporter) -> (Import Result ID: '7a3590eb8eae10eb2a0d7a04170170ac') in 0.006471 seconds [static and dynamic dependencies]. Details - ImportResultOutputID=b7764a5765fa031696b67166aa600f60 DependenciesID=4ca20662fcc27027edeeddac2f352970 StaticDependenciesID=5fb47271277045a31f83e9380c07a999 
Number of updated asset objects reloaded before import = 0Number of asset objects unloaded after import = 1

========================================================================
Received Import Request.
  Time since last request: 0.000027 seconds.
  path: Assets/Samples/XR Interaction Toolkit/3.4.1/Starter Assets/DemoAssets/Settings/TeleportDestinationSettings.asset
  importAddress: Guid(8d66c9762e1587643a1164368c8a2c58) Importer(2089858483,b0f066a214c2f5e87bad3c948f4d605d)
Start importing Assets/Samples/XR Interaction Toolkit/3.4.1/Starter Assets/DemoAssets/Settings/TeleportDestinationSettings.asset using Guid(8d66c9762e1587643a1164368c8a2c58) Importer(2089858483,b0f066a214c2f5e87bad3c948f4d605d) (ScriptedImporter) -> (Import Result ID: 'd07fcbc115cb5e4e073054bd22b86cce') in 0.0056154 seconds [static and dynamic dependencies]. Details - ImportResultOutputID=dd8d672199de681dff03057997282e73 DependenciesID=5d0557869c674e50838b2875aaabfbd8 StaticDependenciesID=149be84437e49237de8072896a516619 
Number of updated asset objects reloaded before import = 0Number of asset objects unloaded after import = 2

========================================================================
Received Import Request.
  Time since last request: 0.000013 seconds.
  path: Assets/Samples/XR Interaction Toolkit/3.4.1/Starter Assets/DemoAssets/Prefabs/Climb/Climb Sample.prefab
  importAddress: Guid(2ea572d587ee60f44bd5baa3bc2d6503) Importer(2089858483,b0f066a214c2f5e87bad3c948f4d605d)
Start importing Assets/Samples/XR Interaction Toolkit/3.4.1/Starter Assets/DemoAssets/Prefabs/Climb/Climb Sample.prefab using Guid(2ea572d587ee60f44bd5baa3bc2d6503) Importer(2089858483,b0f066a214c2f5e87bad3c948f4d605d) (ScriptedImporter) -> (Import Result ID: 'e0d0fd5b5c9fde1d61a7b4fa24a6dab9') in 0.0128507 seconds [static and dynamic dependencies]. Details - ImportResultOutputID=bcf84ae4d1184e9c6bb429910dc288e7 DependenciesID=4958d0d5b04ce353c532b7217d3e2dc3 StaticDependenciesID=09e696c221474e3ae616905eec49a437 
Number of updated asset objects reloaded before import = 0Number of asset objects unloaded after import = 792

========================================================================
Received Import Request.
  Time since last request: 0.000015 seconds.
  path: Assets/Samples/XR Interaction Toolkit/3.4.1/Starter Assets/DemoAssets/Prefabs/Interactables/Cube.prefab
  importAddress: Guid(2e16046ebcbcb6742a86569d82e56cce) Importer(2089858483,b0f066a214c2f5e87bad3c948f4d605d)
Start importing Assets/Samples/XR Interaction Toolkit/3.4.1/Starter Assets/DemoAssets/Prefabs/Interactables/Cube.prefab using Guid(2e16046ebcbcb6742a86569d82e56cce) Importer(2089858483,b0f066a214c2f5e87bad3c948f4d605d) (ScriptedImporter) -> (Import Result ID: 'fe701072f8cbab594530bbb8c5767000') in 0.0063012 seconds [static and dynamic dependencies]. Details - ImportResultOutputID=0a3d44c0c389a5abb5c27e7f0572b9fe DependenciesID=53874ea60e087f8a2fc94b49056bc0ff StaticDependenciesID=dbdd73a67b0634260bfbec89043a3a8a 
Number of updated asset objects reloaded before import = 0Number of asset objects unloaded after import = 20

========================================================================
Received Import Request.
  Time since last request: 0.000014 seconds.
  path: Assets/Samples/XR Interaction Toolkit/3.4.1/Starter Assets/Prefabs/Teleport/Climb Teleport Arrow.prefab
  importAddress: Guid(ae1968658b9687b47976fe86c062168f) Importer(2089858483,b0f066a214c2f5e87bad3c948f4d605d)
Start importing Assets/Samples/XR Interaction Toolkit/3.4.1/Starter Assets/Prefabs/Teleport/Climb Teleport Arrow.prefab using Guid(ae1968658b9687b47976fe86c062168f) Importer(2089858483,b0f066a214c2f5e87bad3c948f4d605d) (ScriptedImporter) -> (Import Result ID: '863068477b5559a9ef24f0db51e9f969') in 0.0079884 seconds [static and dynamic dependencies]. Details - ImportResultOutputID=90c020b8ba7a1d2089c5ae7b5fa61b3c DependenciesID=430188a7b4850ca94d68643f88ac8418 StaticDependenciesID=b0aaa6924fed1d3188882899a7923e18 
Number of updated asset objects reloaded before import = 0Number of asset objects unloaded after import = 27

========================================================================
Received Import Request.
  Time since last request: 0.000015 seconds.
  path: Assets/Samples/XR Interaction Toolkit/3.4.1/Starter Assets/Prefabs/Affordances/HighlightInteractionAffordance.prefab
  importAddress: Guid(6b12f432fa58c224baf0d659706362be) Importer(2089858483,b0f066a214c2f5e87bad3c948f4d605d)
Start importing Assets/Samples/XR Interaction Toolkit/3.4.1/Starter Assets/Prefabs/Affordances/HighlightInteractionAffordance.prefab using Guid(6b12f432fa58c224baf0d659706362be) Importer(2089858483,b0f066a214c2f5e87bad3c948f4d605d) (ScriptedImporter) -> (Import Result ID: 'a57ecc12da550477d541d9e32da93251') in 0.0058604 seconds [static and dynamic dependencies]. Details - ImportResultOutputID=5af9bb5ea0edccb4f24ad51ec31dc188 DependenciesID=15f0082bb52b071de3cbadb14f27f6a9 StaticDependenciesID=351c56fcb070ee82f1d2555e015b7513 
Number of updated asset objects reloaded before import = 0Number of asset objects unloaded after import = 12

========================================================================
Received Import Request.
  Time since last request: 0.000014 seconds.
  path: Assets/Samples/XR Interaction Toolkit/3.4.1/Starter Assets/DemoAssets/Textures/Concrete_Albedo.tif
  importAddress: Guid(5a327724a94a9674a8a93e6b4e9a6eee) Importer(2089858483,b0f066a214c2f5e87bad3c948f4d605d)
Start importing Assets/Samples/XR Interaction Toolkit/3.4.1/Starter Assets/DemoAssets/Textures/Concrete_Albedo.tif using Guid(5a327724a94a9674a8a93e6b4e9a6eee) Importer(2089858483,b0f066a214c2f5e87bad3c948f4d605d) (ScriptedImporter) -> (Import Result ID: '53c9fa06598bf5780bf3863c1b04a22b') in 0.0079363 seconds [static and dynamic dependencies]. Details - ImportResultOutputID=88fc4275514cd360ffa32c2d5c9b87ab DependenciesID=549a728c13d9f6b0e6cd1bbf81d49172 StaticDependenciesID=7cde209239295e5ee368e5f25d879d60 
Number of updated asset objects reloaded before import = 0Number of asset objects unloaded after import = 1

========================================================================
Received Import Request.
  Time since last request: 0.000016 seconds.
  path: Assets/Samples/XR Interaction Toolkit/3.4.1/Starter Assets/DemoAssets/Sprites/Checkmark.png
  importAddress: Guid(db3e7b7c8db355e499429545071a0321) Importer(2089858483,b0f066a214c2f5e87bad3c948f4d605d)
Start importing Assets/Samples/XR Interaction Toolkit/3.4.1/Starter Assets/DemoAssets/Sprites/Checkmark.png using Guid(db3e7b7c8db355e499429545071a0321) Importer(2089858483,b0f066a214c2f5e87bad3c948f4d605d) (ScriptedImporter) -> (Import Result ID: '1af3af99c4b11c9ac57ee83b82526414') in 0.0068955 seconds [static and dynamic dependencies]. Details - ImportResultOutputID=28e9fbbc2c30c48492d6aa294157e895 DependenciesID=48408b1444b8caa9f34d12b5c4d0575b StaticDependenciesID=979df1ef4ea0064d65d88191447f352e 
Number of updated asset objects reloaded before import = 0Number of asset objects unloaded after import = 3

========================================================================
Received Import Request.
  Time since last request: 0.000023 seconds.
  path: Assets/Samples/XR Interaction Toolkit/3.4.1/Starter Assets/Prefabs/Interactors/Right_NearFarInteractor.prefab
  importAddress: Guid(b200f6587d118224eba8467281481800) Importer(2089858483,b0f066a214c2f5e87bad3c948f4d605d)
Start importing Assets/Samples/XR Interaction Toolkit/3.4.1/Starter Assets/Prefabs/Interactors/Right_NearFarInteractor.prefab using Guid(b200f6587d118224eba8467281481800) Importer(2089858483,b0f066a214c2f5e87bad3c948f4d605d) (ScriptedImporter) -> (Import Result ID: 'ee696fbd0cd856c467b2838a92115f48') in 0.0237288 seconds [static and dynamic dependencies]. Details - ImportResultOutputID=72e6f116c794f557223fbb4dd301b521 DependenciesID=aa9227706127cdacb16ae96034c4db00 StaticDependenciesID=dbbfc96afeaf9f30757532e363e47153 
Number of updated asset objects reloaded before import = 0Number of asset objects unloaded after import = 46

========================================================================
Received Import Request.
  Time since last request: 0.000016 seconds.
  path: Assets/Samples/XR Interaction Toolkit/3.4.1/Starter Assets/DemoAssets/Sprites/Circle_60x60_Horizontal.png
  importAddress: Guid(e45f8f823c093d941855bb23b53b9414) Importer(2089858483,b0f066a214c2f5e87bad3c948f4d605d)
Start importing Assets/Samples/XR Interaction Toolkit/3.4.1/Starter Assets/DemoAssets/Sprites/Circle_60x60_Horizontal.png using Guid(e45f8f823c093d941855bb23b53b9414) Importer(2089858483,b0f066a214c2f5e87bad3c948f4d605d) (ScriptedImporter) -> (Import Result ID: '3935e49b5a52e87ce9cf8413fdebe0f6') in 0.005904 seconds [static and dynamic dependencies]. Details - ImportResultOutputID=49e4ef6ee7c42f39ce14cfcf61c44a38 DependenciesID=3f6869f9705e67ba8dd0ed7bde27a875 StaticDependenciesID=ff29fc92ee1a71399197f3cfe3cb2113 
Number of updated asset objects reloaded before import = 0Number of asset objects unloaded after import = 3

========================================================================
Received Import Request.
  Time since last request: 0.000013 seconds.
  path: Assets/Samples/XR Interaction Toolkit/3.4.1/Starter Assets/DemoAssets/Prefabs/Interactables/Torus.prefab
  importAddress: Guid(521327bdbcb341f782d36f02cab76cb0) Importer(2089858483,b0f066a214c2f5e87bad3c948f4d605d)
Start importing Assets/Samples/XR Interaction Toolkit/3.4.1/Starter Assets/DemoAssets/Prefabs/Interactables/Torus.prefab using Guid(521327bdbcb341f782d36f02cab76cb0) Importer(2089858483,b0f066a214c2f5e87bad3c948f4d605d) (ScriptedImporter) -> (Import Result ID: '22ff9bf9fcbbe6aa7166516428568677') in 0.0093865 seconds [static and dynamic dependencies]. Details - ImportResultOutputID=8ddeebfb0e9b15a7d2957c08a39a6789 DependenciesID=41fc3508b11f6e08af9bcd107b0cf4fd StaticDependenciesID=38c3673ecabef79bee1ca36810a8a447 
Number of updated asset objects reloaded before import = 0Number of asset objects unloaded after import = 25

========================================================================
Received Import Request.
  Time since last request: 0.000014 seconds.
  path: Assets/Samples/XR Interaction Toolkit/3.4.1/Starter Assets/DemoAssets/Scripts/MultiAnchorTeleportReticle.cs
  importAddress: Guid(e001d3dc91354f8f8c590b4e1d1d3da9) Importer(2089858483,b0f066a214c2f5e87bad3c948f4d605d)
Start importing Assets/Samples/XR Interaction Toolkit/3.4.1/Starter Assets/DemoAssets/Scripts/MultiAnchorTeleportReticle.cs using Guid(e001d3dc91354f8f8c590b4e1d1d3da9) Importer(2089858483,b0f066a214c2f5e87bad3c948f4d605d) (ScriptedImporter) -> (Import Result ID: 'eee0a868be4c35df8c315245ae61557a') in 0.0028058 seconds [static and dynamic dependencies]. Details - ImportResultOutputID=f72405e45e76d6a5008b6d97aa2abaf8 DependenciesID=655a51227014479518824b187af8c67b StaticDependenciesID=e0bf4427b8df47a9a88765708d5a2fec 
Number of updated asset objects reloaded before import = 0Number of asset objects unloaded after import = 0

========================================================================
Received Import Request.
  Time since last request: 0.000014 seconds.
  path: Assets/Samples/XR Interaction Toolkit/3.4.1/Starter Assets/DemoAssets/Prefabs/Teleport/Teleport Anchor.prefab
  importAddress: Guid(fad94b617f0540568dbf4c9c4011248c) Importer(2089858483,b0f066a214c2f5e87bad3c948f4d605d)
Start importing Assets/Samples/XR Interaction Toolkit/3.4.1/Starter Assets/DemoAssets/Prefabs/Teleport/Teleport Anchor.prefab using Guid(fad94b617f0540568dbf4c9c4011248c) Importer(2089858483,b0f066a214c2f5e87bad3c948f4d605d) (ScriptedImporter) -> (Import Result ID: 'd488408442f0aba426acb35b7a0381aa') in 0.0112475 seconds [static and dynamic dependencies]. Details - ImportResultOutputID=b2c12e2ba7a7a24bff850935e4eff8a1 DependenciesID=4a1a53c2433f51c66bfcaf10f6ea33cf StaticDependenciesID=378cbc1ec57f20ebe856092467a0984a 
Number of updated asset objects reloaded before import = 0Number of asset objects unloaded after import = 13

========================================================================
Received Import Request.
  Time since last request: 0.000014 seconds.
  path: Assets/Samples/XR Interaction Toolkit/3.4.1/Starter Assets/DemoAssets/Prefabs/UI/Icon Toggle.prefab
  importAddress: Guid(541ed11e270c6994ca5910042c7e04da) Importer(2089858483,b0f066a214c2f5e87bad3c948f4d605d)
Start importing Assets/Samples/XR Interaction Toolkit/3.4.1/Starter Assets/DemoAssets/Prefabs/UI/Icon Toggle.prefab using Guid(541ed11e270c6994ca5910042c7e04da) Importer(2089858483,b0f066a214c2f5e87bad3c948f4d605d) (ScriptedImporter) -> (Import Result ID: '56433984e7df4a8f9f062da413a20f97') in 0.014722 seconds [static and dynamic dependencies]. Details - ImportResultOutputID=0bdfb1e3ae6a58e3ea8f09d16e5bfad9 DependenciesID=c4ac069d59dd2c6012d3c7d0a397b39f StaticDependenciesID=baf64256d95603aec4370b7d76e5eb82 
Number of updated asset objects reloaded before import = 0Number of asset objects unloaded after import = 21

========================================================================
Received Import Request.
  Time since last request: 0.000045 seconds.
  path: Assets/Samples/XR Interaction Toolkit/3.4.1/Starter Assets/Prefabs/Permissions Manager.prefab
  importAddress: Guid(faf53399145e13c4b992b14c97b5f4c0) Importer(2089858483,b0f066a214c2f5e87bad3c948f4d605d)
Start importing Assets/Samples/XR Interaction Toolkit/3.4.1/Starter Assets/Prefabs/Permissions Manager.prefab using Guid(faf53399145e13c4b992b14c97b5f4c0) Importer(2089858483,b0f066a214c2f5e87bad3c948f4d605d) (ScriptedImporter) -> (Import Result ID: '85433c647dd65e1832e9da432ec780df') in 0.0056806 seconds [static and dynamic dependencies]. Details - ImportResultOutputID=4e534d369034dd233772c7d9a2aad554 DependenciesID=c9bf89df97a4024c0ad9c59a73a01f3e StaticDependenciesID=1ff3fb3898732b252a1e0e2bfe1c382e 
Number of updated asset objects reloaded before import = 0Number of asset objects unloaded after import = 5

========================================================================
Received Import Request.
  Time since last request: 0.000026 seconds.
  path: Assets/TextMesh Pro/Shaders/TMP_SDF-HDRP UNLIT.shadergraph
  importAddress: Guid(f63d574838ccfb44f84acc05fed0af48) Importer(2089858483,b0f066a214c2f5e87bad3c948f4d605d)
Start importing Assets/TextMesh Pro/Shaders/TMP_SDF-HDRP UNLIT.shadergraph using Guid(f63d574838ccfb44f84acc05fed0af48) Importer(2089858483,b0f066a214c2f5e87bad3c948f4d605d) (ScriptedImporter) -> (Import Result ID: '897f3c467256c53752548f29baf1bdaf') in 0.0070266 seconds [static and dynamic dependencies]. Details - ImportResultOutputID=a8d843134a73143456ec736740125cdb DependenciesID=2b10a6fd4db3957d956488336134ef67 StaticDependenciesID=008f1acc3a3a56b0b8559fbc9f0c566b 
Number of updated asset objects reloaded before import = 0Number of asset objects unloaded after import = 3

========================================================================
Received Import Request.
  Time since last request: 0.000014 seconds.
  path: Assets/Samples/XR Interaction Toolkit/3.4.1/Starter Assets/DemoAssets/Scripts/IncrementUIText.cs
  importAddress: Guid(ba6ff5e7c92519444bc2a7ca46558963) Importer(2089858483,b0f066a214c2f5e87bad3c948f4d605d)
Start importing Assets/Samples/XR Interaction Toolkit/3.4.1/Starter Assets/DemoAssets/Scripts/IncrementUIText.cs using Guid(ba6ff5e7c92519444bc2a7ca46558963) Importer(2089858483,b0f066a214c2f5e87bad3c948f4d605d) (ScriptedImporter) -> (Import Result ID: 'd52be13ead8ce402de62eadb55684ee0') in 0.0027938 seconds [static and dynamic dependencies]. Details - ImportResultOutputID=a9ee6f9d868bea14e4c87a3a3f6eb289 DependenciesID=9a91647a4ac5533c57db0848c537e41d StaticDependenciesID=6b345e693912e4c2c1fd726723c7d702 
Number of updated asset objects reloaded before import = 0Number of asset objects unloaded after import = 0

========================================================================
Received Import Request.
  Time since last request: 0.000014 seconds.
  path: Assets/Training table/Materials/Training table.mat
  importAddress: Guid(38a44a6d811c7b948b52e25d48a7f404) Importer(2089858483,b0f066a214c2f5e87bad3c948f4d605d)
Start importing Assets/Training table/Materials/Training table.mat using Guid(38a44a6d811c7b948b52e25d48a7f404) Importer(2089858483,b0f066a214c2f5e87bad3c948f4d605d) (ScriptedImporter) -> (Import Result ID: 'a0c8ef268cebdc30bf31f73b71cf9d65') in 0.0338304 seconds [static and dynamic dependencies]. Details - ImportResultOutputID=277f2f0e5ebbee35d871387df045460c DependenciesID=b32062314bd10f37d08e7c6496b64fd1 StaticDependenciesID=90f0bcff4821333099efee2814825202 
Number of updated asset objects reloaded before import = 0Number of asset objects unloaded after import = 4

========================================================================
Received Import Request.
  Time since last request: 0.000016 seconds.
  path: Assets/XR/Settings/OpenXR Editor Settings.asset
  importAddress: Guid(807f455540e94b14d9bfcf4494a1751e) Importer(2089858483,b0f066a214c2f5e87bad3c948f4d605d)
Start importing Assets/XR/Settings/OpenXR Editor Settings.asset using Guid(807f455540e94b14d9bfcf4494a1751e) Importer(2089858483,b0f066a214c2f5e87bad3c948f4d605d) (ScriptedImporter) -> (Import Result ID: '05da2ccd47be1bfb0604ffcd337eeb8f') in 0.0058512 seconds [static and dynamic dependencies]. Details - ImportResultOutputID=d9a96170c07f543e95de0e0117af52ab DependenciesID=a37facfb6bb0b5d3cc91941407a0e7ee StaticDependenciesID=5d1aef61a5675a1d03baa0ba43b292c4 
Number of updated asset objects reloaded before import = 0Number of asset objects unloaded after import = 1

========================================================================
Received Import Request.
  Time since last request: 0.000017 seconds.
  path: Assets/Samples/XR Interaction Toolkit/3.4.1/Starter Assets/Editor/StarterAssets.Editor.asmdef
  importAddress: Guid(9233538b711383d449a485633568d17c) Importer(2089858483,b0f066a214c2f5e87bad3c948f4d605d)
Start importing Assets/Samples/XR Interaction Toolkit/3.4.1/Starter Assets/Editor/StarterAssets.Editor.asmdef using Guid(9233538b711383d449a485633568d17c) Importer(2089858483,b0f066a214c2f5e87bad3c948f4d605d) (ScriptedImporter) -> (Import Result ID: '51bfd6b879567395d672f85846022887') in 0.0039403 seconds [static and dynamic dependencies]. Details - ImportResultOutputID=c3ec722959ab9959761d3b93dbc64b0f DependenciesID=2d8331a0d3a8b5be70b9b45926cce070 StaticDependenciesID=15e3684300a304cf2ed449f5e648d58a 
Number of updated asset objects reloaded before import = 0Number of asset objects unloaded after import = 1

========================================================================
Received Import Request.
  Time since last request: 0.000017 seconds.
  path: Assets/Training table/Textures/Table_low_DefaultMaterial_Normal.png
  importAddress: Guid(8b62609d959732542b426dc25aed1b44) Importer(2089858483,b0f066a214c2f5e87bad3c948f4d605d)
Start importing Assets/Training table/Textures/Table_low_DefaultMaterial_Normal.png using Guid(8b62609d959732542b426dc25aed1b44) Importer(2089858483,b0f066a214c2f5e87bad3c948f4d605d) (ScriptedImporter) -> (Import Result ID: 'f2fea658aeb30421b017504a1903cd03') in 0.0079562 seconds [static and dynamic dependencies]. Details - ImportResultOutputID=c9e961946bc261d0180fc2d025544e3c DependenciesID=e3fa6442c6699e0596b24d3a3c13fae7 StaticDependenciesID=7ff73e18d1c296f2bd72a41710846e2a 
Number of updated asset objects reloaded before import = 0Number of asset objects unloaded after import = 1

========================================================================
Received Import Request.
  Time since last request: 0.000016 seconds.
  path: Assets/Samples/XR Interaction Toolkit/3.4.1/Starter Assets/DemoAssets/Prefabs/Climb/Multi Floor Ladder.prefab
  importAddress: Guid(652585f331bff7e44afb8fe71ec2119f) Importer(2089858483,b0f066a214c2f5e87bad3c948f4d605d)
Start importing Assets/Samples/XR Interaction Toolkit/3.4.1/Starter Assets/DemoAssets/Prefabs/Climb/Multi Floor Ladder.prefab using Guid(652585f331bff7e44afb8fe71ec2119f) Importer(2089858483,b0f066a214c2f5e87bad3c948f4d605d) (ScriptedImporter) -> (Import Result ID: '8493b89a62434c87b6a1203f9a3f05c7') in 0.0104417 seconds [static and dynamic dependencies]. Details - ImportResultOutputID=dce1826acc9c54bae986fe6a07132a5d DependenciesID=9d73137c08def753ac9894ee15e8fc40 StaticDependenciesID=b33426f70dd216aaabb6a6f2bc330d09 
Number of updated asset objects reloaded before import = 0Number of asset objects unloaded after import = 292

========================================================================
Received Import Request.
  Time since last request: 0.000023 seconds.
  path: Assets/Samples/XR Interaction Toolkit/3.4.1/Starter Assets/Scripts/ToggleComponentZone.cs
  importAddress: Guid(5fe39fdeebcc91a45919bfcb77ef6eb4) Importer(2089858483,b0f066a214c2f5e87bad3c948f4d605d)
Start importing Assets/Samples/XR Interaction Toolkit/3.4.1/Starter Assets/Scripts/ToggleComponentZone.cs using Guid(5fe39fdeebcc91a45919bfcb77ef6eb4) Importer(2089858483,b0f066a214c2f5e87bad3c948f4d605d) (ScriptedImporter) -> (Import Result ID: 'cfa005ccefb8c97e0f3a17d85f6e7638') in 0.0035729 seconds [static and dynamic dependencies]. Details - ImportResultOutputID=431fd075faa5f64afcafd4ff93fa8f8c DependenciesID=4da497804f2cc5795b63237894b4b715 StaticDependenciesID=b826fc2e18482ff2ccbda505c7ec6ebb 
Number of updated asset objects reloaded before import = 0Number of asset objects unloaded after import = 0

========================================================================
Received Import Request.
  Time since last request: 0.000014 seconds.
  path: Assets/TextMesh Pro/Shaders/TMP_SDF-Mobile-2-Pass.shader
  importAddress: Guid(0178fcb869bafef4690d177d31d17db8) Importer(2089858483,b0f066a214c2f5e87bad3c948f4d605d)
Start importing Assets/TextMesh Pro/Shaders/TMP_SDF-Mobile-2-Pass.shader using Guid(0178fcb869bafef4690d177d31d17db8) Importer(2089858483,b0f066a214c2f5e87bad3c948f4d605d) (ScriptedImporter) -> (Import Result ID: 'cfc744ba771cf7875ae17c9df3fbbdcb') in 0.0047283 seconds [static and dynamic dependencies]. Details - ImportResultOutputID=5048aa8f0fe5b8763493a2b932a65969 DependenciesID=d1c71ed3e276b6c6cd13167baca13b3f StaticDependenciesID=9121a80a1e20ad10065941938061f954 
Number of updated asset objects reloaded before import = 0Number of asset objects unloaded after import = 1

========================================================================
Received Import Request.
  Time since last request: 0.000013 seconds.
  path: Assets/Samples/XR Interaction Toolkit/3.4.1/Starter Assets/Presets/XRI Default Continuous Move.preset
  importAddress: Guid(27c5945ad36f6f147bc402250679a228) Importer(2089858483,b0f066a214c2f5e87bad3c948f4d605d)
Start importing Assets/Samples/XR Interaction Toolkit/3.4.1/Starter Assets/Presets/XRI Default Continuous Move.preset using Guid(27c5945ad36f6f147bc402250679a228) Importer(2089858483,b0f066a214c2f5e87bad3c948f4d605d) (ScriptedImporter) -> (Import Result ID: 'e365b6ddf2084270ff7001d7de60ae83') in 0.0054907 seconds [static and dynamic dependencies]. Details - ImportResultOutputID=d9bc308e7b085f1b08020c083bf1b131 DependenciesID=da4c31e8296db9d14fbb90594d567b0d StaticDependenciesID=a135877bcecbbe713d343dad41a8cb8a 
Number of updated asset objects reloaded before import = 0Number of asset objects unloaded after import = 4

========================================================================
Received Import Request.
  Time since last request: 0.000015 seconds.
  path: Assets/Samples/XR Interaction Toolkit/3.4.1/Starter Assets/Presets/XRI Default Right Controller InputActionManager.preset
  importAddress: Guid(55f7614a1d331d14bb631965514937d8) Importer(2089858483,b0f066a214c2f5e87bad3c948f4d605d)
Start importing Assets/Samples/XR Interaction Toolkit/3.4.1/Starter Assets/Presets/XRI Default Right Controller InputActionManager.preset using Guid(55f7614a1d331d14bb631965514937d8) Importer(2089858483,b0f066a214c2f5e87bad3c948f4d605d) (ScriptedImporter) -> (Import Result ID: '829857122cf649cbc8a8bdc23c677cc6') in 0.0050336 seconds [static and dynamic dependencies]. Details - ImportResultOutputID=7ad7e477a23769c57ded4e6e3169c9e2 DependenciesID=e838cdda771ca36b6cc79098eb3a9969 StaticDependenciesID=15cc396de09bc48c050fc92e91997fd4 
Number of updated asset objects reloaded before import = 0Number of asset objects unloaded after import = 8

========================================================================
Received Import Request.
  Time since last request: 0.000015 seconds.
  path: Assets/Samples/XR Interaction Toolkit/3.4.1/Starter Assets/DemoAssets/Sprites/Forward.png
  importAddress: Guid(f8ecc54972abacc46a93f671b0602139) Importer(2089858483,b0f066a214c2f5e87bad3c948f4d605d)
Start importing Assets/Samples/XR Interaction Toolkit/3.4.1/Starter Assets/DemoAssets/Sprites/Forward.png using Guid(f8ecc54972abacc46a93f671b0602139) Importer(2089858483,b0f066a214c2f5e87bad3c948f4d605d) (ScriptedImporter) -> (Import Result ID: '791d8e069e7ae1c7a2d7b852a253d83e') in 0.0081058 seconds [static and dynamic dependencies]. Details - ImportResultOutputID=87689e7309fafab3cedd508e4e41aeb2 DependenciesID=5078af64b1efc2bcbb7905f85b536f2e StaticDependenciesID=ba123a85c644fdf155b11790519f6e34 
Number of updated asset objects reloaded before import = 0Number of asset objects unloaded after import = 3

========================================================================
Received Import Request.
  Time since last request: 0.000016 seconds.
  path: Assets/myassets/prefabs/rockSpawner.prefab
  importAddress: Guid(ba5a89fbdf4e8f9449012a1d5d259160) Importer(2089858483,b0f066a214c2f5e87bad3c948f4d605d)
Start importing Assets/myassets/prefabs/rockSpawner.prefab using Guid(ba5a89fbdf4e8f9449012a1d5d259160) Importer(2089858483,b0f066a214c2f5e87bad3c948f4d605d) (ScriptedImporter) -> (Import Result ID: '23610bc77462567d9a4698954e3a8488') in 0.0114906 seconds [static and dynamic dependencies]. Details - ImportResultOutputID=6d669c03ba464bfda7429133306ddb05 DependenciesID=de583f1ba2be7600880a66b8016faad8 StaticDependenciesID=bdfbd8962801a5bad35dfc0e44c736ed 
Number of updated asset objects reloaded before import = 0Number of asset objects unloaded after import = 10

========================================================================
Received Import Request.
  Time since last request: 0.000016 seconds.
  path: Assets/Samples/XR Interaction Toolkit/3.4.1/Starter Assets/Materials/Telport Area.mat
  importAddress: Guid(be1e10ce8a6f8cc4fb08d11c7f722469) Importer(2089858483,b0f066a214c2f5e87bad3c948f4d605d)
Start importing Assets/Samples/XR Interaction Toolkit/3.4.1/Starter Assets/Materials/Telport Area.mat using Guid(be1e10ce8a6f8cc4fb08d11c7f722469) Importer(2089858483,b0f066a214c2f5e87bad3c948f4d605d) (ScriptedImporter) -> (Import Result ID: '3a190863e1e0ebc5ffd2b2e647168e97') in 0.0050043 seconds [static and dynamic dependencies]. Details - ImportResultOutputID=0b593058ecb54a7f0b0aae289eb3ddf2 DependenciesID=6f11ced42e7a60495a79585257536816 StaticDependenciesID=8471969ccf93d3bc15d9ae956142f0af 
Number of updated asset objects reloaded before import = 0Number of asset objects unloaded after import = 2

========================================================================
Received Import Request.
  Time since last request: 0.000024 seconds.
  path: Assets/Samples/XR Interaction Toolkit/3.4.1/Starter Assets/DemoAssets/Prefabs/Interactables/Torus-Cut.prefab
  importAddress: Guid(833cb867d186193418fc107735ae3139) Importer(2089858483,b0f066a214c2f5e87bad3c948f4d605d)
Start importing Assets/Samples/XR Interaction Toolkit/3.4.1/Starter Assets/DemoAssets/Prefabs/Interactables/Torus-Cut.prefab using Guid(833cb867d186193418fc107735ae3139) Importer(2089858483,b0f066a214c2f5e87bad3c948f4d605d) (ScriptedImporter) -> (Import Result ID: 'a1bedd4c911193894aa7e8ab2eb033f3') in 0.0090987 seconds [static and dynamic dependencies]. Details - ImportResultOutputID=67d47ac63e44562fd2c5a28d9e7775f3 DependenciesID=b77167b54c8f6a9f5faea7425bd76ed6 StaticDependenciesID=35c2251e3de267a18770a91c30c2ffed 
Number of updated asset objects reloaded before import = 0Number of asset objects unloaded after import = 24

========================================================================
Received Import Request.
  Time since last request: 0.000015 seconds.
  path: Assets/TextMesh Pro/Shaders/TMP_SDF-HDRP LIT.shadergraph
  importAddress: Guid(ca2ed216f98028c4dae6c5224a952b3c) Importer(2089858483,b0f066a214c2f5e87bad3c948f4d605d)
Start importing Assets/TextMesh Pro/Shaders/TMP_SDF-HDRP LIT.shadergraph using Guid(ca2ed216f98028c4dae6c5224a952b3c) Importer(2089858483,b0f066a214c2f5e87bad3c948f4d605d) (ScriptedImporter) -> (Import Result ID: 'e2646e5e811dd3b09f94f0c5633424bb') in 0.0059057 seconds [static and dynamic dependencies]. Details - ImportResultOutputID=aad5465a7c3eb7c05c5d30bf82174abd DependenciesID=53e1bc78f314a5fa08b94dfa90499f60 StaticDependenciesID=8312091aa1c85ba8c94c8dc71907c7f7 
Number of updated asset objects reloaded before import = 0Number of asset objects unloaded after import = 3

========================================================================
Received Import Request.
  Time since last request: 0.000013 seconds.
  path: Assets/Samples/XR Interaction Toolkit/3.4.1/Starter Assets/StarterAssets.asmdef
  importAddress: Guid(8f07e33567e0ee542b40769c456c6b53) Importer(2089858483,b0f066a214c2f5e87bad3c948f4d605d)
Start importing Assets/Samples/XR Interaction Toolkit/3.4.1/Starter Assets/StarterAssets.asmdef using Guid(8f07e33567e0ee542b40769c456c6b53) Importer(2089858483,b0f066a214c2f5e87bad3c948f4d605d) (ScriptedImporter) -> (Import Result ID: '548955278d4b32db691eb1748f9e6a2b') in 0.0037744 seconds [static and dynamic dependencies]. Details - ImportResultOutputID=b375f68ed10835500df0ab4103ef5a15 DependenciesID=154145f210c202bfd5f53ea54e0bcf04 StaticDependenciesID=df1eb9dff38b1c761dbf2c18d4e75f1f 
Number of updated asset objects reloaded before import = 0Number of asset objects unloaded after import = 1

========================================================================
Received Import Request.
  Time since last request: 0.000013 seconds.
  path: Assets/Samples/XR Interaction Toolkit/3.4.1/Starter Assets/DemoAssets/Prefabs/UI/Text Toggle.prefab
  importAddress: Guid(6a448845c7017044e8a9f3d711cfe825) Importer(2089858483,b0f066a214c2f5e87bad3c948f4d605d)
Start importing Assets/Samples/XR Interaction Toolkit/3.4.1/Starter Assets/DemoAssets/Prefabs/UI/Text Toggle.prefab using Guid(6a448845c7017044e8a9f3d711cfe825) Importer(2089858483,b0f066a214c2f5e87bad3c948f4d605d) (ScriptedImporter) -> (Import Result ID: 'b272b9b8211a3c9f093d3a8ec998bc6f') in 0.018086 seconds [static and dynamic dependencies]. Details - ImportResultOutputID=72c92a929982d7993187d759d5ca189b DependenciesID=01cae651257c0feca6b73f0b18cdb022 StaticDependenciesID=1fc36143fc57cce2f8facba06bbe1415 
Number of updated asset objects reloaded before import = 0Number of asset objects unloaded after import = 33

========================================================================
Received Import Request.
  Time since last request: 0.000016 seconds.
  path: Assets/Samples/XR Interaction Toolkit/3.4.1/Starter Assets/Scripts/ControllerInputActionManager.cs
  importAddress: Guid(f9ac216f0eb04754b1d938aac6380b31) Importer(2089858483,b0f066a214c2f5e87bad3c948f4d605d)
Start importing Assets/Samples/XR Interaction Toolkit/3.4.1/Starter Assets/Scripts/ControllerInputActionManager.cs using Guid(f9ac216f0eb04754b1d938aac6380b31) Importer(2089858483,b0f066a214c2f5e87bad3c948f4d605d) (ScriptedImporter) -> (Import Result ID: 'ab9a15fba17bb521c28bdbdfd68d8006') in 0.0027485 seconds [static and dynamic dependencies]. Details - ImportResultOutputID=bd29a4f201883633d0fc978a70798f46 DependenciesID=28d13e85b0954098c9e4720d4dcdeb94 StaticDependenciesID=4f315b325014238e863dc427a857d8d9 
Number of updated asset objects reloaded before import = 0Number of asset objects unloaded after import = 0

========================================================================
Received Import Request.
  Time since last request: 0.000014 seconds.
  path: Assets/TextMesh Pro/Shaders/TMP_Sprite.shader
  importAddress: Guid(cf81c85f95fe47e1a27f6ae460cf182c) Importer(2089858483,b0f066a214c2f5e87bad3c948f4d605d)
Start importing Assets/TextMesh Pro/Shaders/TMP_Sprite.shader using Guid(cf81c85f95fe47e1a27f6ae460cf182c) Importer(2089858483,b0f066a214c2f5e87bad3c948f4d605d) (ScriptedImporter) -> (Import Result ID: '0418a5ddd55a9e5aacfa8959f7703d24') in 0.0052552 seconds [static and dynamic dependencies]. Details - ImportResultOutputID=e5f50ac538e2dd6344e444d020d5531b DependenciesID=649afb1b09a2f38981528aee5a89e751 StaticDependenciesID=ad6564d1c78dd666825542a2243279c8 
Number of updated asset objects reloaded before import = 0Number of asset objects unloaded after import = 1

========================================================================
Received Import Request.
  Time since last request: 0.000016 seconds.
  path: Assets/Training table/Render/screenshot007.png
  importAddress: Guid(19915a80bf0013b40acef4ee7745e79b) Importer(2089858483,b0f066a214c2f5e87bad3c948f4d605d)
Start importing Assets/Training table/Render/screenshot007.png using Guid(19915a80bf0013b40acef4ee7745e79b) Importer(2089858483,b0f066a214c2f5e87bad3c948f4d605d) (ScriptedImporter) -> (Import Result ID: 'ab4d324f75fa8c07fa439bb71d3e5a75') in 0.0084818 seconds [static and dynamic dependencies]. Details - ImportResultOutputID=b12eee4eb17d3fbf45501dcb30592e72 DependenciesID=74be6e2b5d6a1a5f014595d8e55ee5ad StaticDependenciesID=c0194bddb11660de508087c662d7567b 
Number of updated asset objects reloaded before import = 0Number of asset objects unloaded after import = 1

========================================================================
Received Import Request.
  Time since last request: 0.000023 seconds.
  path: Assets/Training table/Render/screenshot004.png
  importAddress: Guid(d44204a82340f4741810ec3fb9af6ef1) Importer(2089858483,b0f066a214c2f5e87bad3c948f4d605d)
Start importing Assets/Training table/Render/screenshot004.png using Guid(d44204a82340f4741810ec3fb9af6ef1) Importer(2089858483,b0f066a214c2f5e87bad3c948f4d605d) (ScriptedImporter) -> (Import Result ID: 'eb7844305026c3a84a45dcda7a131c35') in 0.0086313 seconds [static and dynamic dependencies]. Details - ImportResultOutputID=50823cba2663ebe7cd82a95b597e8dfe DependenciesID=2a4465bddbb4a47f573b6217e1e91a26 StaticDependenciesID=92b690640b5a7fa13ba334b855226764 
Number of updated asset objects reloaded before import = 0Number of asset objects unloaded after import = 1

========================================================================
Received Import Request.
  Time since last request: 0.000013 seconds.
  path: Assets/Samples/XR Interaction Toolkit/3.4.1/Starter Assets/DemoAssets/Prefabs/GazeActivationZone.prefab
  importAddress: Guid(4f7b6e4d9c721834e97d07d4cd95bf74) Importer(2089858483,b0f066a214c2f5e87bad3c948f4d605d)
Start importing Assets/Samples/XR Interaction Toolkit/3.4.1/Starter Assets/DemoAssets/Prefabs/GazeActivationZone.prefab using Guid(4f7b6e4d9c721834e97d07d4cd95bf74) Importer(2089858483,b0f066a214c2f5e87bad3c948f4d605d) (ScriptedImporter) -> (Import Result ID: '8dc6081ac9d0907cd6e594f616fb8d07') in 0.0085361 seconds [static and dynamic dependencies]. Details - ImportResultOutputID=145549ab3c2d59248b2793a04954a920 DependenciesID=4e81226482fe10171d702cc79689e9a9 StaticDependenciesID=e686fba505c080982b865ae9dac65c7f 
Number of updated asset objects reloaded before import = 0Number of asset objects unloaded after import = 6

========================================================================
Received Import Request.
  Time since last request: 0.000014 seconds.
  path: Assets/Samples/XR Interaction Toolkit/3.4.1/Starter Assets/DemoAssets/Prefabs/UI/Icon Button.prefab
  importAddress: Guid(56686f82f64b0af4688a89676403a500) Importer(2089858483,b0f066a214c2f5e87bad3c948f4d605d)
Start importing Assets/Samples/XR Interaction Toolkit/3.4.1/Starter Assets/DemoAssets/Prefabs/UI/Icon Button.prefab using Guid(56686f82f64b0af4688a89676403a500) Importer(2089858483,b0f066a214c2f5e87bad3c948f4d605d) (ScriptedImporter) -> (Import Result ID: '8d7352b7b65cb2874174c9c6a2f8fb03') in 0.0107088 seconds [static and dynamic dependencies]. Details - ImportResultOutputID=29e8cceed20eb987bb61cbb91c5fa644 DependenciesID=e6027967ca160c0c3eff099d7dc7877f StaticDependenciesID=cac3d1bbc6983e230829b1eb7832e614 
Number of updated asset objects reloaded before import = 0Number of asset objects unloaded after import = 24

========================================================================
Received Import Request.
  Time since last request: 0.000018 seconds.
  path: Assets/Samples/XR Interaction Toolkit/3.4.1/Starter Assets/DemoAssets/Prefabs/Gaze Interactables.prefab
  importAddress: Guid(e05cd47ab8981f64badd3bfe29af8f4e) Importer(2089858483,b0f066a214c2f5e87bad3c948f4d605d)
Start importing Assets/Samples/XR Interaction Toolkit/3.4.1/Starter Assets/DemoAssets/Prefabs/Gaze Interactables.prefab using Guid(e05cd47ab8981f64badd3bfe29af8f4e) Importer(2089858483,b0f066a214c2f5e87bad3c948f4d605d) (ScriptedImporter) -> (Import Result ID: '2c94d126721b572c44a17288ad95fec3') in 0.0077617 seconds [static and dynamic dependencies]. Details - ImportResultOutputID=a260fc254e72f186c9e78773537e369e DependenciesID=eacc7e35bcecf9aa6ef0cfcd974687bb StaticDependenciesID=b2e1df56dc0b5f262aadee0c2fdfb170 
Number of updated asset objects reloaded before import = 0Number of asset objects unloaded after import = 41

========================================================================
Received Import Request.
  Time since last request: 0.000015 seconds.
  path: Assets/myassets/materiales/breathingMat.mat
  importAddress: Guid(4eace8dbf465dda4f82f7c3f816b22fb) Importer(2089858483,b0f066a214c2f5e87bad3c948f4d605d)
Start importing Assets/myassets/materiales/breathingMat.mat using Guid(4eace8dbf465dda4f82f7c3f816b22fb) Importer(2089858483,b0f066a214c2f5e87bad3c948f4d605d) (ScriptedImporter) -> (Import Result ID: 'f5846d27e2234f2b9827f9512b42fb05') in 0.0046107 seconds [static and dynamic dependencies]. Details - ImportResultOutputID=8e9d19831844e604565d7c275b03ccc4 DependenciesID=327d554a8a8f7bab38672bb3c5ba770e StaticDependenciesID=5eb186a77522589f3b17ed19139df333 
Number of updated asset objects reloaded before import = 0Number of asset objects unloaded after import = 1

========================================================================
Received Import Request.
  Time since last request: 0.000013 seconds.
  path: Assets/Samples/XR Interaction Toolkit/3.4.1/Starter Assets/Scripts/DynamicMoveProvider.cs
  importAddress: Guid(9b1e8c997df241c1a67045eeac79b41b) Importer(2089858483,b0f066a214c2f5e87bad3c948f4d605d)
Start importing Assets/Samples/XR Interaction Toolkit/3.4.1/Starter Assets/Scripts/DynamicMoveProvider.cs using Guid(9b1e8c997df241c1a67045eeac79b41b) Importer(2089858483,b0f066a214c2f5e87bad3c948f4d605d) (ScriptedImporter) -> (Import Result ID: '4ff6d136d432b6a446a24039742f0102') in 0.0026196 seconds [static and dynamic dependencies]. Details - ImportResultOutputID=49e94566f2e46583f05947f7d999fc5b DependenciesID=05994fcc89937b4b1dc9ebd9f9a1cc89 StaticDependenciesID=b134a1dfd491b7d88b6b56fe01a1fa91 
Number of updated asset objects reloaded before import = 0Number of asset objects unloaded after import = 0

========================================================================
Received Import Request.
  Time since last request: 0.000016 seconds.
  path: Assets/Samples/XR Interaction Toolkit/3.4.1/Starter Assets/DemoAssets/Prefabs/Teleport/Snap Teleport Anchor.prefab
  importAddress: Guid(037ba65d346be2a48ad006b9a9a3873e) Importer(2089858483,b0f066a214c2f5e87bad3c948f4d605d)
Start importing Assets/Samples/XR Interaction Toolkit/3.4.1/Starter Assets/DemoAssets/Prefabs/Teleport/Snap Teleport Anchor.prefab using Guid(037ba65d346be2a48ad006b9a9a3873e) Importer(2089858483,b0f066a214c2f5e87bad3c948f4d605d) (ScriptedImporter) -> (Import Result ID: '2e167a90549faea4ea2a998ede224488') in 0.0096718 seconds [static and dynamic dependencies]. Details - ImportResultOutputID=1904954a0f75f78a8fdbefa2591e9704 DependenciesID=5a394a48af3b7e676b530c81b9a917ca StaticDependenciesID=1294925348ed8b1a18b4d826a4cac06a 
Number of updated asset objects reloaded before import = 0Number of asset objects unloaded after import = 37

========================================================================
Received Import Request.
  Time since last request: 0.000024 seconds.
  path: Assets/TextMesh Pro/Shaders/TMP_Bitmap-Mobile.shader
  importAddress: Guid(1e3b057af24249748ff873be7fafee47) Importer(2089858483,b0f066a214c2f5e87bad3c948f4d605d)
Start importing Assets/TextMesh Pro/Shaders/TMP_Bitmap-Mobile.shader using Guid(1e3b057af24249748ff873be7fafee47) Importer(2089858483,b0f066a214c2f5e87bad3c948f4d605d) (ScriptedImporter) -> (Import Result ID: 'f496a4dc1c25b5044cce2fee1f7de7fe') in 0.0045194 seconds [static and dynamic dependencies]. Details - ImportResultOutputID=21554b6d026980e1c8a9a51b48ddac0d DependenciesID=8e0acce4ecc68cf062271dde58b71297 StaticDependenciesID=da0986976ce7c63446a412f72c47623b 
Number of updated asset objects reloaded before import = 0Number of asset objects unloaded after import = 1

========================================================================
Received Import Request.
  Time since last request: 0.000016 seconds.
  path: Assets/Samples/XR Interaction Toolkit/3.4.1/Starter Assets/Scripts/ClimbTeleportDestinationIndicator.cs
  importAddress: Guid(e766f86cb7d2461683eb37d8a971fb14) Importer(2089858483,b0f066a214c2f5e87bad3c948f4d605d)
Start importing Assets/Samples/XR Interaction Toolkit/3.4.1/Starter Assets/Scripts/ClimbTeleportDestinationIndicator.cs using Guid(e766f86cb7d2461683eb37d8a971fb14) Importer(2089858483,b0f066a214c2f5e87bad3c948f4d605d) (ScriptedImporter) -> (Import Result ID: 'cd42f1ecc3b74a7f3bc3ecba86094129') in 0.0026731 seconds [static and dynamic dependencies]. Details - ImportResultOutputID=09f60a97412f1d68128e3c9a83a7533e DependenciesID=08c091c0e509b795287bec42f9be34d6 StaticDependenciesID=02fd7a3a1a5067f297b35b8e8ad08510 
Number of updated asset objects reloaded before import = 0Number of asset objects unloaded after import = 0

========================================================================
Received Import Request.
  Time since last request: 0.000015 seconds.
  path: Assets/TextMesh Pro/Shaders/TMP_SDF SSD.shader
  importAddress: Guid(14eb328de4b8eb245bb7cea29e4ac00b) Importer(2089858483,b0f066a214c2f5e87bad3c948f4d605d)
Start importing Assets/TextMesh Pro/Shaders/TMP_SDF SSD.shader using Guid(14eb328de4b8eb245bb7cea29e4ac00b) Importer(2089858483,b0f066a214c2f5e87bad3c948f4d605d) (ScriptedImporter) -> (Import Result ID: 'ae25e7a042bdccbeb3716d1491816705') in 0.0047755 seconds [static and dynamic dependencies]. Details - ImportResultOutputID=4148ab334702eb6fb5f24faf0a545057 DependenciesID=c7bccd31c37afd7d4cd6101990869786 StaticDependenciesID=bb6ef00354f6778039c0c06cdd96860e 
Number of updated asset objects reloaded before import = 0Number of asset objects unloaded after import = 1

========================================================================
Received Import Request.
  Time since last request: 0.000014 seconds.
  path: Assets/Samples/XR Interaction Toolkit/3.4.1/Starter Assets/DemoAssets/Prefabs/UI/ModalSingleButton.prefab
  importAddress: Guid(c24a7635b5761984d81cf6c4aac26e0d) Importer(2089858483,b0f066a214c2f5e87bad3c948f4d605d)
Start importing Assets/Samples/XR Interaction Toolkit/3.4.1/Starter Assets/DemoAssets/Prefabs/UI/ModalSingleButton.prefab using Guid(c24a7635b5761984d81cf6c4aac26e0d) Importer(2089858483,b0f066a214c2f5e87bad3c948f4d605d) (ScriptedImporter) -> (Import Result ID: 'a96be052eda753e7179717af1885fa4d') in 0.0199493 seconds [static and dynamic dependencies]. Details - ImportResultOutputID=68e9d84bdc85f034f8e2a5590b866bb0 DependenciesID=1b00ff812179b50cfc5550ba2b7dab95 StaticDependenciesID=9131e4a37c1d3154f867fbfbb4ea81e8 
Number of updated asset objects reloaded before import = 0Number of asset objects unloaded after import = 48

========================================================================
Received Import Request.
  Time since last request: 0.000016 seconds.
  path: Assets/Samples/XR Interaction Toolkit/3.4.1/Starter Assets/DemoAssets/Prefabs/Climb/Ladder.prefab
  importAddress: Guid(b3830b3b2f190ee46a9c88433e985221) Importer(2089858483,b0f066a214c2f5e87bad3c948f4d605d)
Start importing Assets/Samples/XR Interaction Toolkit/3.4.1/Starter Assets/DemoAssets/Prefabs/Climb/Ladder.prefab using Guid(b3830b3b2f190ee46a9c88433e985221) Importer(2089858483,b0f066a214c2f5e87bad3c948f4d605d) (ScriptedImporter) -> (Import Result ID: 'acc9de10749c39009f1dd69b5a824582') in 0.0063978 seconds [static and dynamic dependencies]. Details - ImportResultOutputID=6c769bdd831f79e6d9f9e6de2017b595 DependenciesID=9d9878328ad34cc16bea152c6615bd6c StaticDependenciesID=9469b781b47f70e5f866934a96b5f060 
Number of updated asset objects reloaded before import = 0Number of asset objects unloaded after import = 141

========================================================================
Received Import Request.
  Time since last request: 0.000015 seconds.
  path: Assets/Samples/XR Interaction Toolkit/3.4.1/Starter Assets/Filters/AnyGazedAtTeleportAnchorFilter.asset
  importAddress: Guid(0f906c94e2aa0c3488832acc1db04295) Importer(2089858483,b0f066a214c2f5e87bad3c948f4d605d)
Start importing Assets/Samples/XR Interaction Toolkit/3.4.1/Starter Assets/Filters/AnyGazedAtTeleportAnchorFilter.asset using Guid(0f906c94e2aa0c3488832acc1db04295) Importer(2089858483,b0f066a214c2f5e87bad3c948f4d605d) (ScriptedImporter) -> (Import Result ID: 'a0c64fa44b15c9e86e235d48d6606546') in 0.0044853 seconds [static and dynamic dependencies]. Details - ImportResultOutputID=48a60278860249b6fd989052b47f8e2b DependenciesID=6c400561e207b12d3d96b9e421917d7c StaticDependenciesID=2cbd54514b6bfb715a35a546d6f73121 
Number of updated asset objects reloaded before import = 0Number of asset objects unloaded after import = 1

========================================================================
Received Import Request.
  Time since last request: 0.000015 seconds.
  path: Assets/Training table/Render/screenshot008.png
  importAddress: Guid(7b20fb3f2cce9cb4c9964adf6786198b) Importer(2089858483,b0f066a214c2f5e87bad3c948f4d605d)
Start importing Assets/Training table/Render/screenshot008.png using Guid(7b20fb3f2cce9cb4c9964adf6786198b) Importer(2089858483,b0f066a214c2f5e87bad3c948f4d605d) (ScriptedImporter) -> (Import Result ID: '56ba3fc5dbb74dcd0dccf3718d4649f5') in 0.0101939 seconds [static and dynamic dependencies]. Details - ImportResultOutputID=a271fa9a6d378531dd695d99c0945fcb DependenciesID=6eaecebc67701939e9927a8cef8b74aa StaticDependenciesID=953b7a01be55545907582eb74d931197 
Number of updated asset objects reloaded before import = 0Number of asset objects unloaded after import = 1

========================================================================
Received Import Request.
  Time since last request: 0.000027 seconds.
  path: Assets/Samples/XR Interaction Toolkit/3.4.1/Starter Assets/DemoAssets/Prefabs/Interactables/Blaser.prefab
  importAddress: Guid(3549fdaf258e11846b85a316c16c699c) Importer(2089858483,b0f066a214c2f5e87bad3c948f4d605d)
Start importing Assets/Samples/XR Interaction Toolkit/3.4.1/Starter Assets/DemoAssets/Prefabs/Interactables/Blaser.prefab using Guid(3549fdaf258e11846b85a316c16c699c) Importer(2089858483,b0f066a214c2f5e87bad3c948f4d605d) (ScriptedImporter) -> (Import Result ID: 'c531adb0f58ae6911199c28a5ad453c9') in 0.013535 seconds [static and dynamic dependencies]. Details - ImportResultOutputID=5b0fda897e53d386b7e70681550ccc85 DependenciesID=36b524e12d9ec3311c53e0e594b59b15 StaticDependenciesID=bc9a6506b51a7fe4364fc2cd72265f34 
Number of updated asset objects reloaded before import = 0Number of asset objects unloaded after import = 31

========================================================================
Received Import Request.
  Time since last request: 0.000016 seconds.
  path: Assets/Samples/XR Interaction Toolkit/3.4.1/Starter Assets/DemoAssets/Prefabs/UI/TextButton.prefab
  importAddress: Guid(e5db301629853dd4a99835fa70099d79) Importer(2089858483,b0f066a214c2f5e87bad3c948f4d605d)
Start importing Assets/Samples/XR Interaction Toolkit/3.4.1/Starter Assets/DemoAssets/Prefabs/UI/TextButton.prefab using Guid(e5db301629853dd4a99835fa70099d79) Importer(2089858483,b0f066a214c2f5e87bad3c948f4d605d) (ScriptedImporter) -> (Import Result ID: '9b5a6c95bc0a154d23891a239ac99d0d') in 0.0195731 seconds [static and dynamic dependencies]. Details - ImportResultOutputID=462d81518bb795c71d3e619d465cfcd3 DependenciesID=65ff5a5b7b15f56874320d7ca26870c2 StaticDependenciesID=feb58640aa6af250dd34fee0124399ed 
Number of updated asset objects reloaded before import = 0Number of asset objects unloaded after import = 32

========================================================================
Received Import Request.
  Time since last request: 0.000020 seconds.
  path: Assets/Samples/XR Interaction Toolkit/3.4.1/Starter Assets/Scripts/ToggleColorToggler.cs
  importAddress: Guid(cb280e627cedda749b93045b8dd8d327) Importer(2089858483,b0f066a214c2f5e87bad3c948f4d605d)
Start importing Assets/Samples/XR Interaction Toolkit/3.4.1/Starter Assets/Scripts/ToggleColorToggler.cs using Guid(cb280e627cedda749b93045b8dd8d327) Importer(2089858483,b0f066a214c2f5e87bad3c948f4d605d) (ScriptedImporter) -> (Import Result ID: '13e0525549af5112f41117d96dc95f22') in 0.0036278 seconds [static and dynamic dependencies]. Details - ImportResultOutputID=9e0859d903d91c9c11b72723789041fd DependenciesID=2e01b5d992d7a3936a51afeb37f6d4d9 StaticDependenciesID=e11337909835e03af36a2a62585c43c4 
Number of updated asset objects reloaded before import = 0Number of asset objects unloaded after import = 0

========================================================================
Received Import Request.
  Time since last request: 0.000014 seconds.
  path: Assets/Samples/XR Interaction Toolkit/3.4.1/Starter Assets/Prefabs/XR Origin (XR Rig).prefab
  importAddress: Guid(f6336ac4ac8b4d34bc5072418cdc62a0) Importer(2089858483,b0f066a214c2f5e87bad3c948f4d605d)
Start importing Assets/Samples/XR Interaction Toolkit/3.4.1/Starter Assets/Prefabs/XR Origin (XR Rig).prefab using Guid(f6336ac4ac8b4d34bc5072418cdc62a0) Importer(2089858483,b0f066a214c2f5e87bad3c948f4d605d) (ScriptedImporter) -> (Import Result ID: '84b45895c9bf061d2557ba481661444c') in 0.0235988 seconds [static and dynamic dependencies]. Details - ImportResultOutputID=ace58562bfa56b53cb7acb83b45ba158 DependenciesID=fe6a7b7432a58d155c180a391a5cf747 StaticDependenciesID=51ae88e67742298a8fc71ed26f3ca527 
Number of updated asset objects reloaded before import = 0Number of asset objects unloaded after import = 356

========================================================================
Received Import Request.
  Time since last request: 0.000016 seconds.
  path: Assets/TextMesh Pro/Shaders/TMPro.cginc
  importAddress: Guid(407bc68d299748449bbf7f48ee690f8d) Importer(2089858483,b0f066a214c2f5e87bad3c948f4d605d)
Start importing Assets/TextMesh Pro/Shaders/TMPro.cginc using Guid(407bc68d299748449bbf7f48ee690f8d) Importer(2089858483,b0f066a214c2f5e87bad3c948f4d605d) (ScriptedImporter) -> (Import Result ID: 'afbfd6cec3d601c6c774acbe7c88916a') in 0.0032215 seconds [static and dynamic dependencies]. Details - ImportResultOutputID=05789603a418e5f1aa2361dfbe89cee5 DependenciesID=a577a2d3a916ca36135248c4c0508cbd StaticDependenciesID=664a41d60f00f13eb4108945d271529c 
Number of updated asset objects reloaded before import = 0Number of asset objects unloaded after import = 1

========================================================================
Received Import Request.
  Time since last request: 0.000018 seconds.
  path: Assets/TextMesh Pro/Shaders/TMP_SDF Overlay.shader
  importAddress: Guid(dd89cf5b9246416f84610a006f916af7) Importer(2089858483,b0f066a214c2f5e87bad3c948f4d605d)
Start importing Assets/TextMesh Pro/Shaders/TMP_SDF Overlay.shader using Guid(dd89cf5b9246416f84610a006f916af7) Importer(2089858483,b0f066a214c2f5e87bad3c948f4d605d) (ScriptedImporter) -> (Import Result ID: '2b08c209043dd79f294b6895d2239a7b') in 0.0046017 seconds [static and dynamic dependencies]. Details - ImportResultOutputID=575f1ccfbd459000d9034d7f8a8a1833 DependenciesID=ddddc706bfb730b0338410d00292d73e StaticDependenciesID=69a919ac527c43f7a91cb599ed3bdd4e 
Number of updated asset objects reloaded before import = 0Number of asset objects unloaded after import = 1

========================================================================
Received Import Request.
  Time since last request: 0.000023 seconds.
  path: Assets/Samples/XR Interaction Toolkit/3.4.1/Starter Assets/Scripts/MaterialPipelineHandler.cs
  importAddress: Guid(e7883133e628dff4a86f50c082f77055) Importer(2089858483,b0f066a214c2f5e87bad3c948f4d605d)
Start importing Assets/Samples/XR Interaction Toolkit/3.4.1/Starter Assets/Scripts/MaterialPipelineHandler.cs using Guid(e7883133e628dff4a86f50c082f77055) Importer(2089858483,b0f066a214c2f5e87bad3c948f4d605d) (ScriptedImporter) -> (Import Result ID: 'f8aeefdd3982eded31c2f91d56310f66') in 0.0027435 seconds [static and dynamic dependencies]. Details - ImportResultOutputID=17136888e25710d32617c02fe6e2f085 DependenciesID=91d42c81d503492b9d8536187990c7b1 StaticDependenciesID=f81850232b3341585203198adeb56f6e 
Number of updated asset objects reloaded before import = 0Number of asset objects unloaded after import = 0

========================================================================
Received Import Request.
  Time since last request: 0.000013 seconds.
  path: Assets/Samples/XR Interaction Toolkit/3.4.1/Starter Assets/Materials/Flat Blue.mat
  importAddress: Guid(91ff3830fc4055a4fb0d0d2be32101a7) Importer(2089858483,b0f066a214c2f5e87bad3c948f4d605d)
Start importing Assets/Samples/XR Interaction Toolkit/3.4.1/Starter Assets/Materials/Flat Blue.mat using Guid(91ff3830fc4055a4fb0d0d2be32101a7) Importer(2089858483,b0f066a214c2f5e87bad3c948f4d605d) (ScriptedImporter) -> (Import Result ID: '99a5af1a74da235c597f5537c021c73e') in 0.0051525 seconds [static and dynamic dependencies]. Details - ImportResultOutputID=82edf9039eb65558660d29abbbbf95b2 DependenciesID=4ccb924c08fae8ee9f82cbd2fcd775fe StaticDependenciesID=03a6a4d97fb697bb484cfb527887f522 
Number of updated asset objects reloaded before import = 0Number of asset objects unloaded after import = 1

========================================================================
Received Import Request.
  Time since last request: 0.000014 seconds.
  path: Assets/Samples/XR Interaction Toolkit/3.4.1/Starter Assets/AffordanceThemes/PokeSphereColor.asset
  importAddress: Guid(fc690d1505c48cb4696838b71abd2ca0) Importer(2089858483,b0f066a214c2f5e87bad3c948f4d605d)
Start importing Assets/Samples/XR Interaction Toolkit/3.4.1/Starter Assets/AffordanceThemes/PokeSphereColor.asset using Guid(fc690d1505c48cb4696838b71abd2ca0) Importer(2089858483,b0f066a214c2f5e87bad3c948f4d605d) (ScriptedImporter) -> (Import Result ID: 'e908e93649ae3e575298a3a13824c234') in 0.0034473 seconds [static and dynamic dependencies]. Details - ImportResultOutputID=113947c474ab3a622abe569d12802dd9 DependenciesID=aff91d983ab75dc0053c7096fb18851a StaticDependenciesID=496a0bc2e4e35f7a4a52620c6ad8ac78 
Number of updated asset objects reloaded before import = 0Number of asset objects unloaded after import = 1

========================================================================
Received Import Request.
  Time since last request: 0.000015 seconds.
  path: Assets/Training table/Render/Render_128_x_128.png
  importAddress: Guid(191adbc728f8ee54aa0c85ff65e9e674) Importer(2089858483,b0f066a214c2f5e87bad3c948f4d605d)
Start importing Assets/Training table/Render/Render_128_x_128.png using Guid(191adbc728f8ee54aa0c85ff65e9e674) Importer(2089858483,b0f066a214c2f5e87bad3c948f4d605d) (ScriptedImporter) -> (Import Result ID: 'fae497cc56f67b0e8e41ecf80e95c189') in 0.0063049 seconds [static and dynamic dependencies]. Details - ImportResultOutputID=671c7a94a1c8c0aeb180ba02aa12b6c8 DependenciesID=aea4aa89cd6719c9a9a5882fbadd2e5f StaticDependenciesID=0d811652bd3ba338a6abe03be78db831 
Number of updated asset objects reloaded before import = 0Number of asset objects unloaded after import = 1

========================================================================
Received Import Request.
  Time since last request: 0.000013 seconds.
  path: Assets/TextMesh Pro/Resources/TMP Settings.asset
  importAddress: Guid(3f5b5dff67a942289a9defa416b206f3) Importer(2089858483,b0f066a214c2f5e87bad3c948f4d605d)
Start importing Assets/TextMesh Pro/Resources/TMP Settings.asset using Guid(3f5b5dff67a942289a9defa416b206f3) Importer(2089858483,b0f066a214c2f5e87bad3c948f4d605d) (ScriptedImporter) -> (Import Result ID: '6b1f3407b375fffb7adf54951ad80e79') in 0.0169305 seconds [static and dynamic dependencies]. Details - ImportResultOutputID=3e704d338da0fca0a0c0eb95ed806480 DependenciesID=b5054338cfdf3a89643046af83fb3312 StaticDependenciesID=d057ce33af59b6845b57213c9c8c65e2 
Number of updated asset objects reloaded before import = 0Number of asset objects unloaded after import = 12

========================================================================
Received Import Request.
  Time since last request: 0.000016 seconds.
  path: Assets/Samples/XR Interaction Toolkit/3.4.1/Starter Assets/Shaders/Unlit_Fresnel.shadergraph
  importAddress: Guid(e19b5bb6cb8e91e43b1b5d81a069296f) Importer(2089858483,b0f066a214c2f5e87bad3c948f4d605d)
Start importing Assets/Samples/XR Interaction Toolkit/3.4.1/Starter Assets/Shaders/Unlit_Fresnel.shadergraph using Guid(e19b5bb6cb8e91e43b1b5d81a069296f) Importer(2089858483,b0f066a214c2f5e87bad3c948f4d605d) (ScriptedImporter) -> (Import Result ID: '91daa02147e646bf539d0fc104dc4ca4') in 0.0077943 seconds [static and dynamic dependencies]. Details - ImportResultOutputID=d0b64854bc9d6008d0506093630a82c0 DependenciesID=cb729a0b77941028ed3a3ff355f22dd9 StaticDependenciesID=07eeae4efdf7b32966a4b7ff0e3bad48 
Number of updated asset objects reloaded before import = 0Number of asset objects unloaded after import = 6

========================================================================
Received Import Request.
  Time since last request: 0.000017 seconds.
  path: Assets/Samples/XR Interaction Toolkit/3.4.1/Starter Assets/DemoAssets/Textures/Concrete_Normal.tif
  importAddress: Guid(cdebec39dbf81a14688e1de8d12897b4) Importer(2089858483,b0f066a214c2f5e87bad3c948f4d605d)
Start importing Assets/Samples/XR Interaction Toolkit/3.4.1/Starter Assets/DemoAssets/Textures/Concrete_Normal.tif using Guid(cdebec39dbf81a14688e1de8d12897b4) Importer(2089858483,b0f066a214c2f5e87bad3c948f4d605d) (ScriptedImporter) -> (Import Result ID: '968dd45002153f1d4785fda385299e07') in 0.007469 seconds [static and dynamic dependencies]. Details - ImportResultOutputID=c557385aa0594505a07375e801a78767 DependenciesID=bd38c7b7ea4a3f71619674949977b7e2 StaticDependenciesID=5c6d901db6d664d5364d0001b88655a5 
Number of updated asset objects reloaded before import = 0Number of asset objects unloaded after import = 1

========================================================================
Received Import Request.
  Time since last request: 0.000024 seconds.
  path: Assets/myassets/scripts/ZenObjectSpawner.cs
  importAddress: Guid(857294a5219b65d4b890052397193583) Importer(2089858483,b0f066a214c2f5e87bad3c948f4d605d)
Start importing Assets/myassets/scripts/ZenObjectSpawner.cs using Guid(857294a5219b65d4b890052397193583) Importer(2089858483,b0f066a214c2f5e87bad3c948f4d605d) (ScriptedImporter) -> (Import Result ID: '7191ee96f5adce54bab9f904f29f7ee7') in 0.0042894 seconds [static and dynamic dependencies]. Details - ImportResultOutputID=f333acbd11581a440c6f623d68548e2c DependenciesID=acc2c4c67761205472f68f5115d74ac1 StaticDependenciesID=ee7477620ad88e0e695b6e0342f00351 
Number of updated asset objects reloaded before import = 0Number of asset objects unloaded after import = 0

========================================================================
Received Import Request.
  Time since last request: 0.000013 seconds.
  path: Assets/Samples/XR Interaction Toolkit/3.4.1/Starter Assets/DemoAssets/Prefabs/Interactables Sample.prefab
  importAddress: Guid(6821e1b7f44d8c44b8a2ba02f37309d5) Importer(2089858483,b0f066a214c2f5e87bad3c948f4d605d)
Start importing Assets/Samples/XR Interaction Toolkit/3.4.1/Starter Assets/DemoAssets/Prefabs/Interactables Sample.prefab using Guid(6821e1b7f44d8c44b8a2ba02f37309d5) Importer(2089858483,b0f066a214c2f5e87bad3c948f4d605d) (ScriptedImporter) -> (Import Result ID: 'f1c1611898291423b2f765a485853b01') in 0.0067277 seconds [static and dynamic dependencies]. Details - ImportResultOutputID=ea14b945370d58b9deb3eb12ba8d54cf DependenciesID=600d55d4f754ea2ee6544a31068b9ce6 StaticDependenciesID=1b7fb3a8f9af6caedd11d2b82da1c163 
Number of updated asset objects reloaded before import = 0Number of asset objects unloaded after import = 68

========================================================================
Received Import Request.
  Time since last request: 0.000014 seconds.
  path: Assets/TextMesh Pro/Shaders/TMP_Bitmap.shader
  importAddress: Guid(128e987d567d4e2c824d754223b3f3b0) Importer(2089858483,b0f066a214c2f5e87bad3c948f4d605d)
Start importing Assets/TextMesh Pro/Shaders/TMP_Bitmap.shader using Guid(128e987d567d4e2c824d754223b3f3b0) Importer(2089858483,b0f066a214c2f5e87bad3c948f4d605d) (ScriptedImporter) -> (Import Result ID: 'fc5bb43c289d3e2547c49c459e2456b3') in 0.0042569 seconds [static and dynamic dependencies]. Details - ImportResultOutputID=97a742e897629c16e4d1ef6fbfbf2089 DependenciesID=3e61b88fc46bbb3b1a5bf10d33c716c4 StaticDependenciesID=ad778ef7e3f74e02581f72d92c79cb0b 
Number of updated asset objects reloaded before import = 0Number of asset objects unloaded after import = 1

========================================================================
Received Import Request.
  Time since last request: 0.000013 seconds.
  path: Assets/Samples/XR Interaction Toolkit/3.4.1/Starter Assets/Materials/Controller_White.mat
  importAddress: Guid(9f12d299d16099343a3c5c0d7285822a) Importer(2089858483,b0f066a214c2f5e87bad3c948f4d605d)
Start importing Assets/Samples/XR Interaction Toolkit/3.4.1/Starter Assets/Materials/Controller_White.mat using Guid(9f12d299d16099343a3c5c0d7285822a) Importer(2089858483,b0f066a214c2f5e87bad3c948f4d605d) (ScriptedImporter) -> (Import Result ID: '54c078b5e2ca050fffea0760718d4166') in 0.0078252 seconds [static and dynamic dependencies]. Details - ImportResultOutputID=63f960240f879bb942992912d36e36bc DependenciesID=87ba0bbb0dc997230cdea305e2c1a07b StaticDependenciesID=913e02556c3da2254357f2547b05c6ab 
Number of updated asset objects reloaded before import = 0Number of asset objects unloaded after import = 2

========================================================================
Received Import Request.
  Time since last request: 0.000016 seconds.
  path: Assets/Samples/XR Interaction Toolkit/3.4.1/Starter Assets/Scripts/GazeInputManager.cs
  importAddress: Guid(6ef0e4723b64c884699a375196c13ac0) Importer(2089858483,b0f066a214c2f5e87bad3c948f4d605d)
Start importing Assets/Samples/XR Interaction Toolkit/3.4.1/Starter Assets/Scripts/GazeInputManager.cs using Guid(6ef0e4723b64c884699a375196c13ac0) Importer(2089858483,b0f066a214c2f5e87bad3c948f4d605d) (ScriptedImporter) -> (Import Result ID: 'e8ecb34501c4130f1da3e0c29c5f2a85') in 0.0034376 seconds [static and dynamic dependencies]. Details - ImportResultOutputID=b3c395fab13eae84668bc603a56fb411 DependenciesID=3c7d6f391cda293d4253854f291480b4 StaticDependenciesID=3edea918d627e9ab01f8a3f320a896c0 
Number of updated asset objects reloaded before import = 0Number of asset objects unloaded after import = 0

========================================================================
Received Import Request.
  Time since last request: 0.000015 seconds.
  path: Assets/Samples/XR Interaction Toolkit/3.4.1/Starter Assets/Shaders/UI-NoZTest.shader
  importAddress: Guid(a661e7516de55c047905f40ca76fe701) Importer(2089858483,b0f066a214c2f5e87bad3c948f4d605d)
Start importing Assets/Samples/XR Interaction Toolkit/3.4.1/Starter Assets/Shaders/UI-NoZTest.shader using Guid(a661e7516de55c047905f40ca76fe701) Importer(2089858483,b0f066a214c2f5e87bad3c948f4d605d) (ScriptedImporter) -> (Import Result ID: 'aa4b9a7ff980c5d2c8b8dabfb299adab') in 0.0033163 seconds [static and dynamic dependencies]. Details - ImportResultOutputID=597a4f0c2b588803851d92f14ab9b0a7 DependenciesID=3f790f13cfdefb05a987f0bf6e76976e StaticDependenciesID=04bbfc527cdad680f869de73e9bec003 
Number of updated asset objects reloaded before import = 0Number of asset objects unloaded after import = 1

========================================================================
Received Import Request.
  Time since last request: 0.000013 seconds.
  path: Assets/Samples/XR Interaction Toolkit/3.4.1/Starter Assets/DemoAssets/Materials/Concrete Grey.mat
  importAddress: Guid(842f1b88643f1bb458ba6243088e344e) Importer(2089858483,b0f066a214c2f5e87bad3c948f4d605d)
Start importing Assets/Samples/XR Interaction Toolkit/3.4.1/Starter Assets/DemoAssets/Materials/Concrete Grey.mat using Guid(842f1b88643f1bb458ba6243088e344e) Importer(2089858483,b0f066a214c2f5e87bad3c948f4d605d) (ScriptedImporter) -> (Import Result ID: '51eb0541ef717efcc46ee37fb145f1ee') in 0.0071196 seconds [static and dynamic dependencies]. Details - ImportResultOutputID=4f036cc3eed4e85e77f263ae2d89d9ca DependenciesID=79db5e7024fa9b8363f3cb0e6e91cc4d StaticDependenciesID=8a6258914ee056a95d2712bd90a2d903 
Number of updated asset objects reloaded before import = 0Number of asset objects unloaded after import = 3

========================================================================
Received Import Request.
  Time since last request: 0.000021 seconds.
  path: Assets/Samples/XR Interaction Toolkit/3.4.1/Starter Assets/Prefabs/Controllers/XR Controller Left.prefab
  importAddress: Guid(1392f805216c47742996d4742c80721c) Importer(2089858483,b0f066a214c2f5e87bad3c948f4d605d)
Start importing Assets/Samples/XR Interaction Toolkit/3.4.1/Starter Assets/Prefabs/Controllers/XR Controller Left.prefab using Guid(1392f805216c47742996d4742c80721c) Importer(2089858483,b0f066a214c2f5e87bad3c948f4d605d) (ScriptedImporter) -> (Import Result ID: 'fea1e3cd8070f987423cd734dafd97b8') in 0.011302 seconds [static and dynamic dependencies]. Details - ImportResultOutputID=fa51347cf185e46f1f81aeddabb0e1e6 DependenciesID=82a958060ba4eca7943d8f51b686a662 StaticDependenciesID=84e2961eccfd0a72d103989e706e70f3 
Number of updated asset objects reloaded before import = 0Number of asset objects unloaded after import = 59

========================================================================
Received Import Request.
  Time since last request: 0.000025 seconds.
  path: Assets/Samples/XR Interaction Toolkit/3.4.1/Starter Assets/Prefabs/Teleport/Blocking Teleport Reticle.prefab
  importAddress: Guid(a3fde713df4d99042a0403c4be9eea32) Importer(2089858483,b0f066a214c2f5e87bad3c948f4d605d)
Start importing Assets/Samples/XR Interaction Toolkit/3.4.1/Starter Assets/Prefabs/Teleport/Blocking Teleport Reticle.prefab using Guid(a3fde713df4d99042a0403c4be9eea32) Importer(2089858483,b0f066a214c2f5e87bad3c948f4d605d) (ScriptedImporter) -> (Import Result ID: '97e5fd471c6633f4b4cb0d74e9a23d5d') in 0.0050508 seconds [static and dynamic dependencies]. Details - ImportResultOutputID=95b822f377e753703086beb263cc2f22 DependenciesID=9ea145d056469c21c1efc63f2b017038 StaticDependenciesID=675dd45162bb54a2ca5ebc987fe5deb3 
Number of updated asset objects reloaded before import = 0Number of asset objects unloaded after import = 17

========================================================================
Received Import Request.
  Time since last request: 0.000013 seconds.
  path: Assets/Samples/XR Interaction Toolkit/3.4.1/Starter Assets/DemoAssets/Models/Primitive_Cylinder.fbx
  importAddress: Guid(73b694bb0f61cd14e9e1ed7b578ac09a) Importer(2089858483,b0f066a214c2f5e87bad3c948f4d605d)
Start importing Assets/Samples/XR Interaction Toolkit/3.4.1/Starter Assets/DemoAssets/Models/Primitive_Cylinder.fbx using Guid(73b694bb0f61cd14e9e1ed7b578ac09a) Importer(2089858483,b0f066a214c2f5e87bad3c948f4d605d) (ScriptedImporter) -> (Import Result ID: 'e832df4249c74b2d728db4d21f9e8c96') in 0.0085381 seconds [static and dynamic dependencies]. Details - ImportResultOutputID=f1bcd512771f07a9b26ebfbc84eca2d4 DependenciesID=a2868c7adfa21a3a9726f57be4ca81e7 StaticDependenciesID=40a070049b3b45c08b17815b9fc54edc 
Number of updated asset objects reloaded before import = 0Number of asset objects unloaded after import = 9

