[Licensing::Module] Trying to connect to existing licensing client channel...
Built from '6000.4/staging' branch; Version is '6000.4.7f1 (f3c3c4248748) revision 15975364'; Using compiler version '194234433'; Build Type 'Release'
OS: 'Windows 11  (10.0.26200) Core' Language: 'es' Physical Memory: 16003 MB
[Licensing::IpcConnector] Successfully connected to: "LicenseClient-Rog i7 13th 4060" at "2026-06-03T01:00:17.2801758Z"
BatchMode: 1, IsHumanControllingUs: 0, StartBugReporterOnCrash: 0, Is64bit: 1
System  architecture: x64
Process architecture: x64
Date: 2026-06-03T01:00:17Z

COMMAND LINE ARGUMENTS:
C:\Program Files\Unity\Hub\Editor\6000.4.7f1\Editor\Unity.exe
-adb2
-batchMode
-noUpm
-name
AssetImportWorker0
-projectPath
C:/Git/vr_zen/My project
-logFile
Logs/AssetImportWorker0.log
-srvPort
65265
-licensingIpc
LicenseClient-Rog i7 13th 4060
-force-d3d12
-job-worker-count
9
-background-job-worker-count
8
-gc-helper-count
1
-name
AssetImport
Successfully changed project path to: C:/Git/vr_zen/My project
C:/Git/vr_zen/My project
[UnityMemory] Configuration Parameters - Can be set up in boot.config
    "memorysetup-temp-allocator-size-gi-baking-worker=262144"
    "memorysetup-temp-allocator-size-gi-baking-worker=262144"
    "memorysetup-temp-allocator-size-gi-baking-worker=262144"
    "memorysetup-temp-allocator-size-gi-baking-worker=262144"
    "memorysetup-temp-allocator-size-gi-baking-worker=262144"
    "memorysetup-temp-allocator-size-nav-mesh-worker=65536"
    "memorysetup-temp-allocator-size-audio-worker=65536"
    "memorysetup-temp-allocator-size-cloud-worker=32768"
    "memorysetup-temp-allocator-size-gfx=262144"
    "memorysetup-temp-allocator-size-preload-manager=33554432"
    "memorysetup-temp-allocator-size-job-worker=262144"
    "memorysetup-temp-allocator-size-background-worker=32768"
    "memorysetup-allocator-temp-initial-block-size-main=262144"
    "memorysetup-allocator-temp-initial-block-size-worker=262144"
    "memorysetup-bucket-allocator-granularity=16"
    "memorysetup-bucket-allocator-bucket-count=8"
    "memorysetup-bucket-allocator-block-size=33554432"
    "memorysetup-bucket-allocator-block-count=8"
    "memorysetup-main-allocator-block-size=16777216"
    "memorysetup-thread-allocator-block-size=16777216"
    "memorysetup-gfx-main-allocator-block-size=16777216"
    "memorysetup-gfx-thread-allocator-block-size=16777216"
    "memorysetup-cache-allocator-block-size=4194304"
    "memorysetup-typetree-allocator-block-size=2097152"
    "memorysetup-profiler-bucket-allocator-granularity=16"
    "memorysetup-profiler-bucket-allocator-bucket-count=8"
    "memorysetup-profiler-bucket-allocator-block-size=33554432"
    "memorysetup-profiler-bucket-allocator-block-count=8"
    "memorysetup-profiler-allocator-block-size=16777216"
    "memorysetup-profiler-editor-allocator-block-size=1048576"
    "memorysetup-temp-allocator-size-main=16777216"
    "memorysetup-job-temp-allocator-block-size=2097152"
    "memorysetup-job-temp-allocator-block-size-background=1048576"
    "memorysetup-job-temp-allocator-reduction-small-platforms=262144"
Player connection [21092]  Target information:

Player connection [21092]  * "[IP] 192.168.1.76 [Port] 0 [Flags] 2 [Guid] 3844609736 [EditorId] 3844609736 [Version] 1048832 [Id] WindowsEditor(7,LAPTOP-U91EV76C) [Debug] 1 [PackageName] WindowsEditor [ProjectName] Editor" 

Player connection [21092] Host joined multi-casting on [225.0.0.222:54997]...
Player connection [21092] Host joined alternative multi-casting on [225.0.0.222:34997]...
JobSystem: Creating JobQueue using job-worker-count value 9
Input System module state changed to: Initialized.
[Physics::Module] Initialized fallback backend.
[Physics::Module] Id: 0xdecafbad
Library Redirect Path: Library/
[Physics::Module] Selected backend.
[Physics::Module] Name: PhysX
[Physics::Module] Id: 0xf2b8ea05
[Physics::Module] SDK Version: 4.1.2
[Physics::Module] Integration Version: 1.0.0
[Physics::Module] Threading Mode: Multi-Threaded
Refreshing native plugins compatible for Editor in 13.94 ms, found 8 plugins.
Initialize engine version: 6000.4.7f1 (f3c3c4248748)
[Subsystems] Discovering subsystems at path C:/Program Files/Unity/Hub/Editor/6000.4.7f1/Editor/Data/Resources/UnitySubsystems
[Subsystems] Discovering subsystems at path C:/Git/vr_zen/My project/Assets
Forcing GfxDevice: Direct3D 12
GfxDevice: creating device client; kGfxThreadingModeNonThreaded
d3d12: failed to query info queue interface (0x80004002).
Direct3D:
    Version:         Direct3D 12 [level 12.2]
    Renderer:        NVIDIA GeForce RTX 4060 Laptop GPU (ID=0x28e0)
    Vendor:          NVIDIA
    VRAM:            7956 MB
    App VRAM Budget: 7188 MB
    Driver:          32.0.15.9597
Initialize mono
Mono path[0] = 'C:/Program Files/Unity/Hub/Editor/6000.4.7f1/Editor/Data/Managed'
Mono path[1] = 'C:/Program Files/Unity/Hub/Editor/6000.4.7f1/Editor/Data/MonoBleedingEdge/lib/mono/unityjit-win32'
Mono config path = 'C:/Program Files/Unity/Hub/Editor/6000.4.7f1/Editor/Data/MonoBleedingEdge/etc'
Using monoOptions --debugger-agent=transport=dt_socket,embedding=1,server=y,suspend=n,address=127.0.0.1:56800
CodeReloadManager initialized
Begin MonoManager ReloadAssembly
Registering precompiled unity dll's ...
Register platform support module: C:/Program Files/Unity/Hub/Editor/6000.4.7f1/Editor/Data/PlaybackEngines/WindowsStandaloneSupport/UnityEditor.WindowsStandalone.Extensions.dll
Registered in 0.001410 seconds.
[Licensing::Client] Error: HandshakeResponse reported an error:
	ResponseCode: 505
	ResponseStatus: Unsupported protocol version '1.18.1'.
[Licensing::Module] Error: Failed to handshake to channel: "LicenseClient-Rog i7 13th 4060"
[Licensing::IpcConnector] LicenseClient-Rog i7 13th 4060 channel disconnected successfully.
[Licensing::IpcConnector] Successfully connected to: "LicenseClient-Rog i7 13th 4060-6000.4.7" at "2026-06-03T01:00:18.4740953Z"
[Licensing::Client] Code 10 while verifying Licensing Client signature (process Id: 21724, path: "C:/Program Files/Unity/Hub/Editor/6000.4.7f1/Editor/Data/Resources/Licensing/Client/Unity.Licensing.Client.exe")
[Licensing::Module] LicensingClient has failed validation; ignoring
[Licensing::Client] Handshaking with LicensingClient:
  Version:                 1.18.1+9fbee8e
  Session Id:              c7f9b5b0d0e14a02ac15b8e53c42bef5
  Correlation Id:          0a391d81214ca6e43c01d836194fa6d3
  External correlation Id: 9217196752752288429
  Machine Id:              zp85BVQxPT3S7hCG43soFw7MpNk=
[Licensing::Module] Successfully connected to LicensingClient on channel: "LicenseClient-Rog i7 13th 4060-6000.4.7" (connect: 0.00s, validation: 0.00s, handshake: 0.01s)
[Licensing::IpcConnector] Successfully connected to: "LicenseClient-Rog i7 13th 4060-6000.4.7-notifications" at "2026-06-03T01:00:18.4830115Z"
[Licensing::Module] Licensing Background thread has ended after 1.20s
Native extension for WindowsStandalone target not found
Package Manager log level set to [2]
[Package Manager] Failed to launch server process. Reason: Unity was launched with the -noUpm command-line argument
[Package Manager] Unable to send message (not connected to server process).
[Package Manager] Cannot connect to Unity Package Manager local server
ScheduleIndexationOnStartup MainProcess:False IndexOnStartup:True
Mono: successfully reloaded assembly
- Finished resetting the current domain, in  0.383 seconds
Domain Reload Profiling: 770ms
	BeginReloadAssembly (108ms)
	RebuildCommonClasses (34ms)
	RebuildNativeTypeToScriptingClass (12ms)
	initialDomainReloadingComplete (58ms)
	LoadAllAssembliesAndSetupDomain (175ms)
		LoadAssemblies (106ms)
		AnalyzeDomain (166ms)
			TypeCache.Refresh (165ms)
				TypeCache.ScanAssembly (152ms)
	FinalizeReload (384ms)
		SetupLoadedEditorAssemblies (0ms)
			InitializePlatformSupportModulesInManaged (44ms)
			BeforeProcessingInitializeOnLoad (75ms)
			ProcessInitializeOnLoadAttributes (102ms)
			ProcessInitializeOnLoadMethodAttributes (89ms)
========================================================================
Worker process is ready to serve import requests
Import Worker Mode flag is 0x00
Begin MonoManager ReloadAssembly
[Licensing::Client] Successfully resolved entitlement details
[Licensing::Module] License group:
  Id: 4674153172658-UnityPersXXXX
  Product: Unity Personal
  Type: Assigned
  Expiration: Unlimited
Assembly Assembly-CSharp-Editor-firstpass.dll at Library/ScriptAssemblies/Assembly-CSharp-Editor-firstpass.dll not valid. Loading of assembly skipped.
Assembly Assembly-CSharp-firstpass.dll at Library/ScriptAssemblies/Assembly-CSharp-firstpass.dll not valid. Loading of assembly skipped.
Assembly DocCodeExamples.dll at Library/ScriptAssemblies/DocCodeExamples.dll not valid. Loading of assembly skipped.
Assembly TestNewCustomAssembly.dll at Library/ScriptAssemblies/TestNewCustomAssembly.dll not valid. Loading of assembly skipped.
Assembly Unity.AppUI.Editor.Tests.dll at Library/ScriptAssemblies/Unity.AppUI.Editor.Tests.dll not valid. Loading of assembly skipped.
Assembly Unity.AppUI.Tests.dll at Library/ScriptAssemblies/Unity.AppUI.Tests.dll not valid. Loading of assembly skipped.
Assembly Unity.Collections.BurstCompatibilityGen.dll at Library/ScriptAssemblies/Unity.Collections.BurstCompatibilityGen.dll not valid. Loading of assembly skipped.
Assembly Unity.Collections.DocCodeSamples.dll at Library/ScriptAssemblies/Unity.Collections.DocCodeSamples.dll not valid. Loading of assembly skipped.
Assembly Unity.Collections.PerformanceTests.dll at Library/ScriptAssemblies/Unity.Collections.PerformanceTests.dll not valid. Loading of assembly skipped.
Assembly Unity.Collections.Tests.dll at Library/ScriptAssemblies/Unity.Collections.Tests.dll not valid. Loading of assembly skipped.
Assembly Unity.Collections.Tests.Playmode.dll at Library/ScriptAssemblies/Unity.Collections.Tests.Playmode.dll not valid. Loading of assembly skipped.
Assembly Unity.InputSystem.IntegrationTests.dll at Library/ScriptAssemblies/Unity.InputSystem.IntegrationTests.dll not valid. Loading of assembly skipped.
Assembly Unity.Mathematics.Tests.dll at Library/ScriptAssemblies/Unity.Mathematics.Tests.dll not valid. Loading of assembly skipped.
Assembly Unity.Multiplayer.Center.Editor.Tests.dll at Library/ScriptAssemblies/Unity.Multiplayer.Center.Editor.Tests.dll not valid. Loading of assembly skipped.
Assembly Unity.Multiplayer.Center.Tests.dll at Library/ScriptAssemblies/Unity.Multiplayer.Center.Tests.dll not valid. Loading of assembly skipped.
Assembly Unity.Nuget.Mono-Cecil.dll at Library/ScriptAssemblies/Unity.Nuget.Mono-Cecil.dll not valid. Loading of assembly skipped.
Assembly Unity.PathTracing.Editor.Tests.dll at Library/ScriptAssemblies/Unity.PathTracing.Editor.Tests.dll not valid. Loading of assembly skipped.
Assembly Unity.PathTracing.Runtime.Tests.dll at Library/ScriptAssemblies/Unity.PathTracing.Runtime.Tests.dll not valid. Loading of assembly skipped.
Assembly Unity.RenderPipelines.Core.Editor.Tests.dll at Library/ScriptAssemblies/Unity.RenderPipelines.Core.Editor.Tests.dll not valid. Loading of assembly skipped.
Assembly Unity.RenderPipelines.Core.Runtime.Tests.dll at Library/ScriptAssemblies/Unity.RenderPipelines.Core.Runtime.Tests.dll not valid. Loading of assembly skipped.
Assembly Unity.RenderPipelines.Universal.Config.Editor.Tests.dll at Library/ScriptAssemblies/Unity.RenderPipelines.Universal.Config.Editor.Tests.dll not valid. Loading of assembly skipped.
Assembly Unity.RenderPipelines.Universal.Editor.Tests.dll at Library/ScriptAssemblies/Unity.RenderPipelines.Universal.Editor.Tests.dll not valid. Loading of assembly skipped.
Assembly Unity.RenderPipelines.Universal.Runtime.Tests.dll at Library/ScriptAssemblies/Unity.RenderPipelines.Universal.Runtime.Tests.dll not valid. Loading of assembly skipped.
Assembly Unity.Searcher.EditorTests.dll at Library/ScriptAssemblies/Unity.Searcher.EditorTests.dll not valid. Loading of assembly skipped.
Assembly Unity.ShaderGraph.Editor.Tests.dll at Library/ScriptAssemblies/Unity.ShaderGraph.Editor.Tests.dll not valid. Loading of assembly skipped.
Assembly Unity.TextMeshPro.Editor.Tests.dll at Library/ScriptAssemblies/Unity.TextMeshPro.Editor.Tests.dll not valid. Loading of assembly skipped.
Assembly Unity.TextMeshPro.Tests.dll at Library/ScriptAssemblies/Unity.TextMeshPro.Tests.dll not valid. Loading of assembly skipped.
Assembly Unity.UnifiedRayTracing.Editor.Tests.dll at Library/ScriptAssemblies/Unity.UnifiedRayTracing.Editor.Tests.dll not valid. Loading of assembly skipped.
Assembly Unity.XR.CoreUtils.CodeSamples.Tests.dll at Library/ScriptAssemblies/Unity.XR.CoreUtils.CodeSamples.Tests.dll not valid. Loading of assembly skipped.
Assembly Unity.XR.CoreUtils.Editor.Tests.dll at Library/ScriptAssemblies/Unity.XR.CoreUtils.Editor.Tests.dll not valid. Loading of assembly skipped.
Assembly Unity.XR.CoreUtils.Tests.dll at Library/ScriptAssemblies/Unity.XR.CoreUtils.Tests.dll not valid. Loading of assembly skipped.
Assembly Unity.XR.Interaction.Toolkit.Editor.Tests.dll at Library/ScriptAssemblies/Unity.XR.Interaction.Toolkit.Editor.Tests.dll not valid. Loading of assembly skipped.
Assembly Unity.XR.Interaction.Toolkit.Tests.dll at Library/ScriptAssemblies/Unity.XR.Interaction.Toolkit.Tests.dll not valid. Loading of assembly skipped.
Assembly Unity.XR.Management.EditorTests.dll at Library/ScriptAssemblies/Unity.XR.Management.EditorTests.dll not valid. Loading of assembly skipped.
Assembly Unity.XR.Management.TestPackage.dll at Library/ScriptAssemblies/Unity.XR.Management.TestPackage.dll not valid. Loading of assembly skipped.
Assembly Unity.XR.Management.TestPackage.Editor.dll at Library/ScriptAssemblies/Unity.XR.Management.TestPackage.Editor.dll not valid. Loading of assembly skipped.
Assembly Unity.XR.Management.Tests.dll at Library/ScriptAssemblies/Unity.XR.Management.Tests.dll not valid. Loading of assembly skipped.
Assembly Unity.XR.Management.Tests.Standalone.dll at Library/ScriptAssemblies/Unity.XR.Management.Tests.Standalone.dll not valid. Loading of assembly skipped.
Assembly Unity.XR.OpenXR.Editor.Tests.dll at Library/ScriptAssemblies/Unity.XR.OpenXR.Editor.Tests.dll not valid. Loading of assembly skipped.
Assembly Unity.XR.OpenXR.Tests.dll at Library/ScriptAssemblies/Unity.XR.OpenXR.Tests.dll not valid. Loading of assembly skipped.
Assembly Unity.XR.OpenXR.Ubuntu.Tests.dll at Library/ScriptAssemblies/Unity.XR.OpenXR.Ubuntu.Tests.dll not valid. Loading of assembly skipped.
Assembly Unity.XR.TestSupport.dll at Library/ScriptAssemblies/Unity.XR.TestSupport.dll not valid. Loading of assembly skipped.
Assembly UnityEditor.UI.Common.Tests.dll at Library/ScriptAssemblies/UnityEditor.UI.Common.Tests.dll not valid. Loading of assembly skipped.
Assembly UnityEditor.UI.EditorTests.dll at Library/ScriptAssemblies/UnityEditor.UI.EditorTests.dll not valid. Loading of assembly skipped.
Assembly UnityEditor.XR.LegacyInputHelpers.Tests.dll at Library/ScriptAssemblies/UnityEditor.XR.LegacyInputHelpers.Tests.dll not valid. Loading of assembly skipped.
Assembly UnityEngine.SpatialTracking.Tests.dll at Library/ScriptAssemblies/UnityEngine.SpatialTracking.Tests.dll not valid. Loading of assembly skipped.
Assembly UnityEngine.UI.Tests.dll at Library/ScriptAssemblies/UnityEngine.UI.Tests.dll not valid. Loading of assembly skipped.
Assembly UnityEngine.XR.OpenXR.CodeSamples.Editor.Tests.dll at Library/ScriptAssemblies/UnityEngine.XR.OpenXR.CodeSamples.Editor.Tests.dll not valid. Loading of assembly skipped.
Symbol file LoadedFromMemory is not a mono symbol file
Symbol file LoadedFromMemory is not a mono symbol file
Refreshing native plugins compatible for Editor in 5.97 ms, found 8 plugins.
Native extension for WindowsStandalone target not found
[Package Manager] Failed to launch server process. Reason: Unity was launched with the -noUpm command-line argument
[Package Manager] Unable to send message (not connected to server process).
[Package Manager] Cannot connect to Unity Package Manager local server
[Package Manager] Failed to launch server process. Reason: Unity was launched with the -noUpm command-line argument
[Package Manager] Unable to send message (not connected to server process).
[Package Manager] Cannot connect to Unity Package Manager local server
ScheduleIndexationOnStartup MainProcess:False IndexOnStartup:True
Mono: successfully reloaded assembly
[Package Manager] Failed to launch server process. Reason: Unity was launched with the -noUpm command-line argument
[Package Manager] Unable to send message (not connected to server process).
[Package Manager] Cannot connect to Unity Package Manager local server
[Package Manager] Failed to launch server process. Reason: Unity was launched with the -noUpm command-line argument
[Package Manager] Unable to send message (not connected to server process).
[Package Manager] Cannot connect to Unity Package Manager local server
- Finished resetting the current domain, in  0.793 seconds
Domain Reload Profiling: 1565ms
	BeginReloadAssembly (151ms)
		DisableScriptedObjects (5ms)
		CreateAndSetChildDomain (23ms)
	RebuildCommonClasses (30ms)
	RebuildNativeTypeToScriptingClass (10ms)
	initialDomainReloadingComplete (58ms)
	LoadAllAssembliesAndSetupDomain (522ms)
		LoadAssemblies (354ms)
		AnalyzeDomain (249ms)
			TypeCache.Refresh (170ms)
				TypeCache.ScanAssembly (152ms)
			BuildScriptInfoCaches (65ms)
			ResolveRequiredComponents (11ms)
	FinalizeReload (794ms)
		SetupLoadedEditorAssemblies (0ms)
			BeforeProcessingInitializeOnLoad (154ms)
			ProcessInitializeOnLoadAttributes (214ms)
			ProcessInitializeOnLoadMethodAttributes (169ms)
			AfterProcessingInitializeOnLoad (3ms)
		AwakeInstancesAfterBackupRestoration (5ms)
Launched and connected shader compiler UnityShaderCompiler.exe after 0.02 seconds
Refreshing native plugins compatible for Editor in 5.71 ms, found 8 plugins.
Unloading 66 Unused Serialized files (Serialized files now loaded: 0)
Unloading 8486 unused Assets / (20.5 MB). Loaded Objects now: 9350.
Memory consumption went from 208.9 MB to 188.3 MB.
Total: 10.173400 ms (FindLiveObjects: 0.606600 ms CreateObjectMapping: 0.479200 ms MarkObjects: 4.500100 ms  DeleteObjects: 4.583900 ms)

========================================================================
Received Import Request.
  Time since last request: 845960.863708 seconds.
  path: Assets/myassets/sfx
  importAddress: Guid(938b2ffb637124842bbde48e53c87d6a) Importer(815301076,1909f56bfc062723c751e8b465ee728b)
Start importing Assets/myassets/sfx using Guid(938b2ffb637124842bbde48e53c87d6a) Importer(815301076,1909f56bfc062723c751e8b465ee728b) (PreviewImporter) -> (Import Result ID: 'c7f2df6ce82eaaad128671c98d444f87') in 0.0067207 seconds [static and dynamic dependencies]. Details - ImportResultOutputID=c71139c4202674aa916a99c61bdcd0e3 DependenciesID=c17a8350570248656b22c80aea934db6 StaticDependenciesID=d845482abf7584023378c1712232a7f8 
Number of updated asset objects reloaded before import = 0Number of asset objects unloaded after import = 0

========================================================================
Received Import Request.
  Time since last request: 0.000019 seconds.
  path: Assets/myassets/sfx/dragon-studio-cozy-midnight-rain-02-448573.mp3
  importAddress: Guid(5e1ac26e14dbaa347931b4b5292c66d9) Importer(815301076,1909f56bfc062723c751e8b465ee728b)
Start importing Assets/myassets/sfx/dragon-studio-cozy-midnight-rain-02-448573.mp3 using Guid(5e1ac26e14dbaa347931b4b5292c66d9) Importer(815301076,1909f56bfc062723c751e8b465ee728b) (PreviewImporter) -> (Import Result ID: 'b22c6a754fa8a13296781ccf68a6f851') in 0.0812204 seconds [static and dynamic dependencies]. Details - ImportResultOutputID=7c990472b1510ceece9399a955ddbac9 DependenciesID=d00e66be7a6f083a2223c7754d51fce4 StaticDependenciesID=ff9b8805e2f339c7577b5ae49c377039 
Number of updated asset objects reloaded before import = 0Number of asset objects unloaded after import = 2

========================================================================
Received Import Request.
  Time since last request: 0.000023 seconds.
  path: Assets/myassets/materiales
  importAddress: Guid(2a1fdd8994b6bd148a5024f88368dfc5) Importer(815301076,1909f56bfc062723c751e8b465ee728b)
Start importing Assets/myassets/materiales using Guid(2a1fdd8994b6bd148a5024f88368dfc5) Importer(815301076,1909f56bfc062723c751e8b465ee728b) (PreviewImporter) -> (Import Result ID: '6704de3a7d069912cab1f500274a249f') in 0.0005344 seconds [static and dynamic dependencies]. Details - ImportResultOutputID=0ee580af5dc7673476010d54c1403b59 DependenciesID=ab1131679e46c5224e1e6b526f719120 StaticDependenciesID=a135e38aa1910b30d122a310fd8d8f41 
Number of updated asset objects reloaded before import = 0Number of asset objects unloaded after import = 0

========================================================================
Received Import Request.
  Time since last request: 0.000018 seconds.
  path: Assets/myassets/materiales/breathingMat.mat
  importAddress: Guid(4eace8dbf465dda4f82f7c3f816b22fb) Importer(815301076,1909f56bfc062723c751e8b465ee728b)
Start importing Assets/myassets/materiales/breathingMat.mat using Guid(4eace8dbf465dda4f82f7c3f816b22fb) Importer(815301076,1909f56bfc062723c751e8b465ee728b) (PreviewImporter) -> (Import Result ID: '773693f1e1e24c94c0709e843a4da6cb') in 0.6112749 seconds [static and dynamic dependencies]. Details - ImportResultOutputID=47045089b5bc0e8da451df63a397b7fa DependenciesID=fb842d009119fe072de12aac9ba2e372 StaticDependenciesID=713a0804b8edb1c4b5e3a401012deb08 
Number of updated asset objects reloaded before import = 0Number of asset objects unloaded after import = 1

========================================================================
Received Import Request.
  Time since last request: 41.249123 seconds.
  path: Assets/AssetesDescargados/Waldemarst/JapaneseGardenPackage/Scenes/Showcase/LightingData.asset
  importAddress: Guid(bcb9b31c2daca3d4baac056f12c58dda) Importer(2089858483,b0f066a214c2f5e87bad3c948f4d605d)
Start importing Assets/AssetesDescargados/Waldemarst/JapaneseGardenPackage/Scenes/Showcase/LightingData.asset using Guid(bcb9b31c2daca3d4baac056f12c58dda) Importer(2089858483,b0f066a214c2f5e87bad3c948f4d605d) (ScriptedImporter) -> (Import Result ID: 'a68539d3b45bc472859dc906ad9350a7') in 0.0601209 seconds [static and dynamic dependencies]. Details - ImportResultOutputID=ef7d4c77a4ad434ff6f31278658da004 DependenciesID=c0fa537ebd5f9ea932355315e19f7230 StaticDependenciesID=e14f6925145f7219a428c10349f91620 
Number of updated asset objects reloaded before import = 0Number of asset objects unloaded after import = 2

========================================================================
Received Prepare
Begin MonoManager ReloadAssembly
Assembly Assembly-CSharp-Editor-firstpass.dll at Library/ScriptAssemblies/Assembly-CSharp-Editor-firstpass.dll not valid. Loading of assembly skipped.
Assembly Assembly-CSharp-firstpass.dll at Library/ScriptAssemblies/Assembly-CSharp-firstpass.dll not valid. Loading of assembly skipped.
Assembly DocCodeExamples.dll at Library/ScriptAssemblies/DocCodeExamples.dll not valid. Loading of assembly skipped.
Assembly TestNewCustomAssembly.dll at Library/ScriptAssemblies/TestNewCustomAssembly.dll not valid. Loading of assembly skipped.
Assembly Unity.AppUI.Editor.Tests.dll at Library/ScriptAssemblies/Unity.AppUI.Editor.Tests.dll not valid. Loading of assembly skipped.
Assembly Unity.AppUI.Tests.dll at Library/ScriptAssemblies/Unity.AppUI.Tests.dll not valid. Loading of assembly skipped.
Assembly Unity.Collections.BurstCompatibilityGen.dll at Library/ScriptAssemblies/Unity.Collections.BurstCompatibilityGen.dll not valid. Loading of assembly skipped.
Assembly Unity.Collections.DocCodeSamples.dll at Library/ScriptAssemblies/Unity.Collections.DocCodeSamples.dll not valid. Loading of assembly skipped.
Assembly Unity.Collections.PerformanceTests.dll at Library/ScriptAssemblies/Unity.Collections.PerformanceTests.dll not valid. Loading of assembly skipped.
Assembly Unity.Collections.Tests.dll at Library/ScriptAssemblies/Unity.Collections.Tests.dll not valid. Loading of assembly skipped.
Assembly Unity.Collections.Tests.Playmode.dll at Library/ScriptAssemblies/Unity.Collections.Tests.Playmode.dll not valid. Loading of assembly skipped.
Assembly Unity.InputSystem.IntegrationTests.dll at Library/ScriptAssemblies/Unity.InputSystem.IntegrationTests.dll not valid. Loading of assembly skipped.
Assembly Unity.Mathematics.Tests.dll at Library/ScriptAssemblies/Unity.Mathematics.Tests.dll not valid. Loading of assembly skipped.
Assembly Unity.Multiplayer.Center.Editor.Tests.dll at Library/ScriptAssemblies/Unity.Multiplayer.Center.Editor.Tests.dll not valid. Loading of assembly skipped.
Assembly Unity.Multiplayer.Center.Tests.dll at Library/ScriptAssemblies/Unity.Multiplayer.Center.Tests.dll not valid. Loading of assembly skipped.
Assembly Unity.Nuget.Mono-Cecil.dll at Library/ScriptAssemblies/Unity.Nuget.Mono-Cecil.dll not valid. Loading of assembly skipped.
Assembly Unity.PathTracing.Editor.Tests.dll at Library/ScriptAssemblies/Unity.PathTracing.Editor.Tests.dll not valid. Loading of assembly skipped.
Assembly Unity.PathTracing.Runtime.Tests.dll at Library/ScriptAssemblies/Unity.PathTracing.Runtime.Tests.dll not valid. Loading of assembly skipped.
Assembly Unity.RenderPipelines.Core.Editor.Tests.dll at Library/ScriptAssemblies/Unity.RenderPipelines.Core.Editor.Tests.dll not valid. Loading of assembly skipped.
Assembly Unity.RenderPipelines.Core.Runtime.Tests.dll at Library/ScriptAssemblies/Unity.RenderPipelines.Core.Runtime.Tests.dll not valid. Loading of assembly skipped.
Assembly Unity.RenderPipelines.Universal.Config.Editor.Tests.dll at Library/ScriptAssemblies/Unity.RenderPipelines.Universal.Config.Editor.Tests.dll not valid. Loading of assembly skipped.
Assembly Unity.RenderPipelines.Universal.Editor.Tests.dll at Library/ScriptAssemblies/Unity.RenderPipelines.Universal.Editor.Tests.dll not valid. Loading of assembly skipped.
Assembly Unity.RenderPipelines.Universal.Runtime.Tests.dll at Library/ScriptAssemblies/Unity.RenderPipelines.Universal.Runtime.Tests.dll not valid. Loading of assembly skipped.
Assembly Unity.Searcher.EditorTests.dll at Library/ScriptAssemblies/Unity.Searcher.EditorTests.dll not valid. Loading of assembly skipped.
Assembly Unity.ShaderGraph.Editor.Tests.dll at Library/ScriptAssemblies/Unity.ShaderGraph.Editor.Tests.dll not valid. Loading of assembly skipped.
Assembly Unity.TextMeshPro.Editor.Tests.dll at Library/ScriptAssemblies/Unity.TextMeshPro.Editor.Tests.dll not valid. Loading of assembly skipped.
Assembly Unity.TextMeshPro.Tests.dll at Library/ScriptAssemblies/Unity.TextMeshPro.Tests.dll not valid. Loading of assembly skipped.
Assembly Unity.UnifiedRayTracing.Editor.Tests.dll at Library/ScriptAssemblies/Unity.UnifiedRayTracing.Editor.Tests.dll not valid. Loading of assembly skipped.
Assembly Unity.XR.CoreUtils.CodeSamples.Tests.dll at Library/ScriptAssemblies/Unity.XR.CoreUtils.CodeSamples.Tests.dll not valid. Loading of assembly skipped.
Assembly Unity.XR.CoreUtils.Editor.Tests.dll at Library/ScriptAssemblies/Unity.XR.CoreUtils.Editor.Tests.dll not valid. Loading of assembly skipped.
Assembly Unity.XR.CoreUtils.Tests.dll at Library/ScriptAssemblies/Unity.XR.CoreUtils.Tests.dll not valid. Loading of assembly skipped.
Assembly Unity.XR.Interaction.Toolkit.Editor.Tests.dll at Library/ScriptAssemblies/Unity.XR.Interaction.Toolkit.Editor.Tests.dll not valid. Loading of assembly skipped.
Assembly Unity.XR.Interaction.Toolkit.Tests.dll at Library/ScriptAssemblies/Unity.XR.Interaction.Toolkit.Tests.dll not valid. Loading of assembly skipped.
Assembly Unity.XR.Management.EditorTests.dll at Library/ScriptAssemblies/Unity.XR.Management.EditorTests.dll not valid. Loading of assembly skipped.
Assembly Unity.XR.Management.TestPackage.dll at Library/ScriptAssemblies/Unity.XR.Management.TestPackage.dll not valid. Loading of assembly skipped.
Assembly Unity.XR.Management.TestPackage.Editor.dll at Library/ScriptAssemblies/Unity.XR.Management.TestPackage.Editor.dll not valid. Loading of assembly skipped.
Assembly Unity.XR.Management.Tests.dll at Library/ScriptAssemblies/Unity.XR.Management.Tests.dll not valid. Loading of assembly skipped.
Assembly Unity.XR.Management.Tests.Standalone.dll at Library/ScriptAssemblies/Unity.XR.Management.Tests.Standalone.dll not valid. Loading of assembly skipped.
Assembly Unity.XR.OpenXR.Editor.Tests.dll at Library/ScriptAssemblies/Unity.XR.OpenXR.Editor.Tests.dll not valid. Loading of assembly skipped.
Assembly Unity.XR.OpenXR.Tests.dll at Library/ScriptAssemblies/Unity.XR.OpenXR.Tests.dll not valid. Loading of assembly skipped.
Assembly Unity.XR.OpenXR.Ubuntu.Tests.dll at Library/ScriptAssemblies/Unity.XR.OpenXR.Ubuntu.Tests.dll not valid. Loading of assembly skipped.
Assembly Unity.XR.TestSupport.dll at Library/ScriptAssemblies/Unity.XR.TestSupport.dll not valid. Loading of assembly skipped.
Assembly UnityEditor.UI.Common.Tests.dll at Library/ScriptAssemblies/UnityEditor.UI.Common.Tests.dll not valid. Loading of assembly skipped.
Assembly UnityEditor.UI.EditorTests.dll at Library/ScriptAssemblies/UnityEditor.UI.EditorTests.dll not valid. Loading of assembly skipped.
Assembly UnityEditor.XR.LegacyInputHelpers.Tests.dll at Library/ScriptAssemblies/UnityEditor.XR.LegacyInputHelpers.Tests.dll not valid. Loading of assembly skipped.
Assembly UnityEngine.SpatialTracking.Tests.dll at Library/ScriptAssemblies/UnityEngine.SpatialTracking.Tests.dll not valid. Loading of assembly skipped.
Assembly UnityEngine.UI.Tests.dll at Library/ScriptAssemblies/UnityEngine.UI.Tests.dll not valid. Loading of assembly skipped.
Assembly UnityEngine.XR.OpenXR.CodeSamples.Editor.Tests.dll at Library/ScriptAssemblies/UnityEngine.XR.OpenXR.CodeSamples.Editor.Tests.dll not valid. Loading of assembly skipped.
Symbol file LoadedFromMemory is not a mono symbol file
Symbol file LoadedFromMemory is not a mono symbol file
Refreshing native plugins compatible for Editor in 10.04 ms, found 8 plugins.
Native extension for WindowsStandalone target not found
[Package Manager] Failed to launch server process. Reason: Unity was launched with the -noUpm command-line argument
[Package Manager] Unable to send message (not connected to server process).
[Package Manager] Cannot connect to Unity Package Manager local server
[Package Manager] Failed to launch server process. Reason: Unity was launched with the -noUpm command-line argument
[Package Manager] Unable to send message (not connected to server process).
[Package Manager] Cannot connect to Unity Package Manager local server
ScheduleIndexationOnStartup MainProcess:False IndexOnStartup:True
Mono: successfully reloaded assembly
[Package Manager] Failed to launch server process. Reason: Unity was launched with the -noUpm command-line argument
[Package Manager] Unable to send message (not connected to server process).
[Package Manager] Cannot connect to Unity Package Manager local server
- Finished resetting the current domain, in  0.707 seconds
Domain Reload Profiling: 1349ms
	BeginReloadAssembly (181ms)
		DisableScriptedObjects (15ms)
		CreateAndSetChildDomain (41ms)
	RebuildCommonClasses (31ms)
	RebuildNativeTypeToScriptingClass (10ms)
	initialDomainReloadingComplete (49ms)
	LoadAllAssembliesAndSetupDomain (370ms)
		LoadAssemblies (276ms)
		AnalyzeDomain (165ms)
			TypeCache.Refresh (6ms)
			BuildScriptInfoCaches (147ms)
			ResolveRequiredComponents (10ms)
	FinalizeReload (708ms)
		SetupLoadedEditorAssemblies (0ms)
			BeforeProcessingInitializeOnLoad (142ms)
			ProcessInitializeOnLoadAttributes (223ms)
			ProcessInitializeOnLoadMethodAttributes (163ms)
			AfterProcessingInitializeOnLoad (3ms)
		AwakeInstancesAfterBackupRestoration (12ms)
Refreshing native plugins compatible for Editor in 5.19 ms, found 8 plugins.
Unloading 66 Unused Serialized files (Serialized files now loaded: 0)
Unloading 8485 unused Assets / (22.6 MB). Loaded Objects now: 9432.
Memory consumption went from 259.3 MB to 236.7 MB.
Total: 11.330600 ms (FindLiveObjects: 0.672600 ms CreateObjectMapping: 0.616600 ms MarkObjects: 3.895100 ms  DeleteObjects: 6.145600 ms)

Prepare: number of updated asset objects reloaded= 0
========================================================================
Received Import Request.
  Time since last request: 1015.295398 seconds.
  path: Assets/New Terrain.asset
  importAddress: Guid(28805d466d857554bb971c9a4bd41d68) Importer(815301076,1909f56bfc062723c751e8b465ee728b)
Start importing Assets/New Terrain.asset using Guid(28805d466d857554bb971c9a4bd41d68) Importer(815301076,1909f56bfc062723c751e8b465ee728b) (PreviewImporter) -> (Import Result ID: '5ec30aecc74086b6b823760f82ad2f45') in 0.0242164 seconds [static and dynamic dependencies]. Details - ImportResultOutputID=034d6fc26583ad98afd635c0b8305652 DependenciesID=5adafacb833d236f612c3580298e4683 StaticDependenciesID=140a8754707bead6e8832a171dcace1a 
Number of updated asset objects reloaded before import = 0Number of asset objects unloaded after import = 1

========================================================================
Received Import Request.
  Time since last request: 17.935377 seconds.
  path: Assets/AssetesDescargados/japanese-bridge/source/Pont/Materials
  importAddress: Guid(22dd932c129d4144fbbd7e2681252943) Importer(815301076,1909f56bfc062723c751e8b465ee728b)
Start importing Assets/AssetesDescargados/japanese-bridge/source/Pont/Materials using Guid(22dd932c129d4144fbbd7e2681252943) Importer(815301076,1909f56bfc062723c751e8b465ee728b) (PreviewImporter) -> (Import Result ID: '29aa4455e5da02768f46a7e8ff337598') in 0.0005303 seconds [static and dynamic dependencies]. Details - ImportResultOutputID=40e7cd88c9237adb2f577a499742228e DependenciesID=33f236568bbb6b0af6eac9587494a689 StaticDependenciesID=ca98b9ee0d0474278ed61830dadf49de 
Number of updated asset objects reloaded before import = 0Number of asset objects unloaded after import = 0

========================================================================
Received Import Request.
  Time since last request: 0.030935 seconds.
  path: Assets/AssetesDescargados/japanese-bridge/source/Pont/Materials/Pont_BaseColor.mat
  importAddress: Guid(ce47b08c13b3f8b45a7800e72fb3a66e) Importer(815301076,1909f56bfc062723c751e8b465ee728b)
Start importing Assets/AssetesDescargados/japanese-bridge/source/Pont/Materials/Pont_BaseColor.mat using Guid(ce47b08c13b3f8b45a7800e72fb3a66e) Importer(815301076,1909f56bfc062723c751e8b465ee728b) (PreviewImporter) -> (Import Result ID: '57b3a17948552bf33e873d7a90455647') in 0.3740007 seconds [static and dynamic dependencies]. Details - ImportResultOutputID=3ab2aa1066bc73f53d817ea0d25bdaa5 DependenciesID=7de117488d8e8af9c442021c08f58fde StaticDependenciesID=90767dc58ef899b3b479c065441af309 
Number of updated asset objects reloaded before import = 0Number of asset objects unloaded after import = 2

========================================================================
Received Import Request.
  Time since last request: 502.230547 seconds.
  path: Assets/XRI
  importAddress: Guid(a4b3537dbf71aa44a8b6890118c3ffc3) Importer(815301076,1909f56bfc062723c751e8b465ee728b)
Start importing Assets/XRI using Guid(a4b3537dbf71aa44a8b6890118c3ffc3) Importer(815301076,1909f56bfc062723c751e8b465ee728b) (PreviewImporter) -> (Import Result ID: '349920288167f67ae915dd2c0aeb2e42') in 0.001042 seconds [static and dynamic dependencies]. Details - ImportResultOutputID=a058e9e953ffd9605969e5079678f65d DependenciesID=f84af35a859d45a7ff9dffaca6f90356 StaticDependenciesID=5fccd3cd856147c91bac12a4e6b03cef 
Number of updated asset objects reloaded before import = 0Number of asset objects unloaded after import = 0

========================================================================
Received Import Request.
  Time since last request: 47.867105 seconds.
  path: Assets/Terrenos
  importAddress: Guid(fbfcea28dccb08f49abe80bf5f07aada) Importer(815301076,1909f56bfc062723c751e8b465ee728b)
Start importing Assets/Terrenos using Guid(fbfcea28dccb08f49abe80bf5f07aada) Importer(815301076,1909f56bfc062723c751e8b465ee728b) (PreviewImporter) -> (Import Result ID: 'a85133c2eb305ccc59534b0dc8c8e1a8') in 0.000697 seconds [static and dynamic dependencies]. Details - ImportResultOutputID=acf40b0ed968cccd2ff52750578d0817 DependenciesID=1daaa9d9480f86440e79737638b45e2f StaticDependenciesID=03a21ce9f2aa92b72da6ed19f944ff1f 
Number of updated asset objects reloaded before import = 0Number of asset objects unloaded after import = 0

========================================================================
Received Import Request.
  Time since last request: 0.930367 seconds.
  path: Assets/Terrenos
  importAddress: Guid(fbfcea28dccb08f49abe80bf5f07aada) Importer(2089858483,b0f066a214c2f5e87bad3c948f4d605d)
Start importing Assets/Terrenos using Guid(fbfcea28dccb08f49abe80bf5f07aada) Importer(2089858483,b0f066a214c2f5e87bad3c948f4d605d) (ScriptedImporter) -> (Import Result ID: '70a4409d19204e3ddd883c7bc888c006') in 0.0423112 seconds [static and dynamic dependencies]. Details - ImportResultOutputID=83d3726f9983e9bed79b078a5e1270a4 DependenciesID=1bfa99d8d47ad2b8602b996699140cbf StaticDependenciesID=94e686a2a25ca1114d1c0cb6be5cd86c 
Number of updated asset objects reloaded before import = 0Number of asset objects unloaded after import = 1

========================================================================
Received Import Request.
  Time since last request: 4.623264 seconds.
  path: Assets/New Terrain.asset
  importAddress: Guid(28805d466d857554bb971c9a4bd41d68) Importer(2089858483,b0f066a214c2f5e87bad3c948f4d605d)
Start importing Assets/New Terrain.asset using Guid(28805d466d857554bb971c9a4bd41d68) Importer(2089858483,b0f066a214c2f5e87bad3c948f4d605d) (ScriptedImporter) -> (Import Result ID: 'dffea38f0396b33cca75f9455c524038') in 0.0295519 seconds [static and dynamic dependencies]. Details - ImportResultOutputID=ae97febefc8ef98a717a945e8d9073d1 DependenciesID=e9863fb94f5dadb9d8da83d23cf41c42 StaticDependenciesID=dc3287825c0e78008ea888505a84b795 
Number of updated asset objects reloaded before import = 0Number of asset objects unloaded after import = 1

========================================================================
Received Import Request.
  Time since last request: 20.056515 seconds.
  path: Assets/Terrenos/New Terrain.asset
  importAddress: Guid(28805d466d857554bb971c9a4bd41d68) Importer(2089858483,b0f066a214c2f5e87bad3c948f4d605d)
Start importing Assets/Terrenos/New Terrain.asset using Guid(28805d466d857554bb971c9a4bd41d68) Importer(2089858483,b0f066a214c2f5e87bad3c948f4d605d) (ScriptedImporter) -> (Import Result ID: 'da41087b4479de61dd41efa50a53ce6f') in 0.0056953 seconds [static and dynamic dependencies]. Details - ImportResultOutputID=804927148980e4eb4b9a11f6b65617d9 DependenciesID=56f039c737ebff4a8106e2518f5ac203 StaticDependenciesID=cd578393ecae787f55186e9d246039b9 
Number of updated asset objects reloaded before import = 0Number of asset objects unloaded after import = 1

========================================================================
Received Import Request.
  Time since last request: 0.000019 seconds.
  path: Assets/Terrenos/New Terrain.asset
  importAddress: Guid(28805d466d857554bb971c9a4bd41d68) Importer(815301076,1909f56bfc062723c751e8b465ee728b)
Start importing Assets/Terrenos/New Terrain.asset using Guid(28805d466d857554bb971c9a4bd41d68) Importer(815301076,1909f56bfc062723c751e8b465ee728b) (PreviewImporter) -> (Import Result ID: '5bb8adb5d20900b7c4df1526ca478e80') in 0.0027494 seconds [static and dynamic dependencies]. Details - ImportResultOutputID=034d6fc26583ad98afd635c0b8305652 DependenciesID=74f0c2ed7d58dbf1cb04129d3c5db938 StaticDependenciesID=1838ea2b59ee899120ffdb45557d5f9d 
Number of updated asset objects reloaded before import = 0Number of asset objects unloaded after import = 1

========================================================================
Received Import Request.
  Time since last request: 18.343965 seconds.
  path: Assets/Terrenos/TerrenoCentral.asset
  importAddress: Guid(28805d466d857554bb971c9a4bd41d68) Importer(815301076,1909f56bfc062723c751e8b465ee728b)
Start importing Assets/Terrenos/TerrenoCentral.asset using Guid(28805d466d857554bb971c9a4bd41d68) Importer(815301076,1909f56bfc062723c751e8b465ee728b) (PreviewImporter) -> (Import Result ID: 'eeb4e37746b64f029cbd61b5bf0ce78f') in 0.0031528 seconds [static and dynamic dependencies]. Details - ImportResultOutputID=034d6fc26583ad98afd635c0b8305652 DependenciesID=31e2b5736bb17ce28de8937eca56830e StaticDependenciesID=e291646e2702fb6f104d7d70337f6a61 
Number of updated asset objects reloaded before import = 0Number of asset objects unloaded after import = 1

========================================================================
Received Import Request.
  Time since last request: 0.936683 seconds.
  path: Assets/Terrenos/TerrenoCentral.asset
  importAddress: Guid(28805d466d857554bb971c9a4bd41d68) Importer(2089858483,b0f066a214c2f5e87bad3c948f4d605d)
Start importing Assets/Terrenos/TerrenoCentral.asset using Guid(28805d466d857554bb971c9a4bd41d68) Importer(2089858483,b0f066a214c2f5e87bad3c948f4d605d) (ScriptedImporter) -> (Import Result ID: '8af1ba28b9be9ce72e5e2318e5dd7001') in 0.0078972 seconds [static and dynamic dependencies]. Details - ImportResultOutputID=52b156d6f61540e215a1322a09618065 DependenciesID=901ac3bbe6840e19bb17a94244ccd8a4 StaticDependenciesID=2b4682c8a47a0ed7f7bb18e5b25bda8b 
Number of updated asset objects reloaded before import = 0Number of asset objects unloaded after import = 1

========================================================================
Received Import Request.
  Time since last request: 61.791717 seconds.
  path: Assets/Terrenos/TerrainData_030cce21-a30c-4fd2-bfc4-117a67c006ed.asset
  importAddress: Guid(dccc26e5538a3b0449a31400491f8825) Importer(2089858483,b0f066a214c2f5e87bad3c948f4d605d)
Start importing Assets/Terrenos/TerrainData_030cce21-a30c-4fd2-bfc4-117a67c006ed.asset using Guid(dccc26e5538a3b0449a31400491f8825) Importer(2089858483,b0f066a214c2f5e87bad3c948f4d605d) (ScriptedImporter) -> (Import Result ID: 'd9e1796f4010dbe284b0ed0368ba6495') in 0.0090608 seconds [static and dynamic dependencies]. Details - ImportResultOutputID=b8c3c08a22659bf5b6ef11527251318d DependenciesID=2d7355180944755688077da6a371c698 StaticDependenciesID=9e49db8a674eb4da7c31e2ddcf72c150 
Number of updated asset objects reloaded before import = 0Number of asset objects unloaded after import = 1

========================================================================
Received Import Request.
  Time since last request: 20.772283 seconds.
  path: Assets/XRI/Settings
  importAddress: Guid(ce208cf09f3d2f64b929495c89c5c153) Importer(815301076,1909f56bfc062723c751e8b465ee728b)
Start importing Assets/XRI/Settings using Guid(ce208cf09f3d2f64b929495c89c5c153) Importer(815301076,1909f56bfc062723c751e8b465ee728b) (PreviewImporter) -> (Import Result ID: '28a86bd0b755fab381466209d34be425') in 0.0005685 seconds [static and dynamic dependencies]. Details - ImportResultOutputID=9a9fec2cfa1cfe2fccfd82baa9e4aef4 DependenciesID=0fa73e50dd6f8eaef588818fa310ada7 StaticDependenciesID=b4319308e71adb203a82f8270ef7af25 
Number of updated asset objects reloaded before import = 0Number of asset objects unloaded after import = 0

========================================================================
Received Import Request.
  Time since last request: 0.147320 seconds.
  path: Assets/XRI/Settings/XRInteractionEditorSettings.asset
  importAddress: Guid(893020224e0546b429277c8e6914f460) Importer(815301076,1909f56bfc062723c751e8b465ee728b)
Start importing Assets/XRI/Settings/XRInteractionEditorSettings.asset using Guid(893020224e0546b429277c8e6914f460) Importer(815301076,1909f56bfc062723c751e8b465ee728b) (PreviewImporter) -> (Import Result ID: 'deda5ca7bc865604ee226158e7873c2d') in 0.0049447 seconds [static and dynamic dependencies]. Details - ImportResultOutputID=21ad1efcbe1f4caab4c60ad88867e3a3 DependenciesID=121e993bc47702977630acb5d7d13e19 StaticDependenciesID=04259dd9a48a674845c8ab5d4d436428 
Number of updated asset objects reloaded before import = 0Number of asset objects unloaded after import = 1

========================================================================
Received Prepare
Begin MonoManager ReloadAssembly
[Licensing::Client] Successfully resolved entitlement details
Assembly Assembly-CSharp-Editor-firstpass.dll at Library/ScriptAssemblies/Assembly-CSharp-Editor-firstpass.dll not valid. Loading of assembly skipped.
Assembly Assembly-CSharp-firstpass.dll at Library/ScriptAssemblies/Assembly-CSharp-firstpass.dll not valid. Loading of assembly skipped.
Assembly DocCodeExamples.dll at Library/ScriptAssemblies/DocCodeExamples.dll not valid. Loading of assembly skipped.
Assembly TestNewCustomAssembly.dll at Library/ScriptAssemblies/TestNewCustomAssembly.dll not valid. Loading of assembly skipped.
Assembly Unity.AppUI.Editor.Tests.dll at Library/ScriptAssemblies/Unity.AppUI.Editor.Tests.dll not valid. Loading of assembly skipped.
Assembly Unity.AppUI.Tests.dll at Library/ScriptAssemblies/Unity.AppUI.Tests.dll not valid. Loading of assembly skipped.
Assembly Unity.Collections.BurstCompatibilityGen.dll at Library/ScriptAssemblies/Unity.Collections.BurstCompatibilityGen.dll not valid. Loading of assembly skipped.
Assembly Unity.Collections.DocCodeSamples.dll at Library/ScriptAssemblies/Unity.Collections.DocCodeSamples.dll not valid. Loading of assembly skipped.
Assembly Unity.Collections.PerformanceTests.dll at Library/ScriptAssemblies/Unity.Collections.PerformanceTests.dll not valid. Loading of assembly skipped.
Assembly Unity.Collections.Tests.dll at Library/ScriptAssemblies/Unity.Collections.Tests.dll not valid. Loading of assembly skipped.
Assembly Unity.Collections.Tests.Playmode.dll at Library/ScriptAssemblies/Unity.Collections.Tests.Playmode.dll not valid. Loading of assembly skipped.
Assembly Unity.InputSystem.IntegrationTests.dll at Library/ScriptAssemblies/Unity.InputSystem.IntegrationTests.dll not valid. Loading of assembly skipped.
Assembly Unity.Mathematics.Tests.dll at Library/ScriptAssemblies/Unity.Mathematics.Tests.dll not valid. Loading of assembly skipped.
Assembly Unity.Multiplayer.Center.Editor.Tests.dll at Library/ScriptAssemblies/Unity.Multiplayer.Center.Editor.Tests.dll not valid. Loading of assembly skipped.
Assembly Unity.Multiplayer.Center.Tests.dll at Library/ScriptAssemblies/Unity.Multiplayer.Center.Tests.dll not valid. Loading of assembly skipped.
Assembly Unity.Nuget.Mono-Cecil.dll at Library/ScriptAssemblies/Unity.Nuget.Mono-Cecil.dll not valid. Loading of assembly skipped.
Assembly Unity.PathTracing.Editor.Tests.dll at Library/ScriptAssemblies/Unity.PathTracing.Editor.Tests.dll not valid. Loading of assembly skipped.
Assembly Unity.PathTracing.Runtime.Tests.dll at Library/ScriptAssemblies/Unity.PathTracing.Runtime.Tests.dll not valid. Loading of assembly skipped.
Assembly Unity.RenderPipelines.Core.Editor.Tests.dll at Library/ScriptAssemblies/Unity.RenderPipelines.Core.Editor.Tests.dll not valid. Loading of assembly skipped.
Assembly Unity.RenderPipelines.Core.Runtime.Tests.dll at Library/ScriptAssemblies/Unity.RenderPipelines.Core.Runtime.Tests.dll not valid. Loading of assembly skipped.
Assembly Unity.RenderPipelines.Universal.Config.Editor.Tests.dll at Library/ScriptAssemblies/Unity.RenderPipelines.Universal.Config.Editor.Tests.dll not valid. Loading of assembly skipped.
Assembly Unity.RenderPipelines.Universal.Editor.Tests.dll at Library/ScriptAssemblies/Unity.RenderPipelines.Universal.Editor.Tests.dll not valid. Loading of assembly skipped.
Assembly Unity.RenderPipelines.Universal.Runtime.Tests.dll at Library/ScriptAssemblies/Unity.RenderPipelines.Universal.Runtime.Tests.dll not valid. Loading of assembly skipped.
Assembly Unity.Searcher.EditorTests.dll at Library/ScriptAssemblies/Unity.Searcher.EditorTests.dll not valid. Loading of assembly skipped.
Assembly Unity.ShaderGraph.Editor.Tests.dll at Library/ScriptAssemblies/Unity.ShaderGraph.Editor.Tests.dll not valid. Loading of assembly skipped.
Assembly Unity.TextMeshPro.Editor.Tests.dll at Library/ScriptAssemblies/Unity.TextMeshPro.Editor.Tests.dll not valid. Loading of assembly skipped.
Assembly Unity.TextMeshPro.Tests.dll at Library/ScriptAssemblies/Unity.TextMeshPro.Tests.dll not valid. Loading of assembly skipped.
Assembly Unity.UnifiedRayTracing.Editor.Tests.dll at Library/ScriptAssemblies/Unity.UnifiedRayTracing.Editor.Tests.dll not valid. Loading of assembly skipped.
Assembly Unity.XR.CoreUtils.CodeSamples.Tests.dll at Library/ScriptAssemblies/Unity.XR.CoreUtils.CodeSamples.Tests.dll not valid. Loading of assembly skipped.
Assembly Unity.XR.CoreUtils.Editor.Tests.dll at Library/ScriptAssemblies/Unity.XR.CoreUtils.Editor.Tests.dll not valid. Loading of assembly skipped.
Assembly Unity.XR.CoreUtils.Tests.dll at Library/ScriptAssemblies/Unity.XR.CoreUtils.Tests.dll not valid. Loading of assembly skipped.
Assembly Unity.XR.Interaction.Toolkit.Editor.Tests.dll at Library/ScriptAssemblies/Unity.XR.Interaction.Toolkit.Editor.Tests.dll not valid. Loading of assembly skipped.
Assembly Unity.XR.Interaction.Toolkit.Tests.dll at Library/ScriptAssemblies/Unity.XR.Interaction.Toolkit.Tests.dll not valid. Loading of assembly skipped.
Assembly Unity.XR.Management.EditorTests.dll at Library/ScriptAssemblies/Unity.XR.Management.EditorTests.dll not valid. Loading of assembly skipped.
Assembly Unity.XR.Management.TestPackage.dll at Library/ScriptAssemblies/Unity.XR.Management.TestPackage.dll not valid. Loading of assembly skipped.
Assembly Unity.XR.Management.TestPackage.Editor.dll at Library/ScriptAssemblies/Unity.XR.Management.TestPackage.Editor.dll not valid. Loading of assembly skipped.
Assembly Unity.XR.Management.Tests.dll at Library/ScriptAssemblies/Unity.XR.Management.Tests.dll not valid. Loading of assembly skipped.
Assembly Unity.XR.Management.Tests.Standalone.dll at Library/ScriptAssemblies/Unity.XR.Management.Tests.Standalone.dll not valid. Loading of assembly skipped.
Assembly Unity.XR.OpenXR.Editor.Tests.dll at Library/ScriptAssemblies/Unity.XR.OpenXR.Editor.Tests.dll not valid. Loading of assembly skipped.
Assembly Unity.XR.OpenXR.Tests.dll at Library/ScriptAssemblies/Unity.XR.OpenXR.Tests.dll not valid. Loading of assembly skipped.
Assembly Unity.XR.OpenXR.Ubuntu.Tests.dll at Library/ScriptAssemblies/Unity.XR.OpenXR.Ubuntu.Tests.dll not valid. Loading of assembly skipped.
Assembly Unity.XR.TestSupport.dll at Library/ScriptAssemblies/Unity.XR.TestSupport.dll not valid. Loading of assembly skipped.
Assembly UnityEditor.UI.Common.Tests.dll at Library/ScriptAssemblies/UnityEditor.UI.Common.Tests.dll not valid. Loading of assembly skipped.
Assembly UnityEditor.UI.EditorTests.dll at Library/ScriptAssemblies/UnityEditor.UI.EditorTests.dll not valid. Loading of assembly skipped.
Assembly UnityEditor.XR.LegacyInputHelpers.Tests.dll at Library/ScriptAssemblies/UnityEditor.XR.LegacyInputHelpers.Tests.dll not valid. Loading of assembly skipped.
Assembly UnityEngine.SpatialTracking.Tests.dll at Library/ScriptAssemblies/UnityEngine.SpatialTracking.Tests.dll not valid. Loading of assembly skipped.
Assembly UnityEngine.UI.Tests.dll at Library/ScriptAssemblies/UnityEngine.UI.Tests.dll not valid. Loading of assembly skipped.
Assembly UnityEngine.XR.OpenXR.CodeSamples.Editor.Tests.dll at Library/ScriptAssemblies/UnityEngine.XR.OpenXR.CodeSamples.Editor.Tests.dll not valid. Loading of assembly skipped.
Symbol file LoadedFromMemory is not a mono symbol file
Symbol file LoadedFromMemory is not a mono symbol file
Refreshing native plugins compatible for Editor in 5.28 ms, found 8 plugins.
Native extension for WindowsStandalone target not found
[Package Manager] Failed to launch server process. Reason: Unity was launched with the -noUpm command-line argument
[Package Manager] Unable to send message (not connected to server process).
[Package Manager] Cannot connect to Unity Package Manager local server
[Package Manager] Failed to launch server process. Reason: Unity was launched with the -noUpm command-line argument
[Package Manager] Unable to send message (not connected to server process).
[Package Manager] Cannot connect to Unity Package Manager local server
ScheduleIndexationOnStartup MainProcess:False IndexOnStartup:True
Mono: successfully reloaded assembly
[Package Manager] Failed to launch server process. Reason: Unity was launched with the -noUpm command-line argument
[Package Manager] Unable to send message (not connected to server process).
[Package Manager] Cannot connect to Unity Package Manager local server
- Finished resetting the current domain, in  0.697 seconds
Domain Reload Profiling: 1428ms
	BeginReloadAssembly (196ms)
		DisableScriptedObjects (15ms)
		CreateAndSetChildDomain (51ms)
	RebuildCommonClasses (29ms)
	RebuildNativeTypeToScriptingClass (10ms)
	initialDomainReloadingComplete (50ms)
	LoadAllAssembliesAndSetupDomain (445ms)
		LoadAssemblies (325ms)
		AnalyzeDomain (194ms)
			TypeCache.Refresh (9ms)
			BuildScriptInfoCaches (174ms)
			ResolveRequiredComponents (10ms)
	FinalizeReload (697ms)
		SetupLoadedEditorAssemblies (0ms)
			BeforeProcessingInitializeOnLoad (141ms)
			ProcessInitializeOnLoadAttributes (202ms)
			ProcessInitializeOnLoadMethodAttributes (178ms)
			AfterProcessingInitializeOnLoad (4ms)
		AwakeInstancesAfterBackupRestoration (13ms)
Refreshing native plugins compatible for Editor in 5.42 ms, found 8 plugins.
Unloading 66 Unused Serialized files (Serialized files now loaded: 0)
Unloading 8485 unused Assets / (21.8 MB). Loaded Objects now: 9454.
Memory consumption went from 259.4 MB to 237.7 MB.
Total: 11.533500 ms (FindLiveObjects: 0.817900 ms CreateObjectMapping: 0.453900 ms MarkObjects: 4.844100 ms  DeleteObjects: 5.415300 ms)

Prepare: number of updated asset objects reloaded= 0
========================================================================
Received Import Request.
  Time since last request: 602.108788 seconds.
  path: Packages/com.unity.render-pipelines.universal/Editor/ShaderGraph/GraphTemplates/2D/0_2D Sprite Lit.shadergraph
  importAddress: Guid(bde135b320597544b9ac325092409f8b) Importer(815301076,1909f56bfc062723c751e8b465ee728b)
Start importing Packages/com.unity.render-pipelines.universal/Editor/ShaderGraph/GraphTemplates/2D/0_2D Sprite Lit.shadergraph using Guid(bde135b320597544b9ac325092409f8b) Importer(815301076,1909f56bfc062723c751e8b465ee728b) (PreviewImporter) -> (Import Result ID: 'be5a765dec1ebef2052405aa82b5cb8b') in 0.5353532 seconds [static and dynamic dependencies]. Details - ImportResultOutputID=6c94fbdd0c4e949d57b93e5c43632786 DependenciesID=e23a016a724098d995dedc7ae78a4dfd StaticDependenciesID=0b5fb353e39e870246c02b425c3c436e 
Number of updated asset objects reloaded before import = 0Number of asset objects unloaded after import = 2

========================================================================
Received Import Request.
  Time since last request: 0.000032 seconds.
  path: Packages/com.unity.render-pipelines.universal/Runtime/Materials/ArnoldStandardSurface/ArnoldStandardSurfaceTransparent.shadergraph
  importAddress: Guid(30fa68ce467463643a86b839ca0eb195) Importer(815301076,1909f56bfc062723c751e8b465ee728b)
Start importing Packages/com.unity.render-pipelines.universal/Runtime/Materials/ArnoldStandardSurface/ArnoldStandardSurfaceTransparent.shadergraph using Guid(30fa68ce467463643a86b839ca0eb195) Importer(815301076,1909f56bfc062723c751e8b465ee728b) (PreviewImporter) -> (Import Result ID: '9f73e8ab95847cdb5dbcd8db404dbb4e') in 1.6827188 seconds [static and dynamic dependencies]. Details - ImportResultOutputID=eb71371e3b54d53e357a82dcfd877d8e DependenciesID=3de7a29c0aeb9ad3c2902a41976062ce StaticDependenciesID=aec7bcb76f1796635b917b3817496795 
Number of updated asset objects reloaded before import = 0Number of asset objects unloaded after import = 5

========================================================================
Received Import Request.
  Time since last request: 0.000038 seconds.
  path: Packages/com.unity.render-pipelines.core/Runtime/RenderPipelineResources/Mesh/SamplesFloorSpotlight.fbx
  importAddress: Guid(1dbf28c1bb322474d981b2dc555e28b0) Importer(815301076,1909f56bfc062723c751e8b465ee728b)
Start importing Packages/com.unity.render-pipelines.core/Runtime/RenderPipelineResources/Mesh/SamplesFloorSpotlight.fbx using Guid(1dbf28c1bb322474d981b2dc555e28b0) Importer(815301076,1909f56bfc062723c751e8b465ee728b) (PreviewImporter) -> (Import Result ID: '4752abe077bf8111c311c20c8926aa9a') in 0.0766386 seconds [static and dynamic dependencies]. Details - ImportResultOutputID=297a50370a03313830c48c9bc50b637d DependenciesID=47a011008fa262b22acd3fb6050598df StaticDependenciesID=a2036c8a802a044065774c9c386bd632 
Number of updated asset objects reloaded before import = 0Number of asset objects unloaded after import = 14

========================================================================
Received Import Request.
  Time since last request: 0.000024 seconds.
  path: Packages/com.unity.render-pipelines.universal/Shaders/AutodeskInteractive/AutodeskInteractiveTransparent.shadergraph
  importAddress: Guid(5c81372d981403744adbdda4433c9c11) Importer(815301076,1909f56bfc062723c751e8b465ee728b)
Start importing Packages/com.unity.render-pipelines.universal/Shaders/AutodeskInteractive/AutodeskInteractiveTransparent.shadergraph using Guid(5c81372d981403744adbdda4433c9c11) Importer(815301076,1909f56bfc062723c751e8b465ee728b) (PreviewImporter) -> (Import Result ID: '0717823b2e376237038368e2dda784dc') in 1.6976442 seconds [static and dynamic dependencies]. Details - ImportResultOutputID=cbfc987090ab2ca40fa8fb3658780a5c DependenciesID=69f5673538a22978f6fdfcf52d3f4d72 StaticDependenciesID=6fcf9cf86c5c6eaa0ce19732eefe24bf 
Number of updated asset objects reloaded before import = 0Number of asset objects unloaded after import = 0

========================================================================
Received Import Request.
  Time since last request: 0.000024 seconds.
  path: Packages/com.unity.render-pipelines.core/Runtime/RenderPipelineResources/Mesh/SamplesSpotlightModel.fbx
  importAddress: Guid(4e8732d4875cc0647b52b55a218072b6) Importer(815301076,1909f56bfc062723c751e8b465ee728b)
Start importing Packages/com.unity.render-pipelines.core/Runtime/RenderPipelineResources/Mesh/SamplesSpotlightModel.fbx using Guid(4e8732d4875cc0647b52b55a218072b6) Importer(815301076,1909f56bfc062723c751e8b465ee728b) (PreviewImporter) -> (Import Result ID: 'b019722cd6019ad1866d21e4bd381117') in 0.0461554 seconds [static and dynamic dependencies]. Details - ImportResultOutputID=ffe984d4c79dd06d8fef41b0d84f6e77 DependenciesID=5b7279f70b4ae6e5892d69f888b56c96 StaticDependenciesID=66387e429aff0f1e1f6d1fed1ec14eb0 
Number of updated asset objects reloaded before import = 0Number of asset objects unloaded after import = 42

========================================================================
Received Import Request.
  Time since last request: 0.000031 seconds.
  path: Assets/Samples/XR Interaction Toolkit/3.4.1/Starter Assets/DemoAssets/Models/Primitive_Blaster.fbx
  importAddress: Guid(e8cf87fef9298444ca38948b2c8a4073) Importer(815301076,1909f56bfc062723c751e8b465ee728b)
Start importing Assets/Samples/XR Interaction Toolkit/3.4.1/Starter Assets/DemoAssets/Models/Primitive_Blaster.fbx using Guid(e8cf87fef9298444ca38948b2c8a4073) Importer(815301076,1909f56bfc062723c751e8b465ee728b) (PreviewImporter) -> (Import Result ID: '17d82cc9c6ec864b07be7624cd99285b') in 1.9359176 seconds [static and dynamic dependencies]. Details - ImportResultOutputID=10a848fb3824e8ffaecd88197a91a6f1 DependenciesID=6999030bd95a7166133a3343a720cc3a StaticDependenciesID=1a1b6fd830bf53548d5536f26322e31e 
Number of updated asset objects reloaded before import = 0Number of asset objects unloaded after import = 15

========================================================================
Received Import Request.
  Time since last request: 0.000026 seconds.
  path: Packages/com.unity.shadergraph/GraphTemplates/BuiltIn/BuiltIn Lit Basic.shadergraph
  importAddress: Guid(2019d78ad3d1c5c4a8d309a857ca449f) Importer(815301076,1909f56bfc062723c751e8b465ee728b)
Start importing Packages/com.unity.shadergraph/GraphTemplates/BuiltIn/BuiltIn Lit Basic.shadergraph using Guid(2019d78ad3d1c5c4a8d309a857ca449f) Importer(815301076,1909f56bfc062723c751e8b465ee728b) (PreviewImporter) -> (Import Result ID: '5b6394061b14f2a593b021077f778335') in 0.1447829 seconds [static and dynamic dependencies]. Details - ImportResultOutputID=0c1fa9e284af0e523615b680e17e0aa5 DependenciesID=fc9835d1aa51497612f253f0e9f74469 StaticDependenciesID=198a71726fd7185e94d9c8a032df3879 
Number of updated asset objects reloaded before import = 0Number of asset objects unloaded after import = 3

========================================================================
Received Import Request.
  Time since last request: 0.000035 seconds.
  path: Assets/Samples/XR Interaction Toolkit/3.4.1/Starter Assets/DemoAssets/Models/Primitive_Torus.fbx
  importAddress: Guid(f077c919501a44778a0c2edb6eb1a54a) Importer(815301076,1909f56bfc062723c751e8b465ee728b)
Start importing Assets/Samples/XR Interaction Toolkit/3.4.1/Starter Assets/DemoAssets/Models/Primitive_Torus.fbx using Guid(f077c919501a44778a0c2edb6eb1a54a) Importer(815301076,1909f56bfc062723c751e8b465ee728b) (PreviewImporter) -> (Import Result ID: '5f98b18abc2057c25f55fc8a7d2a5628') in 0.0153268 seconds [static and dynamic dependencies]. Details - ImportResultOutputID=db643ece2ff9ea6a0bb4517b7711ed03 DependenciesID=85a8d9bc1dc8d2049a1a83f3c7f1413a StaticDependenciesID=cd6d7e065077574d37b8751fc64508a1 
Number of updated asset objects reloaded before import = 0Number of asset objects unloaded after import = 15

========================================================================
Received Import Request.
  Time since last request: 0.000023 seconds.
  path: Assets/Samples/XR Interaction Toolkit/3.4.1/Starter Assets/Models/Primitive_Cylinder.fbx
  importAddress: Guid(9e1dc1c14313460d872de39e35129b39) Importer(815301076,1909f56bfc062723c751e8b465ee728b)
Start importing Assets/Samples/XR Interaction Toolkit/3.4.1/Starter Assets/Models/Primitive_Cylinder.fbx using Guid(9e1dc1c14313460d872de39e35129b39) Importer(815301076,1909f56bfc062723c751e8b465ee728b) (PreviewImporter) -> (Import Result ID: '0b59eb8dec2e6a843e4cbbfb170e2d85') in 0.0172975 seconds [static and dynamic dependencies]. Details - ImportResultOutputID=c0442ce58517c878fba94e56124f207f DependenciesID=23bcdcf79bc18dcd024a27fca7016a37 StaticDependenciesID=507576edcd8860e549e7d9c395f88681 
Number of updated asset objects reloaded before import = 0Number of asset objects unloaded after import = 15

========================================================================
Received Import Request.
  Time since last request: 0.000024 seconds.
  path: Assets/AssetesDescargados/Waldemarst/JapaneseGardenPackage/Materials/brocco_jg_grass_02.mat
  importAddress: Guid(f92749bb6fdc2d2578dff44811e9739d) Importer(815301076,1909f56bfc062723c751e8b465ee728b)
Start importing Assets/AssetesDescargados/Waldemarst/JapaneseGardenPackage/Materials/brocco_jg_grass_02.mat using Guid(f92749bb6fdc2d2578dff44811e9739d) Importer(815301076,1909f56bfc062723c751e8b465ee728b) (PreviewImporter) -> (Import Result ID: '688c2cb7d0a988c5d49be12fb3342df0') in 0.0133651 seconds [static and dynamic dependencies]. Details - ImportResultOutputID=e748922108fa736f9e604913873a53a9 DependenciesID=d371856762381cd9fc91a024385850de StaticDependenciesID=57f644d0e1215eead4de67b41dadb3b1 
Number of updated asset objects reloaded before import = 0Number of asset objects unloaded after import = 2

========================================================================
Received Import Request.
  Time since last request: 0.000026 seconds.
  path: Assets/AssetesDescargados/Waldemarst/JapaneseGardenPackage/Materials/brocco_jg_rock.mat
  importAddress: Guid(1f420555c987bebdb81915cd43a47494) Importer(815301076,1909f56bfc062723c751e8b465ee728b)
Start importing Assets/AssetesDescargados/Waldemarst/JapaneseGardenPackage/Materials/brocco_jg_rock.mat using Guid(1f420555c987bebdb81915cd43a47494) Importer(815301076,1909f56bfc062723c751e8b465ee728b) (PreviewImporter) -> (Import Result ID: '7b38237078efdb638316ee8499a66d80') in 1.5792438 seconds [static and dynamic dependencies]. Details - ImportResultOutputID=d66a5634352bdb2b16d70c23f6fc11ae DependenciesID=387d86b417091b3477f0e08ecfe3b833 StaticDependenciesID=d227ff0f2546af3fa941bf8929cbb7f5 
Number of updated asset objects reloaded before import = 0Number of asset objects unloaded after import = 3

========================================================================
Received Import Request.
  Time since last request: 0.000025 seconds.
  path: Assets/Samples/XR Interaction Toolkit/3.4.1/Starter Assets/Materials/Controller_White.mat
  importAddress: Guid(9f12d299d16099343a3c5c0d7285822a) Importer(815301076,1909f56bfc062723c751e8b465ee728b)
Start importing Assets/Samples/XR Interaction Toolkit/3.4.1/Starter Assets/Materials/Controller_White.mat using Guid(9f12d299d16099343a3c5c0d7285822a) Importer(815301076,1909f56bfc062723c751e8b465ee728b) (PreviewImporter) -> (Import Result ID: '9589e26e102b971d129488f57fd66781') in 1.515043 seconds [static and dynamic dependencies]. Details - ImportResultOutputID=02f74203e97959b8c53e6b72316af478 DependenciesID=aa235fb00ff6715d5c5438441bf79820 StaticDependenciesID=8a99a01000035caceb4767cd1e530a54 
Number of updated asset objects reloaded before import = 0Number of asset objects unloaded after import = 2

========================================================================
Received Import Request.
  Time since last request: 0.000035 seconds.
  path: Assets/Training table/LODs/lod1.fbx
  importAddress: Guid(ab55f17d1d8301c489b9b1781b5beb8d) Importer(815301076,1909f56bfc062723c751e8b465ee728b)
Start importing Assets/Training table/LODs/lod1.fbx using Guid(ab55f17d1d8301c489b9b1781b5beb8d) Importer(815301076,1909f56bfc062723c751e8b465ee728b) (PreviewImporter) -> (Import Result ID: '9e766d9ddbd32a880307087ca399f53e') in 0.0208909 seconds [static and dynamic dependencies]. Details - ImportResultOutputID=bcbd4120b4e00ec5591389410a853d46 DependenciesID=2888b186e98f7b5c4c3083f3b3390542 StaticDependenciesID=8efd5a4879ea93330b06364b1b882790 
Number of updated asset objects reloaded before import = 0Number of asset objects unloaded after import = 9

========================================================================
Received Import Request.
  Time since last request: 0.000022 seconds.
  path: Packages/com.unity.render-pipelines.core/Runtime/Debug/ProbeSamplingDebugMesh.fbx
  importAddress: Guid(20be25aac4e22ee49a7db76fb3df6de2) Importer(815301076,1909f56bfc062723c751e8b465ee728b)
Start importing Packages/com.unity.render-pipelines.core/Runtime/Debug/ProbeSamplingDebugMesh.fbx using Guid(20be25aac4e22ee49a7db76fb3df6de2) Importer(815301076,1909f56bfc062723c751e8b465ee728b) (PreviewImporter) -> (Import Result ID: '1128e970d4d074153bacfd610b143100') in 0.0148397 seconds [static and dynamic dependencies]. Details - ImportResultOutputID=d1e44f60196d82406c210f251daf83f7 DependenciesID=2c87b95c24634675f45f67a9845e2bdd StaticDependenciesID=d77bb95a1aae34e8f57c4788a01391fe 
Number of updated asset objects reloaded before import = 0Number of asset objects unloaded after import = 0

========================================================================
Received Import Request.
  Time since last request: 0.000023 seconds.
  path: Assets/Samples/XR Interaction Toolkit/3.4.1/Starter Assets/Materials/Controller_Grey.mat
  importAddress: Guid(99685157b02e4d446bbecb015645e5e8) Importer(815301076,1909f56bfc062723c751e8b465ee728b)
Start importing Assets/Samples/XR Interaction Toolkit/3.4.1/Starter Assets/Materials/Controller_Grey.mat using Guid(99685157b02e4d446bbecb015645e5e8) Importer(815301076,1909f56bfc062723c751e8b465ee728b) (PreviewImporter) -> (Import Result ID: '0abf478fdfc0332d4d1a23251eaff174') in 0.0097714 seconds [static and dynamic dependencies]. Details - ImportResultOutputID=3f4b9660c24b0ba84f6e6ad07c80b9cb DependenciesID=4f6637b01956fd6ab5273c254add156e StaticDependenciesID=59b05cef83868f60871fb8dbcdcad655 
Number of updated asset objects reloaded before import = 0Number of asset objects unloaded after import = 2

========================================================================
Received Import Request.
  Time since last request: 0.000022 seconds.
  path: Packages/com.unity.shadergraph/GraphTemplates/Custom Render Texture.shadergraph
  importAddress: Guid(7ef2cf71ad164fe479662ae612dff99e) Importer(815301076,1909f56bfc062723c751e8b465ee728b)
Start importing Packages/com.unity.shadergraph/GraphTemplates/Custom Render Texture.shadergraph using Guid(7ef2cf71ad164fe479662ae612dff99e) Importer(815301076,1909f56bfc062723c751e8b465ee728b) (PreviewImporter) -> (Import Result ID: 'd386e15299ac6f2bf45d5c29bca49561') in 0.0520327 seconds [static and dynamic dependencies]. Details - ImportResultOutputID=d951f698e93b78d62313374795660dc2 DependenciesID=c47c7ef70355fbccd7d35a1188128bc5 StaticDependenciesID=6f18c10c9c86bb1c651e2aeed122a07f 
Number of updated asset objects reloaded before import = 0Number of asset objects unloaded after import = 2

========================================================================
Received Import Request.
  Time since last request: 0.000024 seconds.
  path: Assets/Samples/XR Interaction Toolkit/3.4.1/Starter Assets/DemoAssets/Models/Primitive_Torus_Cut.fbx
  importAddress: Guid(46c1c422ff6897f49a404b012dc924d3) Importer(815301076,1909f56bfc062723c751e8b465ee728b)
Start importing Assets/Samples/XR Interaction Toolkit/3.4.1/Starter Assets/DemoAssets/Models/Primitive_Torus_Cut.fbx using Guid(46c1c422ff6897f49a404b012dc924d3) Importer(815301076,1909f56bfc062723c751e8b465ee728b) (PreviewImporter) -> (Import Result ID: '71e22bd2ceb4ca659b0c1352b42762d3') in 0.0167374 seconds [static and dynamic dependencies]. Details - ImportResultOutputID=45e321a17b49bed6b55744555c901553 DependenciesID=f195777e846c215440682fb34b8c6da8 StaticDependenciesID=3af219630b5129b0f9f4c991ba15b30e 
Number of updated asset objects reloaded before import = 0Number of asset objects unloaded after import = 15

========================================================================
Received Import Request.
  Time since last request: 0.000034 seconds.
  path: Assets/Training table/Table.obj
  importAddress: Guid(2e9ed32f32a4d6c4fa0384a2b1a7806d) Importer(815301076,1909f56bfc062723c751e8b465ee728b)
Start importing Assets/Training table/Table.obj using Guid(2e9ed32f32a4d6c4fa0384a2b1a7806d) Importer(815301076,1909f56bfc062723c751e8b465ee728b) (PreviewImporter) -> (Import Result ID: 'ad9d4179c8fe12a7506e5bd3c6dbd865') in 0.0246383 seconds [static and dynamic dependencies]. Details - ImportResultOutputID=adfc5290e2e379a320ae22e204f8d991 DependenciesID=c789860e197ac7b9a4e149b9652a1929 StaticDependenciesID=beb7dc2e8ff307acb44d9d0fb301f566 
Number of updated asset objects reloaded before import = 0Number of asset objects unloaded after import = 11

========================================================================
Received Import Request.
  Time since last request: 0.000024 seconds.
  path: Assets/Samples/XR Interaction Toolkit/3.4.1/Starter Assets/Models/Pinch_Pointer_LOD0.fbx
  importAddress: Guid(e053b8fbc416ba349b4a58a26410bba2) Importer(815301076,1909f56bfc062723c751e8b465ee728b)
Start importing Assets/Samples/XR Interaction Toolkit/3.4.1/Starter Assets/Models/Pinch_Pointer_LOD0.fbx using Guid(e053b8fbc416ba349b4a58a26410bba2) Importer(815301076,1909f56bfc062723c751e8b465ee728b) (PreviewImporter) -> (Import Result ID: '09244f6756bc78eacec471f2ed431194') in 0.0160774 seconds [static and dynamic dependencies]. Details - ImportResultOutputID=cd3b61b8e1498f10d3f13b0628ab8c40 DependenciesID=4e137505a95f5dd4447879007e5e501f StaticDependenciesID=701ff30955ad821c6371e109054d8c65 
Number of updated asset objects reloaded before import = 0Number of asset objects unloaded after import = 6

========================================================================
Received Import Request.
  Time since last request: 0.000024 seconds.
  path: Packages/com.unity.render-pipelines.universal/Editor/ShaderGraph/GraphTemplates/2D/2_2D Sprite Custom Lit.shadergraph
  importAddress: Guid(bfad0aba0faa90547b68abd10bb6be86) Importer(815301076,1909f56bfc062723c751e8b465ee728b)
Start importing Packages/com.unity.render-pipelines.universal/Editor/ShaderGraph/GraphTemplates/2D/2_2D Sprite Custom Lit.shadergraph using Guid(bfad0aba0faa90547b68abd10bb6be86) Importer(815301076,1909f56bfc062723c751e8b465ee728b) (PreviewImporter) -> (Import Result ID: 'a4da14e2a7983f3b9163e4069d989808') in 0.1400999 seconds [static and dynamic dependencies]. Details - ImportResultOutputID=0313edf46edd28ae0abfd3c725c95ec9 DependenciesID=3cb8f31b2b26d4a154a25ddefc26fac0 StaticDependenciesID=3743cf59502288b98147efacec5c447e 
Number of updated asset objects reloaded before import = 0Number of asset objects unloaded after import = 2

========================================================================
Received Import Request.
  Time since last request: 0.000025 seconds.
  path: Assets/Samples/XR Interaction Toolkit/3.4.1/Starter Assets/Models/Reticle_Torus.fbx
  importAddress: Guid(be2911572dc3afa448d24b4e97edc5f1) Importer(815301076,1909f56bfc062723c751e8b465ee728b)
Start importing Assets/Samples/XR Interaction Toolkit/3.4.1/Starter Assets/Models/Reticle_Torus.fbx using Guid(be2911572dc3afa448d24b4e97edc5f1) Importer(815301076,1909f56bfc062723c751e8b465ee728b) (PreviewImporter) -> (Import Result ID: '4afcfb63d9c72b592b56b53f613daf5a') in 0.0171282 seconds [static and dynamic dependencies]. Details - ImportResultOutputID=d49ae496193c0dac6f4d48c0eee91ee6 DependenciesID=8a63c8ea52d76a29220a342f10dc35cf StaticDependenciesID=d5c0735eb046fe3750234c4579e63394 
Number of updated asset objects reloaded before import = 0Number of asset objects unloaded after import = 15

========================================================================
Received Import Request.
  Time since last request: 0.000034 seconds.
  path: Assets/Training table/LODs/lod0.fbx
  importAddress: Guid(c5cd56fa3a1f1bd42a234ca540421881) Importer(815301076,1909f56bfc062723c751e8b465ee728b)
Start importing Assets/Training table/LODs/lod0.fbx using Guid(c5cd56fa3a1f1bd42a234ca540421881) Importer(815301076,1909f56bfc062723c751e8b465ee728b) (PreviewImporter) -> (Import Result ID: 'b8fa00fcfad872e18fc15ae8a08f3942') in 0.0176709 seconds [static and dynamic dependencies]. Details - ImportResultOutputID=be94e32fe2df7437c621bfc7058cc7e3 DependenciesID=23f18f04b44a04da330b6d84d0347e3a StaticDependenciesID=e333a5f303769bde858ede3fd340268e 
Number of updated asset objects reloaded before import = 0Number of asset objects unloaded after import = 9

========================================================================
Received Import Request.
  Time since last request: 0.000024 seconds.
  path: Packages/com.unity.shadergraph/GraphTemplates/Cross Pipeline/0_Decal Simple.shadergraph
  importAddress: Guid(39144937a5efe954dac51acbbe54157e) Importer(815301076,1909f56bfc062723c751e8b465ee728b)
Start importing Packages/com.unity.shadergraph/GraphTemplates/Cross Pipeline/0_Decal Simple.shadergraph using Guid(39144937a5efe954dac51acbbe54157e) Importer(815301076,1909f56bfc062723c751e8b465ee728b) (PreviewImporter) -> (Import Result ID: 'bdac64ef7a26127e6e97b84e74abf8eb') in 0.010281 seconds [static and dynamic dependencies]. Details - ImportResultOutputID=c75b470a334b0bd043cfdd4e64448e39 DependenciesID=7ac0f8a0620a2344711655d918dd7b1c StaticDependenciesID=f83b1738d9fb2584ca34c51d1229c37d 
Number of updated asset objects reloaded before import = 0Number of asset objects unloaded after import = 2

========================================================================
Received Import Request.
  Time since last request: 0.000025 seconds.
  path: Assets/Samples/XR Interaction Toolkit/3.4.1/Starter Assets/DemoAssets/Models/Primitive_Blaster_Long.fbx
  importAddress: Guid(e51d3dbfe79e4c646bb30424a11f23a0) Importer(815301076,1909f56bfc062723c751e8b465ee728b)
Start importing Assets/Samples/XR Interaction Toolkit/3.4.1/Starter Assets/DemoAssets/Models/Primitive_Blaster_Long.fbx using Guid(e51d3dbfe79e4c646bb30424a11f23a0) Importer(815301076,1909f56bfc062723c751e8b465ee728b) (PreviewImporter) -> (Import Result ID: '1648ceaf384ebc6c68ba66d84550397d') in 0.0161863 seconds [static and dynamic dependencies]. Details - ImportResultOutputID=d43d3beb2ae11e0ea42f82fc4a0746d2 DependenciesID=cb9f6b9ddf42e1b542e57d6dd0920cff StaticDependenciesID=b7e63d1666bce4fd62c697dad5081ebb 
Number of updated asset objects reloaded before import = 0Number of asset objects unloaded after import = 15

========================================================================
Received Import Request.
  Time since last request: 0.000024 seconds.
  path: Assets/AssetesDescargados/Waldemarst/JapaneseGardenPackage/Materials/brocco_jg_grass_01.mat
  importAddress: Guid(9f14e308898371238a84a2c559d3a217) Importer(815301076,1909f56bfc062723c751e8b465ee728b)
Start importing Assets/AssetesDescargados/Waldemarst/JapaneseGardenPackage/Materials/brocco_jg_grass_01.mat using Guid(9f14e308898371238a84a2c559d3a217) Importer(815301076,1909f56bfc062723c751e8b465ee728b) (PreviewImporter) -> (Import Result ID: '3f5725a2174f1b30824394a57b7c0cbf') in 0.0128638 seconds [static and dynamic dependencies]. Details - ImportResultOutputID=8a6c765080078c94429e2c45dd30d66f DependenciesID=767f63411d52999545727f01da8162ef StaticDependenciesID=3d2747668fbc812666a5a29706e64dcf 
Number of updated asset objects reloaded before import = 0Number of asset objects unloaded after import = 2

========================================================================
Received Import Request.
  Time since last request: 0.000025 seconds.
  path: Packages/com.unity.render-pipelines.universal/Editor/SceneTemplates/Materials/Black.mat
  importAddress: Guid(4f1ef37ae953c484bbc5d5e4049147e5) Importer(815301076,1909f56bfc062723c751e8b465ee728b)
Start importing Packages/com.unity.render-pipelines.universal/Editor/SceneTemplates/Materials/Black.mat using Guid(4f1ef37ae953c484bbc5d5e4049147e5) Importer(815301076,1909f56bfc062723c751e8b465ee728b) (PreviewImporter) -> (Import Result ID: 'a6046bc602615c4f3f99ae896763b1a4') in 0.0074849 seconds [static and dynamic dependencies]. Details - ImportResultOutputID=026ad09b2db466994abf36d32c626005 DependenciesID=84fef27779bf21e1f4e0455dfeb6bd53 StaticDependenciesID=bbd0ddd36e96d93e2ad8a3104be6b750 
Number of updated asset objects reloaded before import = 0Number of asset objects unloaded after import = 1

========================================================================
Received Import Request.
  Time since last request: 0.000029 seconds.
  path: Assets/Samples/XR Interaction Toolkit/3.4.1/Starter Assets/DemoAssets/Materials/Concrete Grey.mat
  importAddress: Guid(842f1b88643f1bb458ba6243088e344e) Importer(815301076,1909f56bfc062723c751e8b465ee728b)
Start importing Assets/Samples/XR Interaction Toolkit/3.4.1/Starter Assets/DemoAssets/Materials/Concrete Grey.mat using Guid(842f1b88643f1bb458ba6243088e344e) Importer(815301076,1909f56bfc062723c751e8b465ee728b) (PreviewImporter) -> (Import Result ID: '31e0873dd832448125c395505e696a27') in 1.5207275 seconds [static and dynamic dependencies]. Details - ImportResultOutputID=a4e54cc6ea0bf735b969e959289233a3 DependenciesID=8d5836fe1919cd4a17012227b6430e11 StaticDependenciesID=317cc604c864badd1c5a54dd0450d026 
Number of updated asset objects reloaded before import = 0Number of asset objects unloaded after import = 3

========================================================================
Received Import Request.
  Time since last request: 0.000033 seconds.
  path: Packages/com.unity.shadergraph/GraphTemplates/Cross Pipeline/0_Particle Unlit.shadergraph
  importAddress: Guid(af66091e0eca0c04a9c3584ae867418a) Importer(815301076,1909f56bfc062723c751e8b465ee728b)
Start importing Packages/com.unity.shadergraph/GraphTemplates/Cross Pipeline/0_Particle Unlit.shadergraph using Guid(af66091e0eca0c04a9c3584ae867418a) Importer(815301076,1909f56bfc062723c751e8b465ee728b) (PreviewImporter) -> (Import Result ID: 'd8a90f3d95a925b53203454879e8ccd7') in 0.2388678 seconds [static and dynamic dependencies]. Details - ImportResultOutputID=103fa92298c35124ae7fa6489a0d7be0 DependenciesID=d9a1a5b1e78b88d496b162451d9aca9f StaticDependenciesID=2cc92fbcfb9245d0a5835440072b1b52 
Number of updated asset objects reloaded before import = 0Number of asset objects unloaded after import = 7

========================================================================
Received Import Request.
  Time since last request: 0.000027 seconds.
  path: Assets/AssetesDescargados/Waldemarst/JapaneseGardenPackage/Materials/brocco_jg_wet_dirt_01.mat
  importAddress: Guid(45f0d0a515fa2cf22878c2e5b885c314) Importer(815301076,1909f56bfc062723c751e8b465ee728b)
Start importing Assets/AssetesDescargados/Waldemarst/JapaneseGardenPackage/Materials/brocco_jg_wet_dirt_01.mat using Guid(45f0d0a515fa2cf22878c2e5b885c314) Importer(815301076,1909f56bfc062723c751e8b465ee728b) (PreviewImporter) -> (Import Result ID: 'a47ebc2759fb44bf30a18462431e8bb5') in 0.0100003 seconds [static and dynamic dependencies]. Details - ImportResultOutputID=67ea5cb2108989e6bd776d39bcfba091 DependenciesID=76e32dcb10b2e19714fd417ab0ddb9ad StaticDependenciesID=3b2f3c88572a95867b132979cc1c89af 
Number of updated asset objects reloaded before import = 0Number of asset objects unloaded after import = 2

========================================================================
Received Import Request.
  Time since last request: 0.000033 seconds.
  path: Assets/Samples/XR Interaction Toolkit/3.4.1/Starter Assets/DemoAssets/Materials/Concrete Light Blue.mat
  importAddress: Guid(830d28b607e09a2479e2005c2eb5c75e) Importer(815301076,1909f56bfc062723c751e8b465ee728b)
Start importing Assets/Samples/XR Interaction Toolkit/3.4.1/Starter Assets/DemoAssets/Materials/Concrete Light Blue.mat using Guid(830d28b607e09a2479e2005c2eb5c75e) Importer(815301076,1909f56bfc062723c751e8b465ee728b) (PreviewImporter) -> (Import Result ID: 'b2bf437e6e5be243694a4746cafe4edb') in 0.0108631 seconds [static and dynamic dependencies]. Details - ImportResultOutputID=2094a037577f8572634e9f206be42129 DependenciesID=10add73dc31bc93c333cfbdaf4b77edb StaticDependenciesID=f7dc29543b2fcfd04aab0ce62c56542b 
Number of updated asset objects reloaded before import = 0Number of asset objects unloaded after import = 3

========================================================================
Received Import Request.
  Time since last request: 0.000024 seconds.
  path: Packages/com.unity.render-pipelines.core/Runtime/RenderPipelineResources/Mesh/UnityMaterialBall.fbx
  importAddress: Guid(39857cfad1651644682ff5b772e6e697) Importer(815301076,1909f56bfc062723c751e8b465ee728b)
Start importing Packages/com.unity.render-pipelines.core/Runtime/RenderPipelineResources/Mesh/UnityMaterialBall.fbx using Guid(39857cfad1651644682ff5b772e6e697) Importer(815301076,1909f56bfc062723c751e8b465ee728b) (PreviewImporter) -> (Import Result ID: '84759e7a43d2af19552f178f6b6f575f') in 0.0684416 seconds [static and dynamic dependencies]. Details - ImportResultOutputID=20b021a953e4fa1cbfea3bd0d45189b8 DependenciesID=b4baa93d7a9857a02b468f06d940e093 StaticDependenciesID=fbf2bcc4db0b96d9257b8348dafb6c56 
Number of updated asset objects reloaded before import = 0Number of asset objects unloaded after import = 63

========================================================================
Received Import Request.
  Time since last request: 0.000024 seconds.
  path: Packages/com.unity.shadergraph/GraphTemplates/BuiltIn/BuiltIn Unlit Basic.shadergraph
  importAddress: Guid(9618d41bb71f74048bb6cace8785b93d) Importer(815301076,1909f56bfc062723c751e8b465ee728b)
Start importing Packages/com.unity.shadergraph/GraphTemplates/BuiltIn/BuiltIn Unlit Basic.shadergraph using Guid(9618d41bb71f74048bb6cace8785b93d) Importer(815301076,1909f56bfc062723c751e8b465ee728b) (PreviewImporter) -> (Import Result ID: 'f03eed830af6043a1d720e5c7e6d3082') in 0.1133202 seconds [static and dynamic dependencies]. Details - ImportResultOutputID=c04eca13e44a8b34ce4fd01191937c6f DependenciesID=3f757303f2e937e2e6cd48947f9eeedb StaticDependenciesID=f7b458aa03aa77b6f3169f7175c7eb2d 
Number of updated asset objects reloaded before import = 0Number of asset objects unloaded after import = 2

========================================================================
Received Import Request.
  Time since last request: 0.000025 seconds.
  path: Assets/Samples/XR Interaction Toolkit/3.4.1/Starter Assets/Models/BlinkVisual.fbx
  importAddress: Guid(27b7629e54b332449bfa3a4065ffe17a) Importer(815301076,1909f56bfc062723c751e8b465ee728b)
Start importing Assets/Samples/XR Interaction Toolkit/3.4.1/Starter Assets/Models/BlinkVisual.fbx using Guid(27b7629e54b332449bfa3a4065ffe17a) Importer(815301076,1909f56bfc062723c751e8b465ee728b) (PreviewImporter) -> (Import Result ID: 'bcafdc7da885e3ce3ec0dddae6bb635b') in 1.2493514 seconds [static and dynamic dependencies]. Details - ImportResultOutputID=44daba64258eff4b8c85fb30ff0b37c2 DependenciesID=ea1726a17cfb2e3a2a4974ca3c093525 StaticDependenciesID=a6b5d2e764763357b221bcd0c5b04a3a 
Number of updated asset objects reloaded before import = 0Number of asset objects unloaded after import = 9

========================================================================
Received Import Request.
  Time since last request: 0.000036 seconds.
  path: Assets/AssetesDescargados/Waldemarst/JapaneseGardenPackage/Materials/brocco_jg_dirt_01.mat
  importAddress: Guid(83185657e39575bbcbed2a7fb5a47cca) Importer(815301076,1909f56bfc062723c751e8b465ee728b)
Start importing Assets/AssetesDescargados/Waldemarst/JapaneseGardenPackage/Materials/brocco_jg_dirt_01.mat using Guid(83185657e39575bbcbed2a7fb5a47cca) Importer(815301076,1909f56bfc062723c751e8b465ee728b) (PreviewImporter) -> (Import Result ID: '05e262c6c3400748f831717326664a66') in 0.0102978 seconds [static and dynamic dependencies]. Details - ImportResultOutputID=b7665532a4fb00c2478137809ed89f8d DependenciesID=f1b53570002637391724a766a5a527ee StaticDependenciesID=ee635f058c673f56599143f3ec69bcf8 
Number of updated asset objects reloaded before import = 0Number of asset objects unloaded after import = 2

========================================================================
Received Import Request.
  Time since last request: 0.000025 seconds.
  path: Packages/com.unity.shadergraph/GraphTemplates/Cross Pipeline/0_Lit Basic.shadergraph
  importAddress: Guid(a2407126e3372f64cacb75ed466a5621) Importer(815301076,1909f56bfc062723c751e8b465ee728b)
Start importing Packages/com.unity.shadergraph/GraphTemplates/Cross Pipeline/0_Lit Basic.shadergraph using Guid(a2407126e3372f64cacb75ed466a5621) Importer(815301076,1909f56bfc062723c751e8b465ee728b) (PreviewImporter) -> (Import Result ID: 'e22dc153924fda2447c2774aa1d2be18') in 1.818068 seconds [static and dynamic dependencies]. Details - ImportResultOutputID=1a3c2bc409ad093c5f759b0d9efde907 DependenciesID=985c4d9e75dc98cb1120c49ef705f867 StaticDependenciesID=2234bfa40c0e0a931f282d67a8bd06c8 
Number of updated asset objects reloaded before import = 0Number of asset objects unloaded after import = 7

========================================================================
Received Import Request.
  Time since last request: 0.000024 seconds.
  path: Assets/Training table/LODs/lod2.fbx
  importAddress: Guid(32d5c0ead30b3664a96cdcb5f75be356) Importer(815301076,1909f56bfc062723c751e8b465ee728b)
Start importing Assets/Training table/LODs/lod2.fbx using Guid(32d5c0ead30b3664a96cdcb5f75be356) Importer(815301076,1909f56bfc062723c751e8b465ee728b) (PreviewImporter) -> (Import Result ID: '4bef2e302aa8104d2d698049bbdb0949') in 0.0173898 seconds [static and dynamic dependencies]. Details - ImportResultOutputID=36bf2d8fd4f718acbe833699f6b50e40 DependenciesID=7e62f72158ab74e93db2603249df51ff StaticDependenciesID=50066cbde27b18a4b76968e880ec45dc 
Number of updated asset objects reloaded before import = 0Number of asset objects unloaded after import = 9

========================================================================
Received Import Request.
  Time since last request: 0.000030 seconds.
  path: Assets/Samples/XR Interaction Toolkit/3.4.1/Starter Assets/DemoAssets/Models/PushButton.fbx
  importAddress: Guid(7ab6f3b0fd1a6ba41b2a47766c16613f) Importer(815301076,1909f56bfc062723c751e8b465ee728b)
Start importing Assets/Samples/XR Interaction Toolkit/3.4.1/Starter Assets/DemoAssets/Models/PushButton.fbx using Guid(7ab6f3b0fd1a6ba41b2a47766c16613f) Importer(815301076,1909f56bfc062723c751e8b465ee728b) (PreviewImporter) -> (Import Result ID: '4cedc966891b7163cdd634b4c4d6938a') in 0.039956 seconds [static and dynamic dependencies]. Details - ImportResultOutputID=91755d1a997c6b2a2d232dc35e9d3717 DependenciesID=9db43a34ace01fd09bcd0ef792985674 StaticDependenciesID=55a55d5aca72b5806637d0614ff27d20 
Number of updated asset objects reloaded before import = 0Number of asset objects unloaded after import = 18

========================================================================
Received Import Request.
  Time since last request: 0.000022 seconds.
  path: Assets/Training table/LODs/lod3.fbx
  importAddress: Guid(7ee05dc461bcd094e9cd88eba440548e) Importer(815301076,1909f56bfc062723c751e8b465ee728b)
Start importing Assets/Training table/LODs/lod3.fbx using Guid(7ee05dc461bcd094e9cd88eba440548e) Importer(815301076,1909f56bfc062723c751e8b465ee728b) (PreviewImporter) -> (Import Result ID: '14e49e95990f9a7ec3e1c7204ea7b525') in 0.0158908 seconds [static and dynamic dependencies]. Details - ImportResultOutputID=c96355f88ce88da3735671950d1f654a DependenciesID=d699f910c19699bc1f5fe7de5484b4d3 StaticDependenciesID=9730da8ecd6c2b446d9ea308c861067b 
Number of updated asset objects reloaded before import = 0Number of asset objects unloaded after import = 9

========================================================================
Received Import Request.
  Time since last request: 0.000023 seconds.
  path: Packages/com.unity.render-pipelines.universal/Shaders/AutodeskInteractive/AutodeskInteractive.shadergraph
  importAddress: Guid(0e9d5a909a1f7e84882a534d0d11e49f) Importer(815301076,1909f56bfc062723c751e8b465ee728b)
Start importing Packages/com.unity.render-pipelines.universal/Shaders/AutodeskInteractive/AutodeskInteractive.shadergraph using Guid(0e9d5a909a1f7e84882a534d0d11e49f) Importer(815301076,1909f56bfc062723c751e8b465ee728b) (PreviewImporter) -> (Import Result ID: '016e6b6b4bb0d93ea9e4d5e423023e98') in 1.8178682 seconds [static and dynamic dependencies]. Details - ImportResultOutputID=528f4296686f2d39c8c514c17a99c097 DependenciesID=c479619d564210e94b22326280df5752 StaticDependenciesID=20e8aeb227e153864b580b8a1ad8a2cc 
Number of updated asset objects reloaded before import = 0Number of asset objects unloaded after import = 0

========================================================================
Received Import Request.
  Time since last request: 0.000025 seconds.
  path: Packages/com.unity.render-pipelines.universal/Runtime/Materials/ArnoldStandardSurface/ArnoldStandardSurface.shadergraph
  importAddress: Guid(3739e562a03fc0b4982d8aa66cc50865) Importer(815301076,1909f56bfc062723c751e8b465ee728b)
Start importing Packages/com.unity.render-pipelines.universal/Runtime/Materials/ArnoldStandardSurface/ArnoldStandardSurface.shadergraph using Guid(3739e562a03fc0b4982d8aa66cc50865) Importer(815301076,1909f56bfc062723c751e8b465ee728b) (PreviewImporter) -> (Import Result ID: '510719f398c90fd69d4d40b0f2fbf4ac') in 1.8838662 seconds [static and dynamic dependencies]. Details - ImportResultOutputID=3520036533817c51358c8510f71b067f DependenciesID=c72c857ce7286cec001ba4b8870f601b StaticDependenciesID=1c8991ca85be20a9e899e83fc9639753 
Number of updated asset objects reloaded before import = 0Number of asset objects unloaded after import = 5

========================================================================
Received Import Request.
  Time since last request: 0.000051 seconds.
  path: Assets/Samples/XR Interaction Toolkit/3.4.1/Starter Assets/DemoAssets/Materials/Concrete Dark Blue.mat
  importAddress: Guid(bbb56ac3cf3c61a46ab3887c0fdbda8f) Importer(815301076,1909f56bfc062723c751e8b465ee728b)
Start importing Assets/Samples/XR Interaction Toolkit/3.4.1/Starter Assets/DemoAssets/Materials/Concrete Dark Blue.mat using Guid(bbb56ac3cf3c61a46ab3887c0fdbda8f) Importer(815301076,1909f56bfc062723c751e8b465ee728b) (PreviewImporter) -> (Import Result ID: 'd872ebdf3dc41bbef9abcffeae2abdb8') in 0.0107896 seconds [static and dynamic dependencies]. Details - ImportResultOutputID=ca1f3a660067ed566ad0cee9f2cf0067 DependenciesID=adb15eda8c7eb39b94337b6d7b4da1cb StaticDependenciesID=d06550436c84bd5cc6087254f91c7550 
Number of updated asset objects reloaded before import = 0Number of asset objects unloaded after import = 3

========================================================================
Received Import Request.
  Time since last request: 0.000027 seconds.
  path: Assets/Training table/Table.dae
  importAddress: Guid(b2bcbad51bc015344895f2331470066a) Importer(815301076,1909f56bfc062723c751e8b465ee728b)
Start importing Assets/Training table/Table.dae using Guid(b2bcbad51bc015344895f2331470066a) Importer(815301076,1909f56bfc062723c751e8b465ee728b) (PreviewImporter) -> (Import Result ID: '8dfd41148dfdd063db33786217333f8e') in 0.0182877 seconds [static and dynamic dependencies]. Details - ImportResultOutputID=01d1d9942edbeaf26a3f7696d82fffaf DependenciesID=8e17e7be9cb8a3546cb64ce66025047f StaticDependenciesID=17903370bf3774461c3023baea699b18 
Number of updated asset objects reloaded before import = 0Number of asset objects unloaded after import = 9

========================================================================
Received Import Request.
  Time since last request: 0.000024 seconds.
  path: Assets/Samples/XR Interaction Toolkit/3.4.1/Starter Assets/Models/UniversalController.fbx
  importAddress: Guid(147ae308eec018b40a7b312ae58f44c7) Importer(815301076,1909f56bfc062723c751e8b465ee728b)
Start importing Assets/Samples/XR Interaction Toolkit/3.4.1/Starter Assets/Models/UniversalController.fbx using Guid(147ae308eec018b40a7b312ae58f44c7) Importer(815301076,1909f56bfc062723c751e8b465ee728b) (PreviewImporter) -> (Import Result ID: 'b802a0c1d182dcc93cb0a81416c0c878') in 0.0777939 seconds [static and dynamic dependencies]. Details - ImportResultOutputID=8ec8bc01f56a2bf5d93fcc5bc90f48f8 DependenciesID=f6aad6601ef82d3601f69171b074b80b StaticDependenciesID=0d78ee42203da9dcf2570dda64411c8a 
Number of updated asset objects reloaded before import = 0Number of asset objects unloaded after import = 54

========================================================================
Received Import Request.
  Time since last request: 0.000023 seconds.
  path: Assets/Samples/XR Interaction Toolkit/3.4.1/Starter Assets/DemoAssets/Models/Primitive_Tapered_Cylinder.fbx
  importAddress: Guid(e3493855a112e8248a2ea2c9828a51a1) Importer(815301076,1909f56bfc062723c751e8b465ee728b)
Start importing Assets/Samples/XR Interaction Toolkit/3.4.1/Starter Assets/DemoAssets/Models/Primitive_Tapered_Cylinder.fbx using Guid(e3493855a112e8248a2ea2c9828a51a1) Importer(815301076,1909f56bfc062723c751e8b465ee728b) (PreviewImporter) -> (Import Result ID: 'ff00f521faffd2f6b6e09740d43d5e56') in 0.0170747 seconds [static and dynamic dependencies]. Details - ImportResultOutputID=5368cbe1fabd47642343771a07950ddf DependenciesID=9c587cdf1f18b6073ffb2d2650c88583 StaticDependenciesID=d4c5f9b61ec733fee496580fb6aba37a 
Number of updated asset objects reloaded before import = 0Number of asset objects unloaded after import = 15

========================================================================
Received Import Request.
  Time since last request: 0.000028 seconds.
  path: Assets/Samples/XR Interaction Toolkit/3.4.1/Starter Assets/DemoAssets/Models/Primitive_Cylinder.fbx
  importAddress: Guid(73b694bb0f61cd14e9e1ed7b578ac09a) Importer(815301076,1909f56bfc062723c751e8b465ee728b)
Start importing Assets/Samples/XR Interaction Toolkit/3.4.1/Starter Assets/DemoAssets/Models/Primitive_Cylinder.fbx using Guid(73b694bb0f61cd14e9e1ed7b578ac09a) Importer(815301076,1909f56bfc062723c751e8b465ee728b) (PreviewImporter) -> (Import Result ID: '6a720e57a3a5e9df2f143449343aea2a') in 0.0168514 seconds [static and dynamic dependencies]. Details - ImportResultOutputID=8d33a080d6b23ee64edce8289738de97 DependenciesID=db0511320c4092900a0a2684cb2abc29 StaticDependenciesID=d07f1a6ceef4b37ee45319fb80209f74 
Number of updated asset objects reloaded before import = 0Number of asset objects unloaded after import = 15

========================================================================
Received Import Request.
  Time since last request: 0.000042 seconds.
  path: Assets/Samples/XR Interaction Toolkit/3.4.1/Starter Assets/DemoAssets/Models/Primitive_Pyramid.fbx
  importAddress: Guid(63e02ddb08ce42da868504e1333d48ae) Importer(815301076,1909f56bfc062723c751e8b465ee728b)
Start importing Assets/Samples/XR Interaction Toolkit/3.4.1/Starter Assets/DemoAssets/Models/Primitive_Pyramid.fbx using Guid(63e02ddb08ce42da868504e1333d48ae) Importer(815301076,1909f56bfc062723c751e8b465ee728b) (PreviewImporter) -> (Import Result ID: 'd5f13bb0c554ebd668b1b910632fb948') in 0.0151568 seconds [static and dynamic dependencies]. Details - ImportResultOutputID=7176221d9bc1084375a0d09c6f2b7ced DependenciesID=5f80b2b3f70d61d4204d443017c0c0f4 StaticDependenciesID=fe8e4fd03fea344cf952dd0ba7d61977 
Number of updated asset objects reloaded before import = 0Number of asset objects unloaded after import = 15

========================================================================
Received Import Request.
  Time since last request: 0.000027 seconds.
  path: Assets/Training table/Table_orig.fbx
  importAddress: Guid(6d23c9d076c41c747aaf66ce9a678388) Importer(815301076,1909f56bfc062723c751e8b465ee728b)
Start importing Assets/Training table/Table_orig.fbx using Guid(6d23c9d076c41c747aaf66ce9a678388) Importer(815301076,1909f56bfc062723c751e8b465ee728b) (PreviewImporter) -> (Import Result ID: '1cf2211fa10dcc2d00d4ae1e73a30e1a') in 0.0175409 seconds [static and dynamic dependencies]. Details - ImportResultOutputID=18057ff52d1b72dc9a78882cd1818cd0 DependenciesID=ac0680e6046e31217ec274305746eecb StaticDependenciesID=5496acfd9cb3b74e3bc99951b095cddf 
Number of updated asset objects reloaded before import = 0Number of asset objects unloaded after import = 9

========================================================================
Received Import Request.
  Time since last request: 0.000027 seconds.
  path: Assets/AssetesDescargados/Waldemarst/JapaneseGardenPackage/Materials/brocco_jp_skybox.mat
  importAddress: Guid(ff22c4ed1f97dfe8c80195274bf1511a) Importer(815301076,1909f56bfc062723c751e8b465ee728b)
Start importing Assets/AssetesDescargados/Waldemarst/JapaneseGardenPackage/Materials/brocco_jp_skybox.mat using Guid(ff22c4ed1f97dfe8c80195274bf1511a) Importer(815301076,1909f56bfc062723c751e8b465ee728b) (PreviewImporter) -> (Import Result ID: '2044c1bae36963d7344cbc87c6e44148') in 0.0257473 seconds [static and dynamic dependencies]. Details - ImportResultOutputID=18ea1da91c45a45fda658fd14657a2c1 DependenciesID=09fa99cfb8d50ad7094ea73f190a7b12 StaticDependenciesID=007dc9362345ff7826794c9a6c2fdaf9 
Number of updated asset objects reloaded before import = 0Number of asset objects unloaded after import = 1

========================================================================
Received Import Request.
  Time since last request: 0.000021 seconds.
  path: Packages/com.unity.shadergraph/GraphTemplates/Cross Pipeline/2_Particle Lit.shadergraph
  importAddress: Guid(a680d9a9f8b66514abbfd3ae1c8f77f7) Importer(815301076,1909f56bfc062723c751e8b465ee728b)
Start importing Packages/com.unity.shadergraph/GraphTemplates/Cross Pipeline/2_Particle Lit.shadergraph using Guid(a680d9a9f8b66514abbfd3ae1c8f77f7) Importer(815301076,1909f56bfc062723c751e8b465ee728b) (PreviewImporter) -> (Import Result ID: '7e20f386946a8d1d3355218f284a9f04') in 2.3857101 seconds [static and dynamic dependencies]. Details - ImportResultOutputID=903b0054c7792a469f0209e91fb8aea2 DependenciesID=bab4c14cae3213e61cb7f3853e788dca StaticDependenciesID=474f9b63a7dce7b1f4e3cdf2c4f1b3fa 
Number of updated asset objects reloaded before import = 0Number of asset objects unloaded after import = 9

========================================================================
Received Import Request.
  Time since last request: 0.000034 seconds.
  path: Packages/com.unity.render-pipelines.universal/Shaders/Decal.shadergraph
  importAddress: Guid(9b4e681081e2b4c469111bb649e2f7ee) Importer(815301076,1909f56bfc062723c751e8b465ee728b)
Start importing Packages/com.unity.render-pipelines.universal/Shaders/Decal.shadergraph using Guid(9b4e681081e2b4c469111bb649e2f7ee) Importer(815301076,1909f56bfc062723c751e8b465ee728b) (PreviewImporter) -> (Import Result ID: '997ea4e2f39947bfda39631be6f78559') in 0.0109224 seconds [static and dynamic dependencies]. Details - ImportResultOutputID=16428ec2ec8907ca8d5a2789653da826 DependenciesID=ee09fcbaf805a04a2d5ee1d239578879 StaticDependenciesID=91fb8e9cebb3679e7085396dddca2ab3 
Number of updated asset objects reloaded before import = 0Number of asset objects unloaded after import = 0

========================================================================
Received Import Request.
  Time since last request: 0.000028 seconds.
  path: Packages/com.unity.render-pipelines.universal/Runtime/Materials/Decal.mat
  importAddress: Guid(31d0dcc6f2dd4e4408d18036a2c93862) Importer(815301076,1909f56bfc062723c751e8b465ee728b)
Start importing Packages/com.unity.render-pipelines.universal/Runtime/Materials/Decal.mat using Guid(31d0dcc6f2dd4e4408d18036a2c93862) Importer(815301076,1909f56bfc062723c751e8b465ee728b) (PreviewImporter) -> (Import Result ID: 'bb10c53f1e3f6f3e23201271f3429788') in 0.0078222 seconds [static and dynamic dependencies]. Details - ImportResultOutputID=b72324f4abc24d9a4602b376dbafab29 DependenciesID=ca2a3b5183a79b70843f4e25c58e1928 StaticDependenciesID=f5ea11a0ce32b2e3d76705f9767737c1 
Number of updated asset objects reloaded before import = 0Number of asset objects unloaded after import = 0

========================================================================
Received Import Request.
  Time since last request: 0.000020 seconds.
  path: Assets/AssetesDescargados/Waldemarst/JapaneseGardenPackage/Materials/brocoo_jg_torii.mat
  importAddress: Guid(b79139d6f5d25511b99bbda5b80c4caa) Importer(815301076,1909f56bfc062723c751e8b465ee728b)
Start importing Assets/AssetesDescargados/Waldemarst/JapaneseGardenPackage/Materials/brocoo_jg_torii.mat using Guid(b79139d6f5d25511b99bbda5b80c4caa) Importer(815301076,1909f56bfc062723c751e8b465ee728b) (PreviewImporter) -> (Import Result ID: '6001a35abda3ba59b611364aa935f4e5') in 0.0126414 seconds [static and dynamic dependencies]. Details - ImportResultOutputID=58301ce32f592ead3f3693bdfedc98d6 DependenciesID=0260d426aa9e8d264675da4d156e9bf6 StaticDependenciesID=ef566f3e751a3bf4c7eab1938c5ccd71 
Number of updated asset objects reloaded before import = 0Number of asset objects unloaded after import = 2

========================================================================
Received Import Request.
  Time since last request: 0.000029 seconds.
  path: Assets/AssetesDescargados/Waldemarst/JapaneseGardenPackage/Materials/brocco_jg_grass_03.mat
  importAddress: Guid(caa5a0a3cca623af391273878a049f01) Importer(815301076,1909f56bfc062723c751e8b465ee728b)
Start importing Assets/AssetesDescargados/Waldemarst/JapaneseGardenPackage/Materials/brocco_jg_grass_03.mat using Guid(caa5a0a3cca623af391273878a049f01) Importer(815301076,1909f56bfc062723c751e8b465ee728b) (PreviewImporter) -> (Import Result ID: 'd7c3988189098c643b93162507df8889') in 0.0162855 seconds [static and dynamic dependencies]. Details - ImportResultOutputID=efab4a51627c9935c35bd6c3682b5c3e DependenciesID=e5869530ec52db8cab4ae9d5f9524734 StaticDependenciesID=720cab97110cb33db1fef7ce84067d26 
Number of updated asset objects reloaded before import = 0Number of asset objects unloaded after import = 2

========================================================================
Received Import Request.
  Time since last request: 0.000033 seconds.
  path: Packages/com.unity.render-pipelines.universal/Shaders/AutodeskInteractive/AutodeskInteractiveMasked.shadergraph
  importAddress: Guid(80aa867ac363ac043847b06ad71604cd) Importer(815301076,1909f56bfc062723c751e8b465ee728b)
Start importing Packages/com.unity.render-pipelines.universal/Shaders/AutodeskInteractive/AutodeskInteractiveMasked.shadergraph using Guid(80aa867ac363ac043847b06ad71604cd) Importer(815301076,1909f56bfc062723c751e8b465ee728b) (PreviewImporter) -> (Import Result ID: '7ce3d3308de7c4980975e532e84ab570') in 2.5990508 seconds [static and dynamic dependencies]. Details - ImportResultOutputID=82625cdd9165477a1a3ce41a9f43b276 DependenciesID=6a2cc9096e58b616725e46c79255dfda StaticDependenciesID=91f8b5d6d2af4c351ba881b7f3f798b8 
Number of updated asset objects reloaded before import = 0Number of asset objects unloaded after import = 0

========================================================================
Received Import Request.
  Time since last request: 0.000030 seconds.
  path: Packages/com.unity.render-pipelines.universal/Editor/ShaderGraph/GraphTemplates/2D/1_2D Sprite Unlit.shadergraph
  importAddress: Guid(25a0ebb4827f3cc47a1af2c79005f65b) Importer(815301076,1909f56bfc062723c751e8b465ee728b)
Start importing Packages/com.unity.render-pipelines.universal/Editor/ShaderGraph/GraphTemplates/2D/1_2D Sprite Unlit.shadergraph using Guid(25a0ebb4827f3cc47a1af2c79005f65b) Importer(815301076,1909f56bfc062723c751e8b465ee728b) (PreviewImporter) -> (Import Result ID: 'd15d22df7ccd72cf19cbe27b67b8e8c6') in 0.1756451 seconds [static and dynamic dependencies]. Details - ImportResultOutputID=b13753783181ca6473c3dd22b2619a7e DependenciesID=b8e3842d25885b9e2fb12ad6b8871efb StaticDependenciesID=f998c7429fd18732f7ff590930cb4da6 
Number of updated asset objects reloaded before import = 0Number of asset objects unloaded after import = 2

========================================================================
Received Import Request.
  Time since last request: 0.000039 seconds.
  path: Packages/com.unity.render-pipelines.core/Editor/Resources/DebugProbe.fbx
  importAddress: Guid(9e1c97fc44f9a8744b61b58f72c56de4) Importer(815301076,1909f56bfc062723c751e8b465ee728b)
Start importing Packages/com.unity.render-pipelines.core/Editor/Resources/DebugProbe.fbx using Guid(9e1c97fc44f9a8744b61b58f72c56de4) Importer(815301076,1909f56bfc062723c751e8b465ee728b) (PreviewImporter) -> (Import Result ID: 'f1a1d88c17362922fc529ed6143b14b6') in 0.0205472 seconds [static and dynamic dependencies]. Details - ImportResultOutputID=eead59e714f57694f2a71a13dffe2aec DependenciesID=08277ae99adf3165c383d0e204a6e871 StaticDependenciesID=fc95985c38e23dd2c8648a9af928328d 
Number of updated asset objects reloaded before import = 0Number of asset objects unloaded after import = 7

========================================================================
Received Import Request.
  Time since last request: 0.000033 seconds.
  path: Assets/AssetesDescargados/Waldemarst/JapaneseGardenPackage/Materials/CalibrationFloor.mat
  importAddress: Guid(3a0079caf67afc01eae833b898b39a70) Importer(815301076,1909f56bfc062723c751e8b465ee728b)
Start importing Assets/AssetesDescargados/Waldemarst/JapaneseGardenPackage/Materials/CalibrationFloor.mat using Guid(3a0079caf67afc01eae833b898b39a70) Importer(815301076,1909f56bfc062723c751e8b465ee728b) (PreviewImporter) -> (Import Result ID: '5ca33a20024037d39796809fa748f0e7') in 0.0182822 seconds [static and dynamic dependencies]. Details - ImportResultOutputID=fcc1d80ea76572dfbc9e3a2b9e74a38f DependenciesID=1810b127610f150dda1ace1d4891a310 StaticDependenciesID=73da99299b5130eb504b556f3b7c6962 
Number of updated asset objects reloaded before import = 0Number of asset objects unloaded after import = 2

========================================================================
Received Import Request.
  Time since last request: 0.000026 seconds.
  path: Packages/com.unity.render-pipelines.core/Runtime/RenderPipelineResources/Mesh/SamplesFixture.fbx
  importAddress: Guid(b28fa67a0ff82c5478f27368dc627683) Importer(815301076,1909f56bfc062723c751e8b465ee728b)
Start importing Packages/com.unity.render-pipelines.core/Runtime/RenderPipelineResources/Mesh/SamplesFixture.fbx using Guid(b28fa67a0ff82c5478f27368dc627683) Importer(815301076,1909f56bfc062723c751e8b465ee728b) (PreviewImporter) -> (Import Result ID: 'fa7f1532c746027a68eefb8dc8a79fbc') in 0.029647 seconds [static and dynamic dependencies]. Details - ImportResultOutputID=d1b7d1b677308f4b274414c28953ef6d DependenciesID=a55eb75a1a526403fc1f1b651e8e982a StaticDependenciesID=91fe52ac22899239e7aa17499fd5463d 
Number of updated asset objects reloaded before import = 0Number of asset objects unloaded after import = 9

========================================================================
Received Import Request.
  Time since last request: 0.000051 seconds.
  path: Assets/Samples/XR Interaction Toolkit/3.4.1/Starter Assets/Models/Primitive_Wedge.fbx
  importAddress: Guid(ab3a79eba4de4be0ad5fead9fb858190) Importer(815301076,1909f56bfc062723c751e8b465ee728b)
Start importing Assets/Samples/XR Interaction Toolkit/3.4.1/Starter Assets/Models/Primitive_Wedge.fbx using Guid(ab3a79eba4de4be0ad5fead9fb858190) Importer(815301076,1909f56bfc062723c751e8b465ee728b) (PreviewImporter) -> (Import Result ID: '6e8151b263a9d771fb8642e7e43043ef') in 0.0217476 seconds [static and dynamic dependencies]. Details - ImportResultOutputID=5852734ed47bec962bd188d72224e933 DependenciesID=55db8759a29042d1244791e35a13ef8a StaticDependenciesID=e5bb35018b25e53711c12d1321acf55e 
Number of updated asset objects reloaded before import = 0Number of asset objects unloaded after import = 15

========================================================================
Received Import Request.
  Time since last request: 0.000033 seconds.
  path: Packages/com.unity.shadergraph/GraphTemplates/Cross Pipeline/1_Lit Full.shadergraph
  importAddress: Guid(aee84ce0dab81b049bb88017d78a63cd) Importer(815301076,1909f56bfc062723c751e8b465ee728b)
Start importing Packages/com.unity.shadergraph/GraphTemplates/Cross Pipeline/1_Lit Full.shadergraph using Guid(aee84ce0dab81b049bb88017d78a63cd) Importer(815301076,1909f56bfc062723c751e8b465ee728b) (PreviewImporter) -> (Import Result ID: 'f5f4ca15e01df11a65478b01c4665592') in 2.6700251 seconds [static and dynamic dependencies]. Details - ImportResultOutputID=caafe03398e105583d61057aead8d6d5 DependenciesID=5a04d768fbc8d6e1c389566865b58855 StaticDependenciesID=6946b518378f2c1caff3a09bdb5d68c7 
Number of updated asset objects reloaded before import = 0Number of asset objects unloaded after import = 6

========================================================================
Received Import Request.
  Time since last request: 0.000045 seconds.
  path: Assets/Samples/XR Interaction Toolkit/3.4.1/Starter Assets/TunnelingVignette/TunnelingVignetteHemisphere.fbx
  importAddress: Guid(5833e680dc0f7ae47aec6b4286570484) Importer(815301076,1909f56bfc062723c751e8b465ee728b)
Start importing Assets/Samples/XR Interaction Toolkit/3.4.1/Starter Assets/TunnelingVignette/TunnelingVignetteHemisphere.fbx using Guid(5833e680dc0f7ae47aec6b4286570484) Importer(815301076,1909f56bfc062723c751e8b465ee728b) (PreviewImporter) -> (Import Result ID: '5671f2a42e29a915de614225cbb18865') in 0.0152437 seconds [static and dynamic dependencies]. Details - ImportResultOutputID=91ace8912cb6c590f0883bd5410e21d6 DependenciesID=7d15d16ccf70e69c665ce937962e0f54 StaticDependenciesID=661637d5577116af9e65ea9b0829a236 
Number of updated asset objects reloaded before import = 0Number of asset objects unloaded after import = 7

========================================================================
Received Import Request.
  Time since last request: 0.000024 seconds.
  path: Packages/com.unity.shadergraph/GraphTemplates/Cross Pipeline/1_Decal Material Volume.shadergraph
  importAddress: Guid(1716ff8c1e51af14280cc97fbcba3b11) Importer(815301076,1909f56bfc062723c751e8b465ee728b)
Start importing Packages/com.unity.shadergraph/GraphTemplates/Cross Pipeline/1_Decal Material Volume.shadergraph using Guid(1716ff8c1e51af14280cc97fbcba3b11) Importer(815301076,1909f56bfc062723c751e8b465ee728b) (PreviewImporter) -> (Import Result ID: '4546f496831beb71dacc438fd0dd8b59') in 0.0108311 seconds [static and dynamic dependencies]. Details - ImportResultOutputID=4ebb9b3915060fd9165504d8d245a468 DependenciesID=3b6a530c82fb0b586aa8bc6759137bb8 StaticDependenciesID=56474b6215b82e0f69f19f08e6a57153 
Number of updated asset objects reloaded before import = 0Number of asset objects unloaded after import = 2

========================================================================
Received Import Request.
  Time since last request: 0.000021 seconds.
  path: Packages/com.unity.render-pipelines.core/Runtime/RenderPipelineResources/Mesh/BackgroundMesh.fbx
  importAddress: Guid(b9ae429aca254fa41966db24b9e53232) Importer(815301076,1909f56bfc062723c751e8b465ee728b)
Start importing Packages/com.unity.render-pipelines.core/Runtime/RenderPipelineResources/Mesh/BackgroundMesh.fbx using Guid(b9ae429aca254fa41966db24b9e53232) Importer(815301076,1909f56bfc062723c751e8b465ee728b) (PreviewImporter) -> (Import Result ID: 'f48e0c6532e1e60608103ee1575cbf63') in 0.0157868 seconds [static and dynamic dependencies]. Details - ImportResultOutputID=0f53c5f4a84fe161a862b9d150b67dbe DependenciesID=aa1e6ca2326a1039f61dd010a87a39df StaticDependenciesID=367dbeac09348a8dfb5d3efe0d8844b6 
Number of updated asset objects reloaded before import = 0Number of asset objects unloaded after import = 7

========================================================================
Received Import Request.
  Time since last request: 691.021631 seconds.
  path: Assets/assorted-rock-pack
  importAddress: Guid(06deaca97c111d442bcd4886e5d84c1a) Importer(815301076,1909f56bfc062723c751e8b465ee728b)
Start importing Assets/assorted-rock-pack using Guid(06deaca97c111d442bcd4886e5d84c1a) Importer(815301076,1909f56bfc062723c751e8b465ee728b) (PreviewImporter) -> (Import Result ID: '9644288d646937c19f2f397f5afe4132') in 0.0008388 seconds [static and dynamic dependencies]. Details - ImportResultOutputID=252727aeaa844efb699e4ef46f530fd5 DependenciesID=0b979dbb6d0b9d21d04615325f43afd1 StaticDependenciesID=ee3d88fe8bff981d1ad1786e9f1d7b98 
Number of updated asset objects reloaded before import = 0Number of asset objects unloaded after import = 0

========================================================================
Received Import Request.
  Time since last request: 1.156712 seconds.
  path: Assets/assorted-rock-pack/textures
  importAddress: Guid(3eaf81ea16436e54dba838ec95c6e357) Importer(815301076,1909f56bfc062723c751e8b465ee728b)
Start importing Assets/assorted-rock-pack/textures using Guid(3eaf81ea16436e54dba838ec95c6e357) Importer(815301076,1909f56bfc062723c751e8b465ee728b) (PreviewImporter) -> (Import Result ID: 'e00a28f668a11cc9c66535c5c486766f') in 0.0004991 seconds [static and dynamic dependencies]. Details - ImportResultOutputID=f0b99e30036da52922a2cd65653d6a2b DependenciesID=7fce1c4c179397219b235de0e5d2644c StaticDependenciesID=708e359b3f5b70b0f34acdde404be7db 
Number of updated asset objects reloaded before import = 0Number of asset objects unloaded after import = 0

========================================================================
Received Import Request.
  Time since last request: 0.730675 seconds.
  path: Assets/assorted-rock-pack/source
  importAddress: Guid(eb63ab23c73218c48965537bcb5836ee) Importer(815301076,1909f56bfc062723c751e8b465ee728b)
Start importing Assets/assorted-rock-pack/source using Guid(eb63ab23c73218c48965537bcb5836ee) Importer(815301076,1909f56bfc062723c751e8b465ee728b) (PreviewImporter) -> (Import Result ID: '8b9934def04ce5d89dc6e9c7f48d1a9c') in 0.0005091 seconds [static and dynamic dependencies]. Details - ImportResultOutputID=afcd3816fe8567b89151987efbb74aab DependenciesID=a5a85384fba1cc05490066880aae716f StaticDependenciesID=ae5be946a32abe0b6fab09a660d53ba4 
Number of updated asset objects reloaded before import = 0Number of asset objects unloaded after import = 0

========================================================================
Received Import Request.
  Time since last request: 33.379685 seconds.
  path: Assets/AssetesDescargados/assorted-rock-pack/textures
  importAddress: Guid(ce12f7ecbd5db824698400c8c0fb1806) Importer(2089858483,b0f066a214c2f5e87bad3c948f4d605d)
Start importing Assets/AssetesDescargados/assorted-rock-pack/textures using Guid(ce12f7ecbd5db824698400c8c0fb1806) Importer(2089858483,b0f066a214c2f5e87bad3c948f4d605d) (ScriptedImporter) -> (Import Result ID: '79f35375075db526592ece480a762e76') in 0.0417754 seconds [static and dynamic dependencies]. Details - ImportResultOutputID=c94924b66c43ab4108d81f40917ddd30 DependenciesID=5966c23deb01d39908f085549071a1d3 StaticDependenciesID=157277154acfc3d5cf2da6cb76e1ce66 
Number of updated asset objects reloaded before import = 0Number of asset objects unloaded after import = 1

========================================================================
Received Import Request.
  Time since last request: 0.000025 seconds.
  path: Assets/AssetesDescargados/assorted-rock-pack/textures/MetaRockP1_Low_defaultMat_Roughness.png
  importAddress: Guid(f7616d3aaefd4d14ea403da0611e2b97) Importer(2089858483,b0f066a214c2f5e87bad3c948f4d605d)
Start importing Assets/AssetesDescargados/assorted-rock-pack/textures/MetaRockP1_Low_defaultMat_Roughness.png using Guid(f7616d3aaefd4d14ea403da0611e2b97) Importer(2089858483,b0f066a214c2f5e87bad3c948f4d605d) (ScriptedImporter) -> (Import Result ID: '675f9983bec7f8df175752c5804cd620') in 0.0607165 seconds [static and dynamic dependencies]. Details - ImportResultOutputID=ea2ad77c37cc3e8c286ae98f2ed9ac19 DependenciesID=12a886c473a65eaa194ee9d050fefb52 StaticDependenciesID=c4d754d1512084da5e376841c881584f 
Number of updated asset objects reloaded before import = 0Number of asset objects unloaded after import = 1

========================================================================
Received Import Request.
  Time since last request: 0.000037 seconds.
  path: Assets/AssetesDescargados/assorted-rock-pack/textures/MetaRock2_low_defaultMat_Roughness.png
  importAddress: Guid(a8cd9a153e7faf246919d2c74ba2362c) Importer(2089858483,b0f066a214c2f5e87bad3c948f4d605d)
Start importing Assets/AssetesDescargados/assorted-rock-pack/textures/MetaRock2_low_defaultMat_Roughness.png using Guid(a8cd9a153e7faf246919d2c74ba2362c) Importer(2089858483,b0f066a214c2f5e87bad3c948f4d605d) (ScriptedImporter) -> (Import Result ID: 'b0666ac2610acaaaa4b6fc4e7ef1c7fa') in 0.0133394 seconds [static and dynamic dependencies]. Details - ImportResultOutputID=a2123faa38f6633398a832ea6d2dcf84 DependenciesID=83e91ffe8c03267013110b46c9ff80dd StaticDependenciesID=a3058f0c0d695f49e1d086449a44a086 
Number of updated asset objects reloaded before import = 0Number of asset objects unloaded after import = 1

========================================================================
Received Import Request.
  Time since last request: 0.000024 seconds.
  path: Assets/AssetesDescargados/assorted-rock-pack/textures/MetaRockP1_Low_defaultMat_BaseColor.png
  importAddress: Guid(4e7640a032bbab14a876eeb40b564e70) Importer(2089858483,b0f066a214c2f5e87bad3c948f4d605d)
Start importing Assets/AssetesDescargados/assorted-rock-pack/textures/MetaRockP1_Low_defaultMat_BaseColor.png using Guid(4e7640a032bbab14a876eeb40b564e70) Importer(2089858483,b0f066a214c2f5e87bad3c948f4d605d) (ScriptedImporter) -> (Import Result ID: 'd8e158b7161a76ff4739e11fea5847dc') in 0.0083338 seconds [static and dynamic dependencies]. Details - ImportResultOutputID=66df8c2074be1595f18c76cc6447ef8c DependenciesID=2702e35ab575a65f888674b19da49a6a StaticDependenciesID=88db4819002bcf3bc826f6ba3fadc76e 
Number of updated asset objects reloaded before import = 0Number of asset objects unloaded after import = 1

========================================================================
Received Import Request.
  Time since last request: 0.000022 seconds.
  path: Assets/AssetesDescargados/assorted-rock-pack/textures/Longstone_low_defaultMat_BaseColor.png
  importAddress: Guid(2fe062f6f5e24ff43a67b29a61828942) Importer(2089858483,b0f066a214c2f5e87bad3c948f4d605d)
Start importing Assets/AssetesDescargados/assorted-rock-pack/textures/Longstone_low_defaultMat_BaseColor.png using Guid(2fe062f6f5e24ff43a67b29a61828942) Importer(2089858483,b0f066a214c2f5e87bad3c948f4d605d) (ScriptedImporter) -> (Import Result ID: '177b7507d50277e64cdbd7d7f4f16acc') in 0.0122529 seconds [static and dynamic dependencies]. Details - ImportResultOutputID=1d90ca73d15dac2768d10455759be160 DependenciesID=77fdb89faae4cef370f8c9275c072589 StaticDependenciesID=299177b28bdfdce268c92cedb1599491 
Number of updated asset objects reloaded before import = 0Number of asset objects unloaded after import = 1

========================================================================
Received Import Request.
  Time since last request: 0.000025 seconds.
  path: Assets/AssetesDescargados/assorted-rock-pack/textures/Longstone_low_defaultMat_Normal.png
  importAddress: Guid(22bb8aa09207fd74badcc97c414aeaf4) Importer(2089858483,b0f066a214c2f5e87bad3c948f4d605d)
Start importing Assets/AssetesDescargados/assorted-rock-pack/textures/Longstone_low_defaultMat_Normal.png using Guid(22bb8aa09207fd74badcc97c414aeaf4) Importer(2089858483,b0f066a214c2f5e87bad3c948f4d605d) (ScriptedImporter) -> (Import Result ID: 'a15c7469edea79dac582b1ee0e2fdef8') in 0.0077105 seconds [static and dynamic dependencies]. Details - ImportResultOutputID=64292e7667926de87570a2c9632c24f6 DependenciesID=8aac98fc3e21e1bd9479788baf12187b StaticDependenciesID=702e59ec76f8c144977658ae9573dbfd 
Number of updated asset objects reloaded before import = 0Number of asset objects unloaded after import = 1

========================================================================
Received Import Request.
  Time since last request: 0.000021 seconds.
  path: Assets/AssetesDescargados/assorted-rock-pack/textures/Longstone_low_defaultMat_Metallic.png
  importAddress: Guid(dbe60ce1083b76644a246e7ee451385a) Importer(2089858483,b0f066a214c2f5e87bad3c948f4d605d)
Start importing Assets/AssetesDescargados/assorted-rock-pack/textures/Longstone_low_defaultMat_Metallic.png using Guid(dbe60ce1083b76644a246e7ee451385a) Importer(2089858483,b0f066a214c2f5e87bad3c948f4d605d) (ScriptedImporter) -> (Import Result ID: '91623f6928238e338b14cc1f5dc77b5f') in 0.0085008 seconds [static and dynamic dependencies]. Details - ImportResultOutputID=630aafedabdbc92bb5b15faa1266f9b0 DependenciesID=347ac3478b9203153ea2f4854ffe61d9 StaticDependenciesID=e1764b6613431cab536ab77d778177f9 
Number of updated asset objects reloaded before import = 0Number of asset objects unloaded after import = 1

========================================================================
Received Import Request.
  Time since last request: 0.000027 seconds.
  path: Assets/AssetesDescargados/assorted-rock-pack/textures/MetaRock2_low_defaultMat_Metallic.png
  importAddress: Guid(1394550b8a51ab447bce71d1e6ef9607) Importer(2089858483,b0f066a214c2f5e87bad3c948f4d605d)
Start importing Assets/AssetesDescargados/assorted-rock-pack/textures/MetaRock2_low_defaultMat_Metallic.png using Guid(1394550b8a51ab447bce71d1e6ef9607) Importer(2089858483,b0f066a214c2f5e87bad3c948f4d605d) (ScriptedImporter) -> (Import Result ID: '6390183067efe11e9f6da35d09eccc2e') in 0.0080311 seconds [static and dynamic dependencies]. Details - ImportResultOutputID=5cdb73db1a70ea12ffb30a0e6e7a327f DependenciesID=8e67c11b78c3a01de3c2642f08c5442a StaticDependenciesID=8163cc3f405134174c3ccad4d5ea9b72 
Number of updated asset objects reloaded before import = 0Number of asset objects unloaded after import = 1

========================================================================
Received Import Request.
  Time since last request: 0.000080 seconds.
  path: Assets/AssetesDescargados/assorted-rock-pack/textures/Merged_Primitives_for_rocks4_Flat_LP_defau.png
  importAddress: Guid(6d352169e43c0c14989c62d4dd892093) Importer(2089858483,b0f066a214c2f5e87bad3c948f4d605d)
Start importing Assets/AssetesDescargados/assorted-rock-pack/textures/Merged_Primitives_for_rocks4_Flat_LP_defau.png using Guid(6d352169e43c0c14989c62d4dd892093) Importer(2089858483,b0f066a214c2f5e87bad3c948f4d605d) (ScriptedImporter) -> (Import Result ID: 'b86c11c8912c07c9e432d5c3c308623d') in 0.0117925 seconds [static and dynamic dependencies]. Details - ImportResultOutputID=062db7e7b70c1b6e9d990e0daac77717 DependenciesID=3b9734ba205754f53b1427df56bb97ca StaticDependenciesID=2e86090f4ec368e4db513634d7202dca 
Number of updated asset objects reloaded before import = 0Number of asset objects unloaded after import = 1

========================================================================
Received Import Request.
  Time since last request: 0.000021 seconds.
  path: Assets/AssetesDescargados/assorted-rock-pack/source/Assorted Rock Pack/Assorted Rock Pack.obj
  importAddress: Guid(806bf4ae76d08084c9e390039730065e) Importer(2089858483,b0f066a214c2f5e87bad3c948f4d605d)
Start importing Assets/AssetesDescargados/assorted-rock-pack/source/Assorted Rock Pack/Assorted Rock Pack.obj using Guid(806bf4ae76d08084c9e390039730065e) Importer(2089858483,b0f066a214c2f5e87bad3c948f4d605d) (ScriptedImporter) -> (Import Result ID: '80e73db7c8d9c0569d72a5abeecc854a') in 0.0471494 seconds [static and dynamic dependencies]. Details - ImportResultOutputID=b4f0921f6fd71cf1158aa741b0dee96b DependenciesID=6b68c8e4255576807f904321fc730655 StaticDependenciesID=8834be1fc2865175fb466ae930c97cf3 
Number of updated asset objects reloaded before import = 0Number of asset objects unloaded after import = 82

========================================================================
Received Import Request.
  Time since last request: 0.000023 seconds.
  path: Assets/AssetesDescargados/assorted-rock-pack/textures/MetaRockP1_Low_defaultMat_Normal.png
  importAddress: Guid(760334fa9afc20045821f29e05960891) Importer(2089858483,b0f066a214c2f5e87bad3c948f4d605d)
Start importing Assets/AssetesDescargados/assorted-rock-pack/textures/MetaRockP1_Low_defaultMat_Normal.png using Guid(760334fa9afc20045821f29e05960891) Importer(2089858483,b0f066a214c2f5e87bad3c948f4d605d) (ScriptedImporter) -> (Import Result ID: 'fc78bb61a509451c22928fb6240e3e31') in 0.0069957 seconds [static and dynamic dependencies]. Details - ImportResultOutputID=51a27380f4bd103a109416519f4b0cb5 DependenciesID=db7973fad364a0a2ad5a334f5d3361eb StaticDependenciesID=d8122806bb026481f67244b7784abc7c 
Number of updated asset objects reloaded before import = 0Number of asset objects unloaded after import = 1

========================================================================
Received Import Request.
  Time since last request: 0.000021 seconds.
  path: Assets/AssetesDescargados/assorted-rock-pack/textures/MetaRock2_low_defaultMat_BaseColor.png
  importAddress: Guid(d19cfc57457d7bf49a966dc01dabc8fe) Importer(2089858483,b0f066a214c2f5e87bad3c948f4d605d)
Start importing Assets/AssetesDescargados/assorted-rock-pack/textures/MetaRock2_low_defaultMat_BaseColor.png using Guid(d19cfc57457d7bf49a966dc01dabc8fe) Importer(2089858483,b0f066a214c2f5e87bad3c948f4d605d) (ScriptedImporter) -> (Import Result ID: 'b85ba3efad40921541d09e2a9252740b') in 0.009858 seconds [static and dynamic dependencies]. Details - ImportResultOutputID=08ae257d37eeb0898415ab2f59d18523 DependenciesID=3059c4f8d72c9ef988b43f174f86e12a StaticDependenciesID=b5a6717717c7d28869f96c02f11cdfb6 
Number of updated asset objects reloaded before import = 0Number of asset objects unloaded after import = 1

========================================================================
Received Import Request.
  Time since last request: 0.000022 seconds.
  path: Assets/AssetesDescargados/assorted-rock-pack/source/Assorted Rock Pack
  importAddress: Guid(8d62d22e9e3db234a97bcfca16f72c3e) Importer(2089858483,b0f066a214c2f5e87bad3c948f4d605d)
Start importing Assets/AssetesDescargados/assorted-rock-pack/source/Assorted Rock Pack using Guid(8d62d22e9e3db234a97bcfca16f72c3e) Importer(2089858483,b0f066a214c2f5e87bad3c948f4d605d) (ScriptedImporter) -> (Import Result ID: '80571d459ee32bf5809b27edde32e18c') in 0.003605 seconds [static and dynamic dependencies]. Details - ImportResultOutputID=d3e4d889099134e35586f3e522059ef5 DependenciesID=3e27c637438b7d5505bf626df3cb4fa2 StaticDependenciesID=c720eb168591a158d6bc655e93532b64 
Number of updated asset objects reloaded before import = 0Number of asset objects unloaded after import = 1

========================================================================
Received Import Request.
  Time since last request: 0.000022 seconds.
  path: Assets/AssetesDescargados/assorted-rock-pack
  importAddress: Guid(53839721fc22df244b807ab457200760) Importer(2089858483,b0f066a214c2f5e87bad3c948f4d605d)
Start importing Assets/AssetesDescargados/assorted-rock-pack using Guid(53839721fc22df244b807ab457200760) Importer(2089858483,b0f066a214c2f5e87bad3c948f4d605d) (ScriptedImporter) -> (Import Result ID: 'f5b94ffa1159aa36502b3541447d7a07') in 0.0037454 seconds [static and dynamic dependencies]. Details - ImportResultOutputID=ce8b6c94af50915b22d5c583187f3895 DependenciesID=86707c1f5297cb9d0a1ca2d3fe87f2d1 StaticDependenciesID=fa0def66366c07934ea81df9a504cacb 
Number of updated asset objects reloaded before import = 0Number of asset objects unloaded after import = 1

========================================================================
Received Import Request.
  Time since last request: 0.000028 seconds.
  path: Assets/AssetesDescargados/assorted-rock-pack/textures/Longstone_low_defaultMat_Roughness.png
  importAddress: Guid(4b35760ce880ade47b182f1c9d657192) Importer(2089858483,b0f066a214c2f5e87bad3c948f4d605d)
Start importing Assets/AssetesDescargados/assorted-rock-pack/textures/Longstone_low_defaultMat_Roughness.png using Guid(4b35760ce880ade47b182f1c9d657192) Importer(2089858483,b0f066a214c2f5e87bad3c948f4d605d) (ScriptedImporter) -> (Import Result ID: 'd5bbbcf422fb74ed8be059af74a6ce92') in 0.0081831 seconds [static and dynamic dependencies]. Details - ImportResultOutputID=db2aec881ea3c6a002e4ca95d9e70967 DependenciesID=1e3f4690f4090279bca672471b3729e0 StaticDependenciesID=0db7352bc2691a4b035c94af1006d9e7 
Number of updated asset objects reloaded before import = 0Number of asset objects unloaded after import = 1

========================================================================
Received Import Request.
  Time since last request: 0.000021 seconds.
  path: Assets/AssetesDescargados/assorted-rock-pack/source
  importAddress: Guid(029ceef29c53d814db2363f558e2faea) Importer(2089858483,b0f066a214c2f5e87bad3c948f4d605d)
Start importing Assets/AssetesDescargados/assorted-rock-pack/source using Guid(029ceef29c53d814db2363f558e2faea) Importer(2089858483,b0f066a214c2f5e87bad3c948f4d605d) (ScriptedImporter) -> (Import Result ID: '25767f09e901316ec5d9550770ad3991') in 0.0045982 seconds [static and dynamic dependencies]. Details - ImportResultOutputID=03b7554c2cbbae55c669a248645034d3 DependenciesID=88c748e91b75cf71cbe36b3e32191cde StaticDependenciesID=2986345722d81ba51747279c13aefc57 
Number of updated asset objects reloaded before import = 0Number of asset objects unloaded after import = 1

========================================================================
Received Import Request.
  Time since last request: 0.000019 seconds.
  path: Assets/AssetesDescargados/assorted-rock-pack/textures/MetaRock2_low_defaultMat_Normal.png
  importAddress: Guid(5f21a483d3e1a364e9ccf49a95d8a404) Importer(2089858483,b0f066a214c2f5e87bad3c948f4d605d)
Start importing Assets/AssetesDescargados/assorted-rock-pack/textures/MetaRock2_low_defaultMat_Normal.png using Guid(5f21a483d3e1a364e9ccf49a95d8a404) Importer(2089858483,b0f066a214c2f5e87bad3c948f4d605d) (ScriptedImporter) -> (Import Result ID: '4197835de0f4693d962679229cf5138f') in 0.007501 seconds [static and dynamic dependencies]. Details - ImportResultOutputID=a6245d531a7ee8d7ca102ef1bb35bfed DependenciesID=9cffe9c64af88b742983fecca3fef344 StaticDependenciesID=788386880179c6732176d4f0043e476a 
Number of updated asset objects reloaded before import = 0Number of asset objects unloaded after import = 1

========================================================================
Received Import Request.
  Time since last request: 0.000023 seconds.
  path: Assets/AssetesDescargados/assorted-rock-pack/textures/MetaRockP1_Low_defaultMat_Metallic.png
  importAddress: Guid(ac85cd18f3098fc49820f811a16bb06b) Importer(2089858483,b0f066a214c2f5e87bad3c948f4d605d)
Start importing Assets/AssetesDescargados/assorted-rock-pack/textures/MetaRockP1_Low_defaultMat_Metallic.png using Guid(ac85cd18f3098fc49820f811a16bb06b) Importer(2089858483,b0f066a214c2f5e87bad3c948f4d605d) (ScriptedImporter) -> (Import Result ID: 'b31b571f48c7a1ebd80c3a09e274457e') in 0.0069136 seconds [static and dynamic dependencies]. Details - ImportResultOutputID=2746a03df6c04af997e83e86041d3be8 DependenciesID=eed31ec96a3d02bb90e9a289ac947990 StaticDependenciesID=6ff4791bc8b8f52bb0e8a4fbeac8780a 
Number of updated asset objects reloaded before import = 0Number of asset objects unloaded after import = 1

========================================================================
Received Import Request.
  Time since last request: 2.117617 seconds.
  path: Assets/AssetesDescargados/assorted-rock-pack
  importAddress: Guid(53839721fc22df244b807ab457200760) Importer(815301076,1909f56bfc062723c751e8b465ee728b)
Start importing Assets/AssetesDescargados/assorted-rock-pack using Guid(53839721fc22df244b807ab457200760) Importer(815301076,1909f56bfc062723c751e8b465ee728b) (PreviewImporter) -> (Import Result ID: 'd0074488d66e876bdc8e42cf68d10713') in 0.002072 seconds [static and dynamic dependencies]. Details - ImportResultOutputID=ea47b5d9e7a61b47df47a36d91e74c12 DependenciesID=361140adf0da4e183747f3e5edf5f096 StaticDependenciesID=49613593bade22886a18d7645d400b95 
Number of updated asset objects reloaded before import = 0Number of asset objects unloaded after import = 0

========================================================================
Received Import Request.
  Time since last request: 0.961191 seconds.
  path: Assets/AssetesDescargados/assorted-rock-pack/source
  importAddress: Guid(029ceef29c53d814db2363f558e2faea) Importer(815301076,1909f56bfc062723c751e8b465ee728b)
Start importing Assets/AssetesDescargados/assorted-rock-pack/source using Guid(029ceef29c53d814db2363f558e2faea) Importer(815301076,1909f56bfc062723c751e8b465ee728b) (PreviewImporter) -> (Import Result ID: '55b9dad11db935b9de5c4d8f2e1cf2c1') in 0.0004527 seconds [static and dynamic dependencies]. Details - ImportResultOutputID=a6eb4b0adeead538d0a30c5f848e9761 DependenciesID=c2036c0a0096bbae9f98172e4d858f20 StaticDependenciesID=99e4807c6cfdd37ac6c3c0dd06e53cb3 
Number of updated asset objects reloaded before import = 0Number of asset objects unloaded after import = 0

========================================================================
Received Import Request.
  Time since last request: 0.662314 seconds.
  path: Assets/AssetesDescargados/assorted-rock-pack/source/Assorted Rock Pack
  importAddress: Guid(8d62d22e9e3db234a97bcfca16f72c3e) Importer(815301076,1909f56bfc062723c751e8b465ee728b)
Start importing Assets/AssetesDescargados/assorted-rock-pack/source/Assorted Rock Pack using Guid(8d62d22e9e3db234a97bcfca16f72c3e) Importer(815301076,1909f56bfc062723c751e8b465ee728b) (PreviewImporter) -> (Import Result ID: '8342567523c5b9a0cef6edfff5a4a607') in 0.0012198 seconds [static and dynamic dependencies]. Details - ImportResultOutputID=e04665c3bbc13e00da8baab4a860b1a1 DependenciesID=33de7f6f60b98f37a3485dabb20d4a9f StaticDependenciesID=1b5b6b4629e76df0ea1fa31e4f523d46 
Number of updated asset objects reloaded before import = 0Number of asset objects unloaded after import = 0

========================================================================
Received Import Request.
  Time since last request: 0.034446 seconds.
  path: Assets/AssetesDescargados/assorted-rock-pack/source/Assorted Rock Pack/Assorted Rock Pack.obj
  importAddress: Guid(806bf4ae76d08084c9e390039730065e) Importer(815301076,1909f56bfc062723c751e8b465ee728b)
Start importing Assets/AssetesDescargados/assorted-rock-pack/source/Assorted Rock Pack/Assorted Rock Pack.obj using Guid(806bf4ae76d08084c9e390039730065e) Importer(815301076,1909f56bfc062723c751e8b465ee728b) (PreviewImporter) -> (Import Result ID: 'd1b45775076c4847fdb61f4a11075847') in 0.3507409 seconds [static and dynamic dependencies]. Details - ImportResultOutputID=21f885dd7db18ebd10156408a828c447 DependenciesID=27783fc344d35708a663f3b9082d4d1c StaticDependenciesID=06d1440b790c8c098410968edd75cd5f 
Number of updated asset objects reloaded before import = 0Number of asset objects unloaded after import = 82

========================================================================
Received Import Request.
  Time since last request: 253.145350 seconds.
  path: Assets/PolyOne/Rocks Stylized/Model/SM_Rocks_01.fbx
  importAddress: Guid(3a36df0c3c359b44598ca9d9cfe55bd4) Importer(2089858483,b0f066a214c2f5e87bad3c948f4d605d)
Start importing Assets/PolyOne/Rocks Stylized/Model/SM_Rocks_01.fbx using Guid(3a36df0c3c359b44598ca9d9cfe55bd4) Importer(2089858483,b0f066a214c2f5e87bad3c948f4d605d) (ScriptedImporter) -> (Import Result ID: 'a9e921cc729847b3289fc7b25e515492') in 0.022456 seconds [static and dynamic dependencies]. Details - ImportResultOutputID=24492fd3cd7f1b68d31603561da4dc8c DependenciesID=4c0d947d64181474c0bfa355468f3fc0 StaticDependenciesID=11e5f02e88eaab1c93476ce02d610ac4 
Number of updated asset objects reloaded before import = 0Number of asset objects unloaded after import = 8

========================================================================
Received Import Request.
  Time since last request: 0.000046 seconds.
  path: Assets/PolyOne/Rocks Stylized/Prefabs/SM_Rocks_07.prefab
  importAddress: Guid(6b03fd5ce97ca2449b3b9a92cfce1ec5) Importer(2089858483,b0f066a214c2f5e87bad3c948f4d605d)
Start importing Assets/PolyOne/Rocks Stylized/Prefabs/SM_Rocks_07.prefab using Guid(6b03fd5ce97ca2449b3b9a92cfce1ec5) Importer(2089858483,b0f066a214c2f5e87bad3c948f4d605d) (ScriptedImporter) -> (Import Result ID: '15e60946bcb561519dfc8f87d1ed8177') in 0.007975 seconds [static and dynamic dependencies]. Details - ImportResultOutputID=fb35f82a20316ae6777bedf321cf305a DependenciesID=3750b83a067671cda1d0f507118620e0 StaticDependenciesID=08a93ae93f87eb2eba8ed0868ff065e6 
Number of updated asset objects reloaded before import = 0Number of asset objects unloaded after import = 8

========================================================================
Received Import Request.
  Time since last request: 0.000023 seconds.
  path: Assets/PolyOne/Rocks Stylized/Model/SM_Rocks_06.fbx
  importAddress: Guid(b9345a3ca075e5f40a66e72cf7a85ae9) Importer(2089858483,b0f066a214c2f5e87bad3c948f4d605d)
Start importing Assets/PolyOne/Rocks Stylized/Model/SM_Rocks_06.fbx using Guid(b9345a3ca075e5f40a66e72cf7a85ae9) Importer(2089858483,b0f066a214c2f5e87bad3c948f4d605d) (ScriptedImporter) -> (Import Result ID: '18e115ebc23de0abc509edfd9a2e8c26') in 0.0068441 seconds [static and dynamic dependencies]. Details - ImportResultOutputID=4656553c7fe86a7543f94d1d75ea7181 DependenciesID=6e64bdce18521075c221cf03f81e9e7d StaticDependenciesID=877697bf23fe0db4341122726b50370b 
Number of updated asset objects reloaded before import = 0Number of asset objects unloaded after import = 8

========================================================================
Received Import Request.
  Time since last request: 0.000028 seconds.
  path: Assets/PolyOne/Rocks Stylized/Model
  importAddress: Guid(2c775b651d495e548a898b43a66c9c2a) Importer(2089858483,b0f066a214c2f5e87bad3c948f4d605d)
Start importing Assets/PolyOne/Rocks Stylized/Model using Guid(2c775b651d495e548a898b43a66c9c2a) Importer(2089858483,b0f066a214c2f5e87bad3c948f4d605d) (ScriptedImporter) -> (Import Result ID: '94ff0e5f1d68aa43b2a719604b4657f0') in 0.0024585 seconds [static and dynamic dependencies]. Details - ImportResultOutputID=1040d55bde005fabc257130d7a023c9d DependenciesID=8953f8e008127bbcba6eb6b4ede91bd6 StaticDependenciesID=ed164de294623e947fd01d33d5404767 
Number of updated asset objects reloaded before import = 0Number of asset objects unloaded after import = 1

========================================================================
Received Import Request.
  Time since last request: 0.000018 seconds.
  path: Assets/PolyOne/Rocks Stylized/Prefabs/SM_Rocks_06.prefab
  importAddress: Guid(b2981534d2ac4244fafb153e0cb4c9c2) Importer(2089858483,b0f066a214c2f5e87bad3c948f4d605d)
Start importing Assets/PolyOne/Rocks Stylized/Prefabs/SM_Rocks_06.prefab using Guid(b2981534d2ac4244fafb153e0cb4c9c2) Importer(2089858483,b0f066a214c2f5e87bad3c948f4d605d) (ScriptedImporter) -> (Import Result ID: '946b283267652617a2653f7cc1a31877') in 0.0059533 seconds [static and dynamic dependencies]. Details - ImportResultOutputID=43839d4b60f21a1e03446f6391aa34f9 DependenciesID=44058f1ad2430e3d647b0a3fa9f9fd5f StaticDependenciesID=4b914fe4f82d94f90af5a1804fb711f5 
Number of updated asset objects reloaded before import = 0Number of asset objects unloaded after import = 8

========================================================================
Received Import Request.
  Time since last request: 0.000019 seconds.
  path: Assets/PolyOne/Rocks Stylized/Model/SM_Rocks_05.fbx
  importAddress: Guid(9452232cc6ad8fa40aca80b7e5efc95d) Importer(2089858483,b0f066a214c2f5e87bad3c948f4d605d)
Start importing Assets/PolyOne/Rocks Stylized/Model/SM_Rocks_05.fbx using Guid(9452232cc6ad8fa40aca80b7e5efc95d) Importer(2089858483,b0f066a214c2f5e87bad3c948f4d605d) (ScriptedImporter) -> (Import Result ID: 'c44fbc1e1309fda2e5f1038afffb6cf0') in 0.0077013 seconds [static and dynamic dependencies]. Details - ImportResultOutputID=9c9223e46e928861b74a2ba4b05b178b DependenciesID=aa7986d1a50686ee4ce2450d07612f2a StaticDependenciesID=f86dc286fd977f16995f75e232d08631 
Number of updated asset objects reloaded before import = 0Number of asset objects unloaded after import = 8

========================================================================
Received Import Request.
  Time since last request: 0.000019 seconds.
  path: Assets/PolyOne/Rocks Stylized/Prefabs/SM_Rocks_11.prefab
  importAddress: Guid(9ec55189fab312141825d31ad5584d45) Importer(2089858483,b0f066a214c2f5e87bad3c948f4d605d)
Start importing Assets/PolyOne/Rocks Stylized/Prefabs/SM_Rocks_11.prefab using Guid(9ec55189fab312141825d31ad5584d45) Importer(2089858483,b0f066a214c2f5e87bad3c948f4d605d) (ScriptedImporter) -> (Import Result ID: 'b7ecc594fa56f8396d63aa1df07ed6c1') in 0.0056701 seconds [static and dynamic dependencies]. Details - ImportResultOutputID=750464a12b0cd9b61cdb284ee488097d DependenciesID=1bc8a8bf9b619b27e5f1bf0e52c4e993 StaticDependenciesID=9c2ed46298d3253d78fea1d922a63285 
Number of updated asset objects reloaded before import = 0Number of asset objects unloaded after import = 8

========================================================================
Received Import Request.
  Time since last request: 0.000021 seconds.
  path: Assets/PolyOne/Rocks Stylized/Materials/Rocks Stylized_M.mat
  importAddress: Guid(76a5c01805e5cb24cbc1bb6535f6fec7) Importer(2089858483,b0f066a214c2f5e87bad3c948f4d605d)
Start importing Assets/PolyOne/Rocks Stylized/Materials/Rocks Stylized_M.mat using Guid(76a5c01805e5cb24cbc1bb6535f6fec7) Importer(2089858483,b0f066a214c2f5e87bad3c948f4d605d) (ScriptedImporter) -> (Import Result ID: '4b9c29039a9c6f2c9ba7fad33a6b1ba2') in 0.0079782 seconds [static and dynamic dependencies]. Details - ImportResultOutputID=4b67fc0d6bd8c352e288b0c455491ab6 DependenciesID=8ca447980846614ec22d65085e60483a StaticDependenciesID=f77086b9377fba92972c89476a8666a3 
Number of updated asset objects reloaded before import = 0Number of asset objects unloaded after import = 2

========================================================================
Received Import Request.
  Time since last request: 0.000023 seconds.
  path: Assets/PolyOne/Rocks Stylized/Model/SM_Rocks_11.fbx
  importAddress: Guid(79f6fa4e7402ab3409139a02eaf6ff7e) Importer(2089858483,b0f066a214c2f5e87bad3c948f4d605d)
Start importing Assets/PolyOne/Rocks Stylized/Model/SM_Rocks_11.fbx using Guid(79f6fa4e7402ab3409139a02eaf6ff7e) Importer(2089858483,b0f066a214c2f5e87bad3c948f4d605d) (ScriptedImporter) -> (Import Result ID: 'eee0fb1b088d9dd46b09846e189b982f') in 0.0075022 seconds [static and dynamic dependencies]. Details - ImportResultOutputID=5424bd4f1d4b02d6cdbd5919511df597 DependenciesID=8dfef46bf75095566d6adadc0f50936d StaticDependenciesID=63ca969bdd2718c3d5e078b5b9fbf3bc 
Number of updated asset objects reloaded before import = 0Number of asset objects unloaded after import = 8

========================================================================
Received Import Request.
  Time since last request: 0.000022 seconds.
  path: Assets/PolyOne/Rocks Stylized/Model/SM_Rocks_08.fbx
  importAddress: Guid(72265316621dece4681e00919261da6e) Importer(2089858483,b0f066a214c2f5e87bad3c948f4d605d)
Start importing Assets/PolyOne/Rocks Stylized/Model/SM_Rocks_08.fbx using Guid(72265316621dece4681e00919261da6e) Importer(2089858483,b0f066a214c2f5e87bad3c948f4d605d) (ScriptedImporter) -> (Import Result ID: 'f4c29491084d71d58033e76cc76ae025') in 0.0072508 seconds [static and dynamic dependencies]. Details - ImportResultOutputID=2698d311e5fab7cde6d8e433d917e26a DependenciesID=b2703aaa7d7ce4ecdaedba53c4fd3865 StaticDependenciesID=6cc8623e761532563af4d2f0c68383d7 
Number of updated asset objects reloaded before import = 0Number of asset objects unloaded after import = 8

========================================================================
Received Import Request.
  Time since last request: 0.000030 seconds.
  path: Assets/PolyOne/Rocks Stylized/Prefabs
  importAddress: Guid(47531b39e1a4b2e4d98a334aff56fc91) Importer(2089858483,b0f066a214c2f5e87bad3c948f4d605d)
Start importing Assets/PolyOne/Rocks Stylized/Prefabs using Guid(47531b39e1a4b2e4d98a334aff56fc91) Importer(2089858483,b0f066a214c2f5e87bad3c948f4d605d) (ScriptedImporter) -> (Import Result ID: '53033c86e825c4e50a9fc2f921ba52f6') in 0.0030776 seconds [static and dynamic dependencies]. Details - ImportResultOutputID=53c8a99df6eafb558c577e0caddea368 DependenciesID=35fd6f458cc32444c5b81b5013cbcc0e StaticDependenciesID=f0afbcb4b45a7c9a676b385b25c53ea1 
Number of updated asset objects reloaded before import = 0Number of asset objects unloaded after import = 1

========================================================================
Received Import Request.
  Time since last request: 0.000022 seconds.
  path: Assets/PolyOne/Rocks Stylized/Model/SM_Rocks_07.fbx
  importAddress: Guid(2677d9e54387c1b4d800836555a6c300) Importer(2089858483,b0f066a214c2f5e87bad3c948f4d605d)
Start importing Assets/PolyOne/Rocks Stylized/Model/SM_Rocks_07.fbx using Guid(2677d9e54387c1b4d800836555a6c300) Importer(2089858483,b0f066a214c2f5e87bad3c948f4d605d) (ScriptedImporter) -> (Import Result ID: 'df8b751274b475f72d80eed0dfb0c34f') in 0.0082685 seconds [static and dynamic dependencies]. Details - ImportResultOutputID=53bdc615727863d8b0f5c46b71f5e260 DependenciesID=73cbf52085de1014d46f8259ccbabe04 StaticDependenciesID=17e4d68e71eda22f28b6286f24c109d8 
Number of updated asset objects reloaded before import = 0Number of asset objects unloaded after import = 8

========================================================================
Received Import Request.
  Time since last request: 0.000023 seconds.
  path: Assets/PolyOne/Rocks Stylized/Prefabs/SM_Rocks_10.prefab
  importAddress: Guid(f4bf1f00267b19b4a8174c9b9a311b21) Importer(2089858483,b0f066a214c2f5e87bad3c948f4d605d)
Start importing Assets/PolyOne/Rocks Stylized/Prefabs/SM_Rocks_10.prefab using Guid(f4bf1f00267b19b4a8174c9b9a311b21) Importer(2089858483,b0f066a214c2f5e87bad3c948f4d605d) (ScriptedImporter) -> (Import Result ID: '3673d9ec3fb25398192bef190e3b0c7f') in 0.007584 seconds [static and dynamic dependencies]. Details - ImportResultOutputID=aede211d4060dea9a5f5e53a1712ba05 DependenciesID=0917ef4451e10daeffcb9497bff2ca6c StaticDependenciesID=69e0a6cc586515229d3f3edbace5639f 
Number of updated asset objects reloaded before import = 0Number of asset objects unloaded after import = 8

========================================================================
Received Import Request.
  Time since last request: 0.000082 seconds.
  path: Assets/PolyOne/Rocks Stylized/Materials
  importAddress: Guid(611ded08a5f6e8543bec082f8d8825f5) Importer(2089858483,b0f066a214c2f5e87bad3c948f4d605d)
Start importing Assets/PolyOne/Rocks Stylized/Materials using Guid(611ded08a5f6e8543bec082f8d8825f5) Importer(2089858483,b0f066a214c2f5e87bad3c948f4d605d) (ScriptedImporter) -> (Import Result ID: '37a3eb8170346fdb7c7c98d33dfab85e') in 0.0039777 seconds [static and dynamic dependencies]. Details - ImportResultOutputID=bb374623a640427cc6a4def4ecfdc1e8 DependenciesID=3b38faafcf58b873bb5f55c311653a89 StaticDependenciesID=e8401bd08957055cd7440be498617749 
Number of updated asset objects reloaded before import = 0Number of asset objects unloaded after import = 1

========================================================================
Received Import Request.
  Time since last request: 0.000022 seconds.
  path: Assets/PolyOne/Rocks Stylized/Texture
  importAddress: Guid(0d3335e4212593342aa092a33e9c4229) Importer(2089858483,b0f066a214c2f5e87bad3c948f4d605d)
Start importing Assets/PolyOne/Rocks Stylized/Texture using Guid(0d3335e4212593342aa092a33e9c4229) Importer(2089858483,b0f066a214c2f5e87bad3c948f4d605d) (ScriptedImporter) -> (Import Result ID: 'a627a1451a082e78c77edc11fe03fd4b') in 0.0026487 seconds [static and dynamic dependencies]. Details - ImportResultOutputID=d05ca58948f6e910d6736ff1e8623344 DependenciesID=2d4eb42546e1a22ea18afff978c9defd StaticDependenciesID=135ca811ab98e097dcfc85b5907493ed 
Number of updated asset objects reloaded before import = 0Number of asset objects unloaded after import = 1

========================================================================
Received Import Request.
  Time since last request: 0.000026 seconds.
  path: Assets/PolyOne/Rocks Stylized/Model/SM_Rocks_10.fbx
  importAddress: Guid(0f6dbbacfdd641b43ac1e4ef6fa19ead) Importer(2089858483,b0f066a214c2f5e87bad3c948f4d605d)
Start importing Assets/PolyOne/Rocks Stylized/Model/SM_Rocks_10.fbx using Guid(0f6dbbacfdd641b43ac1e4ef6fa19ead) Importer(2089858483,b0f066a214c2f5e87bad3c948f4d605d) (ScriptedImporter) -> (Import Result ID: '7276ee1b83dfd00deffb2cb855aaf0a2') in 0.0075715 seconds [static and dynamic dependencies]. Details - ImportResultOutputID=56ab8e4a7b7ce21c136db0d2e2dd0185 DependenciesID=7e4596de849906a9dbb652fb16361d5b StaticDependenciesID=287b84879095c89d2900038e9d97a1b2 
Number of updated asset objects reloaded before import = 0Number of asset objects unloaded after import = 8

========================================================================
Received Import Request.
  Time since last request: 0.000022 seconds.
  path: Assets/PolyOne/Rocks Stylized/Model/SM_Rocks_03.fbx
  importAddress: Guid(0e7903d1f997cc645bad3674ffab5d1b) Importer(2089858483,b0f066a214c2f5e87bad3c948f4d605d)
Start importing Assets/PolyOne/Rocks Stylized/Model/SM_Rocks_03.fbx using Guid(0e7903d1f997cc645bad3674ffab5d1b) Importer(2089858483,b0f066a214c2f5e87bad3c948f4d605d) (ScriptedImporter) -> (Import Result ID: 'edbcfdbe8e11418829697c383e96b999') in 0.0072084 seconds [static and dynamic dependencies]. Details - ImportResultOutputID=e9297f335ddbcd970b35c01d86a2e2ca DependenciesID=3e000fa767f0a1f0b7083fc6df318445 StaticDependenciesID=60d8ab0b37e64ae5c72107952a83b33f 
Number of updated asset objects reloaded before import = 0Number of asset objects unloaded after import = 8

========================================================================
Received Import Request.
  Time since last request: 0.000033 seconds.
  path: Assets/PolyOne/Rocks Stylized/Prefabs/SM_Rocks_03.prefab
  importAddress: Guid(c65625e040ac42e46ba4222b69c41558) Importer(2089858483,b0f066a214c2f5e87bad3c948f4d605d)
Start importing Assets/PolyOne/Rocks Stylized/Prefabs/SM_Rocks_03.prefab using Guid(c65625e040ac42e46ba4222b69c41558) Importer(2089858483,b0f066a214c2f5e87bad3c948f4d605d) (ScriptedImporter) -> (Import Result ID: '11a7f090b2b1a3901872b28f63c90e11') in 0.0058942 seconds [static and dynamic dependencies]. Details - ImportResultOutputID=04005c244e502b5333a3115522926c1a DependenciesID=233e41d022f02f38330bf4c43ec4394e StaticDependenciesID=52e5c55f48dd4eaaa7254e93a541af95 
Number of updated asset objects reloaded before import = 0Number of asset objects unloaded after import = 8

========================================================================
Received Import Request.
  Time since last request: 0.000023 seconds.
  path: Assets/PolyOne/Rocks Stylized/Prefabs/SM_Rocks_08.prefab
  importAddress: Guid(21440718d3f07344e841a649af5745d8) Importer(2089858483,b0f066a214c2f5e87bad3c948f4d605d)
Start importing Assets/PolyOne/Rocks Stylized/Prefabs/SM_Rocks_08.prefab using Guid(21440718d3f07344e841a649af5745d8) Importer(2089858483,b0f066a214c2f5e87bad3c948f4d605d) (ScriptedImporter) -> (Import Result ID: '301417510985499d49536f2cd70ecb80') in 0.0051081 seconds [static and dynamic dependencies]. Details - ImportResultOutputID=3cc4d865ebcb0b764cc6db3e3897a0de DependenciesID=9107538105b9e4d54188c0ba28a25fd3 StaticDependenciesID=f826fe265f03d51e8fb884bad2d09f36 
Number of updated asset objects reloaded before import = 0Number of asset objects unloaded after import = 8

========================================================================
Received Import Request.
  Time since last request: 0.000021 seconds.
  path: Assets/PolyOne/Rocks Stylized/Scene/Demo_Rocks Stylized.unity
  importAddress: Guid(eb7fdb1d4905bf94cbe147748dce2c4c) Importer(2089858483,b0f066a214c2f5e87bad3c948f4d605d)
Start importing Assets/PolyOne/Rocks Stylized/Scene/Demo_Rocks Stylized.unity using Guid(eb7fdb1d4905bf94cbe147748dce2c4c) Importer(2089858483,b0f066a214c2f5e87bad3c948f4d605d) (ScriptedImporter) -> (Import Result ID: 'a64f99f0ad8f3f4eb6b715642557fd91') in 0.0038934 seconds [static and dynamic dependencies]. Details - ImportResultOutputID=bed51bbe81c48caef5cd3a226d069f7b DependenciesID=16356da42ae3d8edfa399f205dcc1e76 StaticDependenciesID=cfc75029a369fb54bcf4819cd6b12178 
Number of updated asset objects reloaded before import = 0Number of asset objects unloaded after import = 1

========================================================================
Received Import Request.
  Time since last request: 0.000024 seconds.
  path: Assets/PolyOne/Rocks Stylized
  importAddress: Guid(2ec3d80d6b28fc14c970c1db9958377e) Importer(2089858483,b0f066a214c2f5e87bad3c948f4d605d)
Start importing Assets/PolyOne/Rocks Stylized using Guid(2ec3d80d6b28fc14c970c1db9958377e) Importer(2089858483,b0f066a214c2f5e87bad3c948f4d605d) (ScriptedImporter) -> (Import Result ID: 'd8ebdc4bbd42da194f20190422674b31') in 0.0025856 seconds [static and dynamic dependencies]. Details - ImportResultOutputID=81f048d9b5f538d83f6bcde6ddc7d0d5 DependenciesID=352188813784b6f06407f5d83d8a6c6c StaticDependenciesID=c61505f0cc4f72036ac49cc035fe989e 
Number of updated asset objects reloaded before import = 0Number of asset objects unloaded after import = 1

========================================================================
Received Import Request.
  Time since last request: 0.000023 seconds.
  path: Assets/PolyOne/Rocks Stylized/Model/SM_Rocks_09.fbx
  importAddress: Guid(cbf3b0bad77b9904882fc1982d9926cc) Importer(2089858483,b0f066a214c2f5e87bad3c948f4d605d)
Start importing Assets/PolyOne/Rocks Stylized/Model/SM_Rocks_09.fbx using Guid(cbf3b0bad77b9904882fc1982d9926cc) Importer(2089858483,b0f066a214c2f5e87bad3c948f4d605d) (ScriptedImporter) -> (Import Result ID: '5c9236db9d7758472d74c073accc0396') in 0.0097394 seconds [static and dynamic dependencies]. Details - ImportResultOutputID=60bc6ed867c7f85c2f335541a142cd87 DependenciesID=e2a62d45fbdca512030d3e0aae9c3950 StaticDependenciesID=da1a72effd7eb08a71ca41cc308031cd 
Number of updated asset objects reloaded before import = 0Number of asset objects unloaded after import = 8

========================================================================
Received Import Request.
  Time since last request: 0.000023 seconds.
  path: Assets/PolyOne/Rocks Stylized/Model/SM_Rocks_04.fbx
  importAddress: Guid(2767b4c56e91d1e4695c7429b1d379b9) Importer(2089858483,b0f066a214c2f5e87bad3c948f4d605d)
Start importing Assets/PolyOne/Rocks Stylized/Model/SM_Rocks_04.fbx using Guid(2767b4c56e91d1e4695c7429b1d379b9) Importer(2089858483,b0f066a214c2f5e87bad3c948f4d605d) (ScriptedImporter) -> (Import Result ID: '81728ce0a34ba1b26e3a07fdf6d69d97') in 0.0075062 seconds [static and dynamic dependencies]. Details - ImportResultOutputID=f909385012cd269d92e35acab5bf079f DependenciesID=e219bf191b26ae09f0721fc9048664c5 StaticDependenciesID=9c754d36a753b605207b68d31f12565f 
Number of updated asset objects reloaded before import = 0Number of asset objects unloaded after import = 8

========================================================================
Received Import Request.
  Time since last request: 0.000028 seconds.
  path: Assets/PolyOne/Rocks Stylized/Prefabs/SM_Rocks_01.prefab
  importAddress: Guid(0b7c39db641be5044ab85ba9f56a629a) Importer(2089858483,b0f066a214c2f5e87bad3c948f4d605d)
Start importing Assets/PolyOne/Rocks Stylized/Prefabs/SM_Rocks_01.prefab using Guid(0b7c39db641be5044ab85ba9f56a629a) Importer(2089858483,b0f066a214c2f5e87bad3c948f4d605d) (ScriptedImporter) -> (Import Result ID: 'f94e516c41117d3aad85984e8d09b7f0') in 0.0054613 seconds [static and dynamic dependencies]. Details - ImportResultOutputID=5f0c69d8aadedb9bc0777f584f76d1fe DependenciesID=4f1da25b5a3643fa366696cd5a80653c StaticDependenciesID=19f2b13c654143daa44fc55bd64fee75 
Number of updated asset objects reloaded before import = 0Number of asset objects unloaded after import = 8

========================================================================
Received Import Request.
  Time since last request: 0.000031 seconds.
  path: Assets/PolyOne/Rocks Stylized/Texture/Rocks_Stylized_Color.png
  importAddress: Guid(4b1123766a5343d4a83555e9975055a2) Importer(2089858483,b0f066a214c2f5e87bad3c948f4d605d)
Start importing Assets/PolyOne/Rocks Stylized/Texture/Rocks_Stylized_Color.png using Guid(4b1123766a5343d4a83555e9975055a2) Importer(2089858483,b0f066a214c2f5e87bad3c948f4d605d) (ScriptedImporter) -> (Import Result ID: 'e68d762fc110aea032314e1ba688e5c5') in 0.0073088 seconds [static and dynamic dependencies]. Details - ImportResultOutputID=0d40d52c7584d50cde0e3093eae62b30 DependenciesID=236434a3a44865a5736f41db0b642615 StaticDependenciesID=455e817a2a8f6aa1a733e0971858aa1f 
Number of updated asset objects reloaded before import = 0Number of asset objects unloaded after import = 1

========================================================================
Received Import Request.
  Time since last request: 0.000020 seconds.
  path: Assets/PolyOne/Rocks Stylized/Model/SM_Rocks_02.fbx
  importAddress: Guid(9813fad1fa6eee1409adfe66ffff8a11) Importer(2089858483,b0f066a214c2f5e87bad3c948f4d605d)
Start importing Assets/PolyOne/Rocks Stylized/Model/SM_Rocks_02.fbx using Guid(9813fad1fa6eee1409adfe66ffff8a11) Importer(2089858483,b0f066a214c2f5e87bad3c948f4d605d) (ScriptedImporter) -> (Import Result ID: '39bc07af7f5cdbccfbbf8b5ab2d8e6d0') in 0.0084295 seconds [static and dynamic dependencies]. Details - ImportResultOutputID=3be7517860b8ea397c215ebcf3534b87 DependenciesID=d9944c6e574fa080700bdef13999dad2 StaticDependenciesID=c47ae9bc10644fb8ec38086d4bf0e213 
Number of updated asset objects reloaded before import = 0Number of asset objects unloaded after import = 8

========================================================================
Received Import Request.
  Time since last request: 0.000022 seconds.
  path: Assets/PolyOne/Rocks Stylized/Materials/Plane_M.mat
  importAddress: Guid(9f568ba3b52517d4e9cce6422a608655) Importer(2089858483,b0f066a214c2f5e87bad3c948f4d605d)
Start importing Assets/PolyOne/Rocks Stylized/Materials/Plane_M.mat using Guid(9f568ba3b52517d4e9cce6422a608655) Importer(2089858483,b0f066a214c2f5e87bad3c948f4d605d) (ScriptedImporter) -> (Import Result ID: 'b1c9a896e84c524ac516e71548dfd3b8') in 0.0060944 seconds [static and dynamic dependencies]. Details - ImportResultOutputID=46db297f294669ff112a410336701e05 DependenciesID=98ba495ef72c21e54b6e669e4e27eade StaticDependenciesID=2586ead17abfe6a82e6f484c5b15e68b 
Number of updated asset objects reloaded before import = 0Number of asset objects unloaded after import = 1

========================================================================
Received Import Request.
  Time since last request: 0.000021 seconds.
  path: Assets/PolyOne/Rocks Stylized/Prefabs/SM_Rocks_02.prefab
  importAddress: Guid(8b2f7789077f69f458e3919626d6ea22) Importer(2089858483,b0f066a214c2f5e87bad3c948f4d605d)
Start importing Assets/PolyOne/Rocks Stylized/Prefabs/SM_Rocks_02.prefab using Guid(8b2f7789077f69f458e3919626d6ea22) Importer(2089858483,b0f066a214c2f5e87bad3c948f4d605d) (ScriptedImporter) -> (Import Result ID: 'fb862c74aa66acf3d5b2e7c958135600') in 0.0062263 seconds [static and dynamic dependencies]. Details - ImportResultOutputID=b8581acc34781b8dd21c4fc902e3f640 DependenciesID=b3f85d94e370161b980845cce651f86c StaticDependenciesID=7252566ca0ff0694aab1df33b9e27c7d 
Number of updated asset objects reloaded before import = 0Number of asset objects unloaded after import = 8

========================================================================
Received Import Request.
  Time since last request: 0.000021 seconds.
  path: Assets/PolyOne/Rocks Stylized/Prefabs/SM_Rocks_04.prefab
  importAddress: Guid(7cb1a6b5b01d08b449d57dfddf54dd44) Importer(2089858483,b0f066a214c2f5e87bad3c948f4d605d)
Start importing Assets/PolyOne/Rocks Stylized/Prefabs/SM_Rocks_04.prefab using Guid(7cb1a6b5b01d08b449d57dfddf54dd44) Importer(2089858483,b0f066a214c2f5e87bad3c948f4d605d) (ScriptedImporter) -> (Import Result ID: '3b844ab6b868d127db6231bb08f72e9e') in 0.0056018 seconds [static and dynamic dependencies]. Details - ImportResultOutputID=67134be70cc40bafb6a9e697a7d30eaf DependenciesID=71bcbfbc3dbd87ca11d9591ce832ced5 StaticDependenciesID=25dfa18baf153d7b0af668393c4d3155 
Number of updated asset objects reloaded before import = 0Number of asset objects unloaded after import = 8

========================================================================
Received Import Request.
  Time since last request: 0.000028 seconds.
  path: Assets/PolyOne/Rocks Stylized/Prefabs/SM_Rocks_09.prefab
  importAddress: Guid(967b6a4dedfb5424f8c3a056595dab0e) Importer(2089858483,b0f066a214c2f5e87bad3c948f4d605d)
Start importing Assets/PolyOne/Rocks Stylized/Prefabs/SM_Rocks_09.prefab using Guid(967b6a4dedfb5424f8c3a056595dab0e) Importer(2089858483,b0f066a214c2f5e87bad3c948f4d605d) (ScriptedImporter) -> (Import Result ID: '1378acd4bd65e1ebf8073ff2cc0fcdd2') in 0.0075284 seconds [static and dynamic dependencies]. Details - ImportResultOutputID=90ea7e69ed4416e92bd3db44533b3c67 DependenciesID=605c739e09835238815064d5ec72dfb2 StaticDependenciesID=68aa954b6b0a20a24f40830b23ca1404 
Number of updated asset objects reloaded before import = 0Number of asset objects unloaded after import = 8

========================================================================
Received Import Request.
  Time since last request: 0.000023 seconds.
  path: Assets/PolyOne
  importAddress: Guid(68b5bde4768285249b6bb704bdbf528d) Importer(2089858483,b0f066a214c2f5e87bad3c948f4d605d)
Start importing Assets/PolyOne using Guid(68b5bde4768285249b6bb704bdbf528d) Importer(2089858483,b0f066a214c2f5e87bad3c948f4d605d) (ScriptedImporter) -> (Import Result ID: '3158672a81d0156bed0c3c42b98ac131') in 0.0023986 seconds [static and dynamic dependencies]. Details - ImportResultOutputID=3d0d1894637bb7afcdcc638eb87a2176 DependenciesID=540294a5c9e65fc80546595c73ab4a44 StaticDependenciesID=eba88edc040d6da610d86e7844c2465a 
Number of updated asset objects reloaded before import = 0Number of asset objects unloaded after import = 1

========================================================================
Received Import Request.
  Time since last request: 0.000030 seconds.
  path: Assets/PolyOne/Rocks Stylized/Prefabs/SM_Rocks_05.prefab
  importAddress: Guid(87123ac33e4f0f04bacc28c3d2dcb0f6) Importer(2089858483,b0f066a214c2f5e87bad3c948f4d605d)
Start importing Assets/PolyOne/Rocks Stylized/Prefabs/SM_Rocks_05.prefab using Guid(87123ac33e4f0f04bacc28c3d2dcb0f6) Importer(2089858483,b0f066a214c2f5e87bad3c948f4d605d) (ScriptedImporter) -> (Import Result ID: 'f1af141188ce1f22a8776c0b7c075b98') in 0.0067113 seconds [static and dynamic dependencies]. Details - ImportResultOutputID=0a9f8169afb9563a180e3461a6e6f463 DependenciesID=de6ffdab82a67d185506358856c21206 StaticDependenciesID=1fe0e9e83189b0ee17d3061af2d1d1eb 
Number of updated asset objects reloaded before import = 0Number of asset objects unloaded after import = 8

========================================================================
Received Import Request.
  Time since last request: 0.000025 seconds.
  path: Assets/PolyOne/Rocks Stylized/Scene
  importAddress: Guid(46c89c3f089549e4ebb9d3e3fa6d2d84) Importer(2089858483,b0f066a214c2f5e87bad3c948f4d605d)
Start importing Assets/PolyOne/Rocks Stylized/Scene using Guid(46c89c3f089549e4ebb9d3e3fa6d2d84) Importer(2089858483,b0f066a214c2f5e87bad3c948f4d605d) (ScriptedImporter) -> (Import Result ID: 'af023ee7e2868c139951f7c4726d9d7c') in 0.0027904 seconds [static and dynamic dependencies]. Details - ImportResultOutputID=3142997ff4aca29b41643558f8171fc2 DependenciesID=0de7ed75e1fe9511b0d5cbf681970acd StaticDependenciesID=537a2e6fbcada287617f19598e857090 
Number of updated asset objects reloaded before import = 0Number of asset objects unloaded after import = 1

========================================================================
Received Import Request.
  Time since last request: 27.607392 seconds.
  path: Assets/JTS_StoneLanterns/Textures
  importAddress: Guid(bb4bb8309ed599b4db5a44ffeb695a4b) Importer(2089858483,b0f066a214c2f5e87bad3c948f4d605d)
Start importing Assets/JTS_StoneLanterns/Textures using Guid(bb4bb8309ed599b4db5a44ffeb695a4b) Importer(2089858483,b0f066a214c2f5e87bad3c948f4d605d) (ScriptedImporter) -> (Import Result ID: 'ab0d0effa86fc8268d4cea18c4ac93e0') in 0.0029127 seconds [static and dynamic dependencies]. Details - ImportResultOutputID=6dac207474d4c524f6ae513f86b86469 DependenciesID=0a511248cbc284a5f9d4e29a89b000ea StaticDependenciesID=d8d4ab548c64fe7f5875da8030dddd58 
Number of updated asset objects reloaded before import = 0Number of asset objects unloaded after import = 1

========================================================================
Received Import Request.
  Time since last request: 0.000022 seconds.
  path: Assets/JTS_StoneLanterns/Materials/mat_physics_stone.physicMaterial
  importAddress: Guid(9fef3203f9e86d3439a2a80317e6fae1) Importer(2089858483,b0f066a214c2f5e87bad3c948f4d605d)
Start importing Assets/JTS_StoneLanterns/Materials/mat_physics_stone.physicMaterial using Guid(9fef3203f9e86d3439a2a80317e6fae1) Importer(2089858483,b0f066a214c2f5e87bad3c948f4d605d) (ScriptedImporter) -> (Import Result ID: '19beceb332d262d693dbd04c1271d086') in 0.0034586 seconds [static and dynamic dependencies]. Details - ImportResultOutputID=15bc81b7dc8f0a175ccea8294ce88f0a DependenciesID=449ca047754d867564b2a600b5206fa2 StaticDependenciesID=39d4e98e353eb3dd81d48f0aba03ceb5 
Number of updated asset objects reloaded before import = 0Number of asset objects unloaded after import = 1

========================================================================
Received Import Request.
  Time since last request: 0.000033 seconds.
  path: Assets/JTS_StoneLanterns/Mesh/Lantern_Stone_B3.fbx
  importAddress: Guid(60d6a1e32130b0245abbe28603e62f05) Importer(2089858483,b0f066a214c2f5e87bad3c948f4d605d)
Start importing Assets/JTS_StoneLanterns/Mesh/Lantern_Stone_B3.fbx using Guid(60d6a1e32130b0245abbe28603e62f05) Importer(2089858483,b0f066a214c2f5e87bad3c948f4d605d) (ScriptedImporter) -> (Import Result ID: '56b7691dc568f5d42de992c269a65768') in 0.0084142 seconds [static and dynamic dependencies]. Details - ImportResultOutputID=ae99635217a8d2d09ba6ba9037b610cc DependenciesID=7af91a5128473e84792106b082078528 StaticDependenciesID=e63c5876e1cc4092984069fb54c8beb0 
Number of updated asset objects reloaded before import = 0Number of asset objects unloaded after import = 7

========================================================================
Received Import Request.
  Time since last request: 0.000028 seconds.
  path: Assets/JTS_StoneLanterns/Prefabs/Lantern_Stone_A3.prefab
  importAddress: Guid(d07f96cf91faf594ab94f7e3fec5496e) Importer(2089858483,b0f066a214c2f5e87bad3c948f4d605d)
Start importing Assets/JTS_StoneLanterns/Prefabs/Lantern_Stone_A3.prefab using Guid(d07f96cf91faf594ab94f7e3fec5496e) Importer(2089858483,b0f066a214c2f5e87bad3c948f4d605d) (ScriptedImporter) -> (Import Result ID: '0941d19ac93287b311294a11ca7ded46') in 0.0078953 seconds [static and dynamic dependencies]. Details - ImportResultOutputID=a27211b6517a9020c8091c7b906ae255 DependenciesID=b58cafad51a46ae936934e3e9988c835 StaticDependenciesID=c9bc21e1c0c16c9f5484c2c14501804f 
Number of updated asset objects reloaded before import = 0Number of asset objects unloaded after import = 10

========================================================================
Received Import Request.
  Time since last request: 0.000021 seconds.
  path: Assets/JTS_StoneLanterns/Mesh/Lantern_Stone_C3.fbx
  importAddress: Guid(6e3e78a716b8662478ed09cbace76fee) Importer(2089858483,b0f066a214c2f5e87bad3c948f4d605d)
Start importing Assets/JTS_StoneLanterns/Mesh/Lantern_Stone_C3.fbx using Guid(6e3e78a716b8662478ed09cbace76fee) Importer(2089858483,b0f066a214c2f5e87bad3c948f4d605d) (ScriptedImporter) -> (Import Result ID: 'c13fc9faee8291d6fc03d657fd186bdc') in 0.006701 seconds [static and dynamic dependencies]. Details - ImportResultOutputID=a25e276a1feef569a88c6a80583ae406 DependenciesID=f37492c952aa728518ec8518666bb5d7 StaticDependenciesID=8fd45706db8a3169a93777ff5c5e55e9 
Number of updated asset objects reloaded before import = 0Number of asset objects unloaded after import = 7

========================================================================
Received Import Request.
  Time since last request: 0.000025 seconds.
  path: Assets/JTS_StoneLanterns/Mesh/Lantern_Stone_C1.fbx
  importAddress: Guid(f57f340e4daab8246af095b91747dcf2) Importer(2089858483,b0f066a214c2f5e87bad3c948f4d605d)
Start importing Assets/JTS_StoneLanterns/Mesh/Lantern_Stone_C1.fbx using Guid(f57f340e4daab8246af095b91747dcf2) Importer(2089858483,b0f066a214c2f5e87bad3c948f4d605d) (ScriptedImporter) -> (Import Result ID: '5162fe3903569dacd5d377f86eff897b') in 0.0181267 seconds [static and dynamic dependencies]. Details - ImportResultOutputID=387e14fa29df515cdc920afba2e55cac DependenciesID=973c984c6576d7f2a75b0d81e10cd959 StaticDependenciesID=61c8f0a6ef5ec5650801087f2df8d7ce 
Number of updated asset objects reloaded before import = 0Number of asset objects unloaded after import = 7

========================================================================
Received Import Request.
  Time since last request: 0.000020 seconds.
  path: Assets/JTS_StoneLanterns/Prefabs/Lantern_Stone_B1.prefab
  importAddress: Guid(e5bf64f86e0b4b94ebade668f953b165) Importer(2089858483,b0f066a214c2f5e87bad3c948f4d605d)
Start importing Assets/JTS_StoneLanterns/Prefabs/Lantern_Stone_B1.prefab using Guid(e5bf64f86e0b4b94ebade668f953b165) Importer(2089858483,b0f066a214c2f5e87bad3c948f4d605d) (ScriptedImporter) -> (Import Result ID: '608398709f0b29bf273f526fbbd892ff') in 0.0058287 seconds [static and dynamic dependencies]. Details - ImportResultOutputID=48f1c173aa65dfc8445082504dd8b3fc DependenciesID=f36d507969724ed1da1a5803a8546091 StaticDependenciesID=70000da70009147297ca7b9bb798d833 
Number of updated asset objects reloaded before import = 0Number of asset objects unloaded after import = 10

========================================================================
Received Import Request.
  Time since last request: 0.000023 seconds.
  path: Assets/JTS_StoneLanterns/Demo/Textures
  importAddress: Guid(c8046ac4573e6e14fb70fd1c7a7c9f26) Importer(2089858483,b0f066a214c2f5e87bad3c948f4d605d)
Start importing Assets/JTS_StoneLanterns/Demo/Textures using Guid(c8046ac4573e6e14fb70fd1c7a7c9f26) Importer(2089858483,b0f066a214c2f5e87bad3c948f4d605d) (ScriptedImporter) -> (Import Result ID: 'ecddde2433b43ec2157d87491f858a64') in 0.0024466 seconds [static and dynamic dependencies]. Details - ImportResultOutputID=8c71db8b34c515c5f868106df7eaf5ea DependenciesID=550d5a3a7c716c02b7e579bcd7d05428 StaticDependenciesID=03564059d9365865168e8d11d18ec390 
Number of updated asset objects reloaded before import = 0Number of asset objects unloaded after import = 1

========================================================================
Received Import Request.
  Time since last request: 0.000021 seconds.
  path: Assets/JTS_StoneLanterns/Demo/DemoSceneSettings.lighting
  importAddress: Guid(735c577279ac9bb47bba785b96a57528) Importer(2089858483,b0f066a214c2f5e87bad3c948f4d605d)
Start importing Assets/JTS_StoneLanterns/Demo/DemoSceneSettings.lighting using Guid(735c577279ac9bb47bba785b96a57528) Importer(2089858483,b0f066a214c2f5e87bad3c948f4d605d) (ScriptedImporter)LightingSettings: switching bake backend from 2 to 1.
 -> (Import Result ID: '59f6c7b732a1abdbbc453748714ddba2') in 0.0133147 seconds [static and dynamic dependencies]. Details - ImportResultOutputID=a72a2ec7b261102fa5d01e83b57467c1 DependenciesID=01f450b15612f580993865087e88dcdf StaticDependenciesID=c709e0daff35962d1bc82c9c01bcf1a8 
Number of updated asset objects reloaded before import = 0Number of asset objects unloaded after import = 1

========================================================================
Received Import Request.
  Time since last request: 0.000026 seconds.
  path: Assets/JTS_StoneLanterns/Demo/Materials
  importAddress: Guid(b02019cd459f5cf40bf02247aab026e3) Importer(2089858483,b0f066a214c2f5e87bad3c948f4d605d)
Start importing Assets/JTS_StoneLanterns/Demo/Materials using Guid(b02019cd459f5cf40bf02247aab026e3) Importer(2089858483,b0f066a214c2f5e87bad3c948f4d605d) (ScriptedImporter) -> (Import Result ID: '41bb0b2ddc5affb415334703993d07b6') in 0.0024112 seconds [static and dynamic dependencies]. Details - ImportResultOutputID=f0a0cb13d9a20ea8af81939f6cab181d DependenciesID=c41f0d5701b3b321608259e990514b13 StaticDependenciesID=28505d077792f8d234ad82c2a36afd08 
Number of updated asset objects reloaded before import = 0Number of asset objects unloaded after import = 1

========================================================================
Received Import Request.
  Time since last request: 0.000034 seconds.
  path: Assets/JTS_StoneLanterns/Textures/tex_lantern_stone_C3.psd
  importAddress: Guid(95509c9a0cdc6f249bf802e32de3e3a7) Importer(2089858483,b0f066a214c2f5e87bad3c948f4d605d)
Start importing Assets/JTS_StoneLanterns/Textures/tex_lantern_stone_C3.psd using Guid(95509c9a0cdc6f249bf802e32de3e3a7) Importer(2089858483,b0f066a214c2f5e87bad3c948f4d605d) (ScriptedImporter) -> (Import Result ID: '1f7fae44aed91323c0e0088e7844fc48') in 0.009658 seconds [static and dynamic dependencies]. Details - ImportResultOutputID=f448af053be22799e53b0519830e6dec DependenciesID=74185720d73b7e9b075afc7728e7f221 StaticDependenciesID=0109855d4be8cfc08c12d9f0dc2996c9 
Number of updated asset objects reloaded before import = 0Number of asset objects unloaded after import = 1

========================================================================
Received Import Request.
  Time since last request: 0.000024 seconds.
  path: Assets/JTS_StoneLanterns/Textures/tex_lantern_stone_D3.psd
  importAddress: Guid(bd814c1a00a098c478d932421488f520) Importer(2089858483,b0f066a214c2f5e87bad3c948f4d605d)
Start importing Assets/JTS_StoneLanterns/Textures/tex_lantern_stone_D3.psd using Guid(bd814c1a00a098c478d932421488f520) Importer(2089858483,b0f066a214c2f5e87bad3c948f4d605d) (ScriptedImporter) -> (Import Result ID: 'd1840afb5d7ce4c06770681a2e0c6b34') in 0.016337 seconds [static and dynamic dependencies]. Details - ImportResultOutputID=5024b3a6113f945676d88cac887c65d6 DependenciesID=700103e3ab3fdfedd599f629d16829c5 StaticDependenciesID=cdd25c749f1d71e919d4741a82e460aa 
Number of updated asset objects reloaded before import = 0Number of asset objects unloaded after import = 1

========================================================================
Received Import Request.
  Time since last request: 0.000020 seconds.
  path: Assets/JTS_StoneLanterns/Materials/mat_lantern_stone_D2.mat
  importAddress: Guid(7859a0319ab51e34faf1cba1d85d5544) Importer(2089858483,b0f066a214c2f5e87bad3c948f4d605d)
Start importing Assets/JTS_StoneLanterns/Materials/mat_lantern_stone_D2.mat using Guid(7859a0319ab51e34faf1cba1d85d5544) Importer(2089858483,b0f066a214c2f5e87bad3c948f4d605d) (ScriptedImporter) -> (Import Result ID: '5c319c3eabc44ff36d47c983b222aa59') in 0.0495861 seconds [static and dynamic dependencies]. Details - ImportResultOutputID=73c7c05180c54cf64536f9171c5403bb DependenciesID=3f2ca63ff516e31e6b6154cccc548de2 StaticDependenciesID=5865a9f5700a64b68782e51b5d37c3e0 
Number of updated asset objects reloaded before import = 0Number of asset objects unloaded after import = 5

========================================================================
Received Import Request.
  Time since last request: 0.000024 seconds.
  path: Assets/JTS_StoneLanterns/Mesh/Platform_Stone_B1.fbx
  importAddress: Guid(e866f0632e9e1764d8d2f2aefb02adf1) Importer(2089858483,b0f066a214c2f5e87bad3c948f4d605d)
Start importing Assets/JTS_StoneLanterns/Mesh/Platform_Stone_B1.fbx using Guid(e866f0632e9e1764d8d2f2aefb02adf1) Importer(2089858483,b0f066a214c2f5e87bad3c948f4d605d) (ScriptedImporter) -> (Import Result ID: '61261ce997b53c755458fb6363af2983') in 0.0069471 seconds [static and dynamic dependencies]. Details - ImportResultOutputID=b23ac75291dc0ed109ee821ad1f855a7 DependenciesID=8f59d4f2bfdd2d556fe6db4c585ef0ff StaticDependenciesID=7da58f95815ae8f5af69c473d5363686 
Number of updated asset objects reloaded before import = 0Number of asset objects unloaded after import = 7

========================================================================
Received Import Request.
  Time since last request: 0.000022 seconds.
  path: Assets/JTS_StoneLanterns/Prefabs/Lantern_Stone_D1.prefab
  importAddress: Guid(0ff16db581cedc04e93c3356ce3008a0) Importer(2089858483,b0f066a214c2f5e87bad3c948f4d605d)
Start importing Assets/JTS_StoneLanterns/Prefabs/Lantern_Stone_D1.prefab using Guid(0ff16db581cedc04e93c3356ce3008a0) Importer(2089858483,b0f066a214c2f5e87bad3c948f4d605d) (ScriptedImporter) -> (Import Result ID: 'c161b6c89a20ed4252003d601f877da8') in 0.0056578 seconds [static and dynamic dependencies]. Details - ImportResultOutputID=550de30eea415af6d44d0aee11009cca DependenciesID=51ae174912c02e4709b4cf82f5a86b3d StaticDependenciesID=098153a0e7748889e6690f94e22d71ac 
Number of updated asset objects reloaded before import = 0Number of asset objects unloaded after import = 10

========================================================================
Received Import Request.
  Time since last request: 0.000028 seconds.
  path: Assets/JTS_StoneLanterns/Textures/tex_lantern_stone_C2_nrm.psd
  importAddress: Guid(512579175038fb9468ea9bc9762cc944) Importer(2089858483,b0f066a214c2f5e87bad3c948f4d605d)
Start importing Assets/JTS_StoneLanterns/Textures/tex_lantern_stone_C2_nrm.psd using Guid(512579175038fb9468ea9bc9762cc944) Importer(2089858483,b0f066a214c2f5e87bad3c948f4d605d) (ScriptedImporter) -> (Import Result ID: 'bb5e295c6e65d38dbd6ba6700be140dc') in 0.0096372 seconds [static and dynamic dependencies]. Details - ImportResultOutputID=e7c42f87e7980dd45e151289337b21c8 DependenciesID=bd5090e5e16e17aec229b49c9bf6e360 StaticDependenciesID=facf46cca65e4299d7c56ad26d3681f6 
Number of updated asset objects reloaded before import = 0Number of asset objects unloaded after import = 1

========================================================================
Received Import Request.
  Time since last request: 0.000031 seconds.
  path: Assets/JTS_StoneLanterns/Demo/DemoScene.unity
  importAddress: Guid(74ac5822106c10540a9d16a32a65c3b3) Importer(2089858483,b0f066a214c2f5e87bad3c948f4d605d)
Start importing Assets/JTS_StoneLanterns/Demo/DemoScene.unity using Guid(74ac5822106c10540a9d16a32a65c3b3) Importer(2089858483,b0f066a214c2f5e87bad3c948f4d605d) (ScriptedImporter) -> (Import Result ID: '3f07e43aca42b69a55e009b258fcf413') in 0.0071091 seconds [static and dynamic dependencies]. Details - ImportResultOutputID=6bfe187c84f58ab61326226040525c79 DependenciesID=b266e7aff559e12a6a48df2e41082ec6 StaticDependenciesID=e44c1c98b580bd4add93204f0b43b358 
Number of updated asset objects reloaded before import = 0Number of asset objects unloaded after import = 1

========================================================================
Received Import Request.
  Time since last request: 0.000021 seconds.
  path: Assets/JTS_StoneLanterns/Demo/Textures/tex_GreyBox.psd
  importAddress: Guid(5bef5c0bb5a63c940b66fa2833a4ff4d) Importer(2089858483,b0f066a214c2f5e87bad3c948f4d605d)
Start importing Assets/JTS_StoneLanterns/Demo/Textures/tex_GreyBox.psd using Guid(5bef5c0bb5a63c940b66fa2833a4ff4d) Importer(2089858483,b0f066a214c2f5e87bad3c948f4d605d) (ScriptedImporter) -> (Import Result ID: '82e6a72410db0f90b815317a156f9035') in 0.0117153 seconds [static and dynamic dependencies]. Details - ImportResultOutputID=5ef1a47825ea760a52c8579a75dd2e3a DependenciesID=c834d2d9f9900a1ca6c541c26f41d156 StaticDependenciesID=313d2d5b4fba5a1ba45e6263f44596f9 
Number of updated asset objects reloaded before import = 0Number of asset objects unloaded after import = 1

========================================================================
Received Import Request.
  Time since last request: 0.000020 seconds.
  path: Assets/JTS_StoneLanterns/Materials/mat_lantern_stone_C2.mat
  importAddress: Guid(77de68c823426b54f9f620d66d6b1855) Importer(2089858483,b0f066a214c2f5e87bad3c948f4d605d)
Start importing Assets/JTS_StoneLanterns/Materials/mat_lantern_stone_C2.mat using Guid(77de68c823426b54f9f620d66d6b1855) Importer(2089858483,b0f066a214c2f5e87bad3c948f4d605d) (ScriptedImporter) -> (Import Result ID: '668425fb334d3fd2de72595d0ec04e03') in 0.0244376 seconds [static and dynamic dependencies]. Details - ImportResultOutputID=d1bba4b93f896ea012673f40e018fb6e DependenciesID=7e856a20a0d0224697d2f102df33f77f StaticDependenciesID=28803299809cef36418993874ec210d4 
Number of updated asset objects reloaded before import = 0Number of asset objects unloaded after import = 5

========================================================================
Received Import Request.
  Time since last request: 0.000021 seconds.
  path: Assets/JTS_StoneLanterns/Textures/tex_lantern_stone_D2_nrm.psd
  importAddress: Guid(2572f96cdbc3b6647af987511fb3557d) Importer(2089858483,b0f066a214c2f5e87bad3c948f4d605d)
Start importing Assets/JTS_StoneLanterns/Textures/tex_lantern_stone_D2_nrm.psd using Guid(2572f96cdbc3b6647af987511fb3557d) Importer(2089858483,b0f066a214c2f5e87bad3c948f4d605d) (ScriptedImporter) -> (Import Result ID: 'b263662125bc39e055f0909171650a5f') in 0.0081531 seconds [static and dynamic dependencies]. Details - ImportResultOutputID=17294ca0973293c7b523c6c1d684f68b DependenciesID=8ad209cb45d3c1124880328850ae3b2a StaticDependenciesID=d00e7b60e291948ab00fa52a49715341 
Number of updated asset objects reloaded before import = 0Number of asset objects unloaded after import = 1

========================================================================
Received Import Request.
  Time since last request: 0.000020 seconds.
  path: Assets/JTS_StoneLanterns/Prefabs/Lantern_Stone_C1.prefab
  importAddress: Guid(ed1541bb1376f8441bab099090a5babc) Importer(2089858483,b0f066a214c2f5e87bad3c948f4d605d)
Start importing Assets/JTS_StoneLanterns/Prefabs/Lantern_Stone_C1.prefab using Guid(ed1541bb1376f8441bab099090a5babc) Importer(2089858483,b0f066a214c2f5e87bad3c948f4d605d) (ScriptedImporter) -> (Import Result ID: '5a8eaf8c09a023fc6722de1cae267086') in 0.0070095 seconds [static and dynamic dependencies]. Details - ImportResultOutputID=59a0de6feb679689f51a3f0914726f1d DependenciesID=2001a4ed1008ba13905e75efd74784e9 StaticDependenciesID=16e524f38bfcd28b1892e0cc43a2bbd4 
Number of updated asset objects reloaded before import = 0Number of asset objects unloaded after import = 10

========================================================================
Received Import Request.
  Time since last request: 0.000021 seconds.
  path: Assets/JTS_StoneLanterns/Demo/Terrain/New Terrain.asset
  importAddress: Guid(5834b895401eb0c419b4e8cd2b92b7d1) Importer(2089858483,b0f066a214c2f5e87bad3c948f4d605d)
Start importing Assets/JTS_StoneLanterns/Demo/Terrain/New Terrain.asset using Guid(5834b895401eb0c419b4e8cd2b92b7d1) Importer(2089858483,b0f066a214c2f5e87bad3c948f4d605d) (ScriptedImporter) -> (Import Result ID: '17f256dfbf4d5c7aa169b521856b8d33') in 0.0586921 seconds [static and dynamic dependencies]. Details - ImportResultOutputID=71884b82997b5b8a04156c02b7278032 DependenciesID=3d3017f1075dc30ef80eef86b4ae83c0 StaticDependenciesID=3f567e00b520ca6a53dec6a30812512b 
Number of updated asset objects reloaded before import = 0Number of asset objects unloaded after import = 4

========================================================================
Received Import Request.
  Time since last request: 0.000023 seconds.
  path: Assets/JTS_StoneLanterns/Textures/tex_lantern_stone_A3.psd
  importAddress: Guid(9ddcd9502b104b94da6da96b4a31af21) Importer(2089858483,b0f066a214c2f5e87bad3c948f4d605d)
Start importing Assets/JTS_StoneLanterns/Textures/tex_lantern_stone_A3.psd using Guid(9ddcd9502b104b94da6da96b4a31af21) Importer(2089858483,b0f066a214c2f5e87bad3c948f4d605d) (ScriptedImporter) -> (Import Result ID: 'f74663a958f7420e9e2190de6c5775d8') in 0.0115858 seconds [static and dynamic dependencies]. Details - ImportResultOutputID=826bf6e65d7d7812f1a7aa0d31bd2ecb DependenciesID=ced80d2206b072fd0eab2cf1993682ed StaticDependenciesID=afd38dba19a719cd931e70c9f1ea104f 
Number of updated asset objects reloaded before import = 0Number of asset objects unloaded after import = 1

========================================================================
Received Import Request.
  Time since last request: 0.000036 seconds.
  path: Assets/JTS_StoneLanterns/Mesh/Lantern_Stone_D3.fbx
  importAddress: Guid(0d944671542ca464da10957a3fd052ca) Importer(2089858483,b0f066a214c2f5e87bad3c948f4d605d)
Start importing Assets/JTS_StoneLanterns/Mesh/Lantern_Stone_D3.fbx using Guid(0d944671542ca464da10957a3fd052ca) Importer(2089858483,b0f066a214c2f5e87bad3c948f4d605d) (ScriptedImporter) -> (Import Result ID: '330b9103af89a8c168025d2f683adf5c') in 0.0081208 seconds [static and dynamic dependencies]. Details - ImportResultOutputID=23421b6f2316ef99916b82b761306184 DependenciesID=67494e3de0655609673da5a3272aa59f StaticDependenciesID=c16bf48c8bf1b15472013326e63b6296 
Number of updated asset objects reloaded before import = 0Number of asset objects unloaded after import = 7

========================================================================
Received Import Request.
  Time since last request: 0.000018 seconds.
  path: Assets/JTS_StoneLanterns/Textures/tex_lantern_stone_A1_nrm.psd
  importAddress: Guid(462b091aca98b5e4caa370d5527ebad3) Importer(2089858483,b0f066a214c2f5e87bad3c948f4d605d)
Start importing Assets/JTS_StoneLanterns/Textures/tex_lantern_stone_A1_nrm.psd using Guid(462b091aca98b5e4caa370d5527ebad3) Importer(2089858483,b0f066a214c2f5e87bad3c948f4d605d) (ScriptedImporter) -> (Import Result ID: 'feb7a8fcaa80969c56d79956cc9eb8f4') in 0.0209363 seconds [static and dynamic dependencies]. Details - ImportResultOutputID=8ffc10c219fc8b85bece43d98ea0a27f DependenciesID=6d9fd500b653f338a834a335cc5d5c48 StaticDependenciesID=81cdcfdfe827038c2e686c7c8208d309 
Number of updated asset objects reloaded before import = 0Number of asset objects unloaded after import = 1

========================================================================
Received Import Request.
  Time since last request: 0.000020 seconds.
  path: Assets/JTS_StoneLanterns/Mesh
  importAddress: Guid(4265d6cc2ab7e294f99e2e47b9084eed) Importer(2089858483,b0f066a214c2f5e87bad3c948f4d605d)
Start importing Assets/JTS_StoneLanterns/Mesh using Guid(4265d6cc2ab7e294f99e2e47b9084eed) Importer(2089858483,b0f066a214c2f5e87bad3c948f4d605d) (ScriptedImporter) -> (Import Result ID: '4010248149856acf0b3fd3cf650295b9') in 0.0035595 seconds [static and dynamic dependencies]. Details - ImportResultOutputID=0b7822cd8bbddf3f5e2fb1a5b7532437 DependenciesID=c197fa4c108686cc19d8b864fd07afd5 StaticDependenciesID=d1fc99556efb3f8f892626280e8c96fa 
Number of updated asset objects reloaded before import = 0Number of asset objects unloaded after import = 1

========================================================================
Received Import Request.
  Time since last request: 0.000019 seconds.
  path: Assets/JTS_StoneLanterns/Textures/tex_stone_block_A_nrm.psd
  importAddress: Guid(8e91584fd8ea99b4993b13110b235f99) Importer(2089858483,b0f066a214c2f5e87bad3c948f4d605d)
Start importing Assets/JTS_StoneLanterns/Textures/tex_stone_block_A_nrm.psd using Guid(8e91584fd8ea99b4993b13110b235f99) Importer(2089858483,b0f066a214c2f5e87bad3c948f4d605d) (ScriptedImporter) -> (Import Result ID: '793f6e85ad522d1c1261c1d6b1831bbb') in 0.007721 seconds [static and dynamic dependencies]. Details - ImportResultOutputID=c5b8ac71e558dc1c99b54497ca1702d2 DependenciesID=c9348c968c06d5517e4c3492c547962b StaticDependenciesID=72b9f3dcbdcba6fe726cc2dd0200a86e 
Number of updated asset objects reloaded before import = 0Number of asset objects unloaded after import = 1

========================================================================
Received Import Request.
  Time since last request: 0.000024 seconds.
  path: Assets/JTS_StoneLanterns/Materials/mat_lantern_stone_A2.mat
  importAddress: Guid(dd81e3d95a2949341ab50c46d05a3e3c) Importer(2089858483,b0f066a214c2f5e87bad3c948f4d605d)
Start importing Assets/JTS_StoneLanterns/Materials/mat_lantern_stone_A2.mat using Guid(dd81e3d95a2949341ab50c46d05a3e3c) Importer(2089858483,b0f066a214c2f5e87bad3c948f4d605d) (ScriptedImporter) -> (Import Result ID: 'a804ff2da655ca53cadbc231b394d5cf') in 0.0182648 seconds [static and dynamic dependencies]. Details - ImportResultOutputID=99251dc4131b76c33b683fb84e07fe68 DependenciesID=d539d6de078975038bf71c0d69a41cfa StaticDependenciesID=4010d18e51e11266e6029ee72e81ac18 
Number of updated asset objects reloaded before import = 0Number of asset objects unloaded after import = 5

========================================================================
Received Import Request.
  Time since last request: 0.000023 seconds.
  path: Assets/JTS_StoneLanterns/Materials/mat_lantern_stone_C3.mat
  importAddress: Guid(caa7558fd4d30034ca7bd6d21792f6ee) Importer(2089858483,b0f066a214c2f5e87bad3c948f4d605d)
Start importing Assets/JTS_StoneLanterns/Materials/mat_lantern_stone_C3.mat using Guid(caa7558fd4d30034ca7bd6d21792f6ee) Importer(2089858483,b0f066a214c2f5e87bad3c948f4d605d) (ScriptedImporter) -> (Import Result ID: '8a6be30181d26daade03c85bf7cda15d') in 0.0174692 seconds [static and dynamic dependencies]. Details - ImportResultOutputID=63b836084c75e9783747ff75dd0bef10 DependenciesID=ec312302413317a529417ed2f8d92be1 StaticDependenciesID=3fd93272cb71894630075dcafcf213fb 
Number of updated asset objects reloaded before import = 0Number of asset objects unloaded after import = 5

========================================================================
Received Import Request.
  Time since last request: 0.000025 seconds.
  path: Assets/JTS_StoneLanterns/Textures/tex_lantern_stone_A2.psd
  importAddress: Guid(e147783cb6426454eb947b0bedc8b1e9) Importer(2089858483,b0f066a214c2f5e87bad3c948f4d605d)
Start importing Assets/JTS_StoneLanterns/Textures/tex_lantern_stone_A2.psd using Guid(e147783cb6426454eb947b0bedc8b1e9) Importer(2089858483,b0f066a214c2f5e87bad3c948f4d605d) (ScriptedImporter) -> (Import Result ID: '2947820054a371370b47d5b14691c5c6') in 0.0074367 seconds [static and dynamic dependencies]. Details - ImportResultOutputID=946a77ce7a37462074c79f3a28f990e3 DependenciesID=6a345c351a9af0448c7d9da89d13e73e StaticDependenciesID=b96331f98da4a8fdd050c53869e234f1 
Number of updated asset objects reloaded before import = 0Number of asset objects unloaded after import = 1

========================================================================
Received Import Request.
  Time since last request: 0.000035 seconds.
  path: Assets/JTS_StoneLanterns/Textures/tex_lantern_stone_D2_hgt.psd
  importAddress: Guid(123ce825ba426eb44bab75f8f65d8d53) Importer(2089858483,b0f066a214c2f5e87bad3c948f4d605d)
Start importing Assets/JTS_StoneLanterns/Textures/tex_lantern_stone_D2_hgt.psd using Guid(123ce825ba426eb44bab75f8f65d8d53) Importer(2089858483,b0f066a214c2f5e87bad3c948f4d605d) (ScriptedImporter) -> (Import Result ID: 'e2a8c375eb4c2ca0844d12354e587aac') in 0.0229037 seconds [static and dynamic dependencies]. Details - ImportResultOutputID=e3d9e44bed0850ab2bc0187e7d16ab22 DependenciesID=06cc83e2993ae5178e764a1a1683f181 StaticDependenciesID=82b8328ea2ea421329fd30beb953deec 
Number of updated asset objects reloaded before import = 0Number of asset objects unloaded after import = 1

========================================================================
Received Import Request.
  Time since last request: 0.000019 seconds.
  path: Assets/JTS_StoneLanterns/Materials/mat_lantern_stone_A3.mat
  importAddress: Guid(3330069607093ff41962fbf3d5155afb) Importer(2089858483,b0f066a214c2f5e87bad3c948f4d605d)
Start importing Assets/JTS_StoneLanterns/Materials/mat_lantern_stone_A3.mat using Guid(3330069607093ff41962fbf3d5155afb) Importer(2089858483,b0f066a214c2f5e87bad3c948f4d605d) (ScriptedImporter) -> (Import Result ID: 'b7bbe876ae5b198c393cf3d42340aca9') in 0.0295506 seconds [static and dynamic dependencies]. Details - ImportResultOutputID=5e9e7153d045d73ae1f832ad6577f2f0 DependenciesID=3a71fa4f0f1690141965926a74035e3f StaticDependenciesID=fd4e74e2a5e77298985c4ac04cf47e1c 
Number of updated asset objects reloaded before import = 0Number of asset objects unloaded after import = 5

========================================================================
Received Import Request.
  Time since last request: 0.000021 seconds.
  path: Assets/JTS_StoneLanterns/Textures/tex_lantern_stone_A1_msk.psd
  importAddress: Guid(6386b6bd60308654c87f65f03b7e896d) Importer(2089858483,b0f066a214c2f5e87bad3c948f4d605d)
Start importing Assets/JTS_StoneLanterns/Textures/tex_lantern_stone_A1_msk.psd using Guid(6386b6bd60308654c87f65f03b7e896d) Importer(2089858483,b0f066a214c2f5e87bad3c948f4d605d) (ScriptedImporter) -> (Import Result ID: '5f70d08124ccee7b9c84c4a03eae8ab4') in 0.007658 seconds [static and dynamic dependencies]. Details - ImportResultOutputID=435d268bc280be0d24580868db678581 DependenciesID=d9c1fdcae18e672123001e5d4d8abebe StaticDependenciesID=4c1514910f2c0572b04be8ee4a01d9bd 
Number of updated asset objects reloaded before import = 0Number of asset objects unloaded after import = 1

========================================================================
Received Import Request.
  Time since last request: 0.000020 seconds.
  path: Assets/_TerrainAutoUpgrade
  importAddress: Guid(1171a2572d8a9754383e85b49dfd03cb) Importer(2089858483,b0f066a214c2f5e87bad3c948f4d605d)
Start importing Assets/_TerrainAutoUpgrade using Guid(1171a2572d8a9754383e85b49dfd03cb) Importer(2089858483,b0f066a214c2f5e87bad3c948f4d605d) (ScriptedImporter) -> (Import Result ID: 'f05b9fa461408a413975c195b09c0f97') in 0.0138365 seconds [static and dynamic dependencies]. Details - ImportResultOutputID=19b6c699914632039977b3f5d67fbdf0 DependenciesID=b49986c398d1ba7c0e0ea9454226a853 StaticDependenciesID=783080dc034dea052ee91bb8e81e5bd6 
Number of updated asset objects reloaded before import = 0Number of asset objects unloaded after import = 1

========================================================================
Received Import Request.
  Time since last request: 0.000020 seconds.
  path: Assets/JTS_StoneLanterns/Prefabs/Platform_Stone_C2.prefab
  importAddress: Guid(ad228647e8ed3ac4f8974ed220735ab5) Importer(2089858483,b0f066a214c2f5e87bad3c948f4d605d)
Start importing Assets/JTS_StoneLanterns/Prefabs/Platform_Stone_C2.prefab using Guid(ad228647e8ed3ac4f8974ed220735ab5) Importer(2089858483,b0f066a214c2f5e87bad3c948f4d605d) (ScriptedImporter) -> (Import Result ID: '9d6cd5d3c21d78cc1132ed6fcaf116a8') in 0.0058096 seconds [static and dynamic dependencies]. Details - ImportResultOutputID=ba5123109967e8b8d85c0ce7c9af639f DependenciesID=c2f808433e8c7e802bffe4c0faa49b3b StaticDependenciesID=5573b74b97f716d30f638abc8cf98e55 
Number of updated asset objects reloaded before import = 0Number of asset objects unloaded after import = 10

========================================================================
Received Import Request.
  Time since last request: 0.000027 seconds.
  path: Assets/JTS_StoneLanterns/Textures/tex_lantern_stone_B3_nrm.psd
  importAddress: Guid(ee6871d1325b4314183a439f5dc42237) Importer(2089858483,b0f066a214c2f5e87bad3c948f4d605d)
Start importing Assets/JTS_StoneLanterns/Textures/tex_lantern_stone_B3_nrm.psd using Guid(ee6871d1325b4314183a439f5dc42237) Importer(2089858483,b0f066a214c2f5e87bad3c948f4d605d) (ScriptedImporter) -> (Import Result ID: 'bb325568919372b9564dc519be5ec5a0') in 0.0079168 seconds [static and dynamic dependencies]. Details - ImportResultOutputID=4ea6f2575e07b89811e69434dcfc7b18 DependenciesID=eac9a6636a35b4826d49dd9a6ae190d0 StaticDependenciesID=8c328f235f474cfa994438031c924f01 
Number of updated asset objects reloaded before import = 0Number of asset objects unloaded after import = 1

========================================================================
Received Import Request.
  Time since last request: 0.000029 seconds.
  path: Assets/JTS_StoneLanterns/Textures/tex_lantern_stone_B2_nrm.psd
  importAddress: Guid(4e88f92ac74ce974d86668f666ad8ab8) Importer(2089858483,b0f066a214c2f5e87bad3c948f4d605d)
Start importing Assets/JTS_StoneLanterns/Textures/tex_lantern_stone_B2_nrm.psd using Guid(4e88f92ac74ce974d86668f666ad8ab8) Importer(2089858483,b0f066a214c2f5e87bad3c948f4d605d) (ScriptedImporter) -> (Import Result ID: '483fc5d3f2b2450f143d6782775d6e6c') in 0.0092301 seconds [static and dynamic dependencies]. Details - ImportResultOutputID=656094940d5b13e5153b9a5847f42ae4 DependenciesID=9fcba11d2dc1f814e67f8baf0882c36f StaticDependenciesID=1496d1229b2f77d96d2dd429894ed95b 
Number of updated asset objects reloaded before import = 0Number of asset objects unloaded after import = 1

========================================================================
Received Import Request.
  Time since last request: 0.000023 seconds.
  path: Assets/JTS_StoneLanterns/Demo/Terrain
  importAddress: Guid(92003269ef3664541b46768e463d3af8) Importer(2089858483,b0f066a214c2f5e87bad3c948f4d605d)
Start importing Assets/JTS_StoneLanterns/Demo/Terrain using Guid(92003269ef3664541b46768e463d3af8) Importer(2089858483,b0f066a214c2f5e87bad3c948f4d605d) (ScriptedImporter) -> (Import Result ID: '8746dad3e76d1ae0a30015776c342423') in 0.0154902 seconds [static and dynamic dependencies]. Details - ImportResultOutputID=eb4d69fa8de413b910121ae968bca32e DependenciesID=14ca73a879d548d896ee2689342c6023 StaticDependenciesID=1a64e4b98f75ac82bc427a02a8e98f45 
Number of updated asset objects reloaded before import = 0Number of asset objects unloaded after import = 1

========================================================================
Received Import Request.
  Time since last request: 0.000020 seconds.
  path: Assets/JTS_StoneLanterns/Prefabs/Platform_Stone_B3.prefab
  importAddress: Guid(07b1abd6080eddf44b818cf8fa4471b9) Importer(2089858483,b0f066a214c2f5e87bad3c948f4d605d)
Start importing Assets/JTS_StoneLanterns/Prefabs/Platform_Stone_B3.prefab using Guid(07b1abd6080eddf44b818cf8fa4471b9) Importer(2089858483,b0f066a214c2f5e87bad3c948f4d605d) (ScriptedImporter) -> (Import Result ID: '32376b93d3e355e64e08cf70e2e9bcfb') in 0.005651 seconds [static and dynamic dependencies]. Details - ImportResultOutputID=7d0dc27134699cf2a486b35edfc5849b DependenciesID=89e57fe8f34186ac6ef94cedad2bbea0 StaticDependenciesID=ebde00d1dddeb8909c8bc6a265f40f25 
Number of updated asset objects reloaded before import = 0Number of asset objects unloaded after import = 10

========================================================================
Received Import Request.
  Time since last request: 0.000020 seconds.
  path: Assets/JTS_StoneLanterns/Prefabs
  importAddress: Guid(9c761eeee67782f4eb3b0e0b0c1d4b1d) Importer(2089858483,b0f066a214c2f5e87bad3c948f4d605d)
Start importing Assets/JTS_StoneLanterns/Prefabs using Guid(9c761eeee67782f4eb3b0e0b0c1d4b1d) Importer(2089858483,b0f066a214c2f5e87bad3c948f4d605d) (ScriptedImporter) -> (Import Result ID: '5f4ece83c1bcdf7a2b2c06a04e279635') in 0.0096683 seconds [static and dynamic dependencies]. Details - ImportResultOutputID=b27b648166964e61c46235d1b4485584 DependenciesID=efd7a14d13e7d3227df93ba84b0b7cee StaticDependenciesID=33c25244d18c87f1bf6c45547b1ea73b 
Number of updated asset objects reloaded before import = 0Number of asset objects unloaded after import = 1

========================================================================
Received Import Request.
  Time since last request: 0.000027 seconds.
  path: Assets/JTS_StoneLanterns/Textures/tex_lantern_stone_B1_hgt.psd
  importAddress: Guid(42601a144f46b724db2757bce689e23b) Importer(2089858483,b0f066a214c2f5e87bad3c948f4d605d)
Start importing Assets/JTS_StoneLanterns/Textures/tex_lantern_stone_B1_hgt.psd using Guid(42601a144f46b724db2757bce689e23b) Importer(2089858483,b0f066a214c2f5e87bad3c948f4d605d) (ScriptedImporter) -> (Import Result ID: '3c0255fc02e7f38b8e448ab27e1e6993') in 0.0066669 seconds [static and dynamic dependencies]. Details - ImportResultOutputID=bb29c20cab2f8b290d471ecbb4134715 DependenciesID=23c022826aa965b512c80565d26614dc StaticDependenciesID=c73774e9d9d8888e3831886695e3a347 
Number of updated asset objects reloaded before import = 0Number of asset objects unloaded after import = 1

========================================================================
Received Import Request.
  Time since last request: 0.000021 seconds.
  path: Assets/JTS_StoneLanterns/Textures/tex_lantern_stone_A1.psd
  importAddress: Guid(1c801919b51d6254a84dc9b3d8e07895) Importer(2089858483,b0f066a214c2f5e87bad3c948f4d605d)
Start importing Assets/JTS_StoneLanterns/Textures/tex_lantern_stone_A1.psd using Guid(1c801919b51d6254a84dc9b3d8e07895) Importer(2089858483,b0f066a214c2f5e87bad3c948f4d605d) (ScriptedImporter) -> (Import Result ID: 'fdbfbb7fbbb98d9307dc9f807569b3ba') in 0.0090381 seconds [static and dynamic dependencies]. Details - ImportResultOutputID=41af34d89ee1e8cdbc8ee2375e6c64cf DependenciesID=3df02133016a5d8fd837b40fbebc71ac StaticDependenciesID=ef761ba7e1fbf36416fbeb0b4edc3fed 
Number of updated asset objects reloaded before import = 0Number of asset objects unloaded after import = 1

========================================================================
Received Import Request.
  Time since last request: 0.000030 seconds.
  path: Assets/JTS_StoneLanterns/Textures/tex_lantern_stone_D3_msk.psd
  importAddress: Guid(2056d6528b07d9b4287986eca527ba57) Importer(2089858483,b0f066a214c2f5e87bad3c948f4d605d)
Start importing Assets/JTS_StoneLanterns/Textures/tex_lantern_stone_D3_msk.psd using Guid(2056d6528b07d9b4287986eca527ba57) Importer(2089858483,b0f066a214c2f5e87bad3c948f4d605d) (ScriptedImporter) -> (Import Result ID: '9461ab64d1d8e963152dcf74171a60fb') in 0.0093047 seconds [static and dynamic dependencies]. Details - ImportResultOutputID=c2f5bae547146b2098d64c233aee093d DependenciesID=7d0b9bcf0416fbaea7f05f510de92f03 StaticDependenciesID=ccab1723d32d97f505ea56a4f92affa0 
Number of updated asset objects reloaded before import = 0Number of asset objects unloaded after import = 1

========================================================================
Received Import Request.
  Time since last request: 0.000024 seconds.
  path: Assets/JTS_StoneLanterns/Mesh/Lantern_Stone_D2.fbx
  importAddress: Guid(3f046ebfa049bc043ae71885f8208518) Importer(2089858483,b0f066a214c2f5e87bad3c948f4d605d)
Start importing Assets/JTS_StoneLanterns/Mesh/Lantern_Stone_D2.fbx using Guid(3f046ebfa049bc043ae71885f8208518) Importer(2089858483,b0f066a214c2f5e87bad3c948f4d605d) (ScriptedImporter) -> (Import Result ID: '3f982855b9ec8b53a26456cc21ed4061') in 0.0063016 seconds [static and dynamic dependencies]. Details - ImportResultOutputID=dcc53b1cc57f835cfe84ae48133c2bd2 DependenciesID=9ad2262ecb39ac3fca027404f782291e StaticDependenciesID=66e6bd1cc1efb5eb0e003233a121a636 
Number of updated asset objects reloaded before import = 0Number of asset objects unloaded after import = 7

========================================================================
Received Import Request.
  Time since last request: 0.000019 seconds.
  path: Assets/JTS_StoneLanterns/Demo
  importAddress: Guid(35ae7967295f9704cbdcadad6d52ed0d) Importer(2089858483,b0f066a214c2f5e87bad3c948f4d605d)
Start importing Assets/JTS_StoneLanterns/Demo using Guid(35ae7967295f9704cbdcadad6d52ed0d) Importer(2089858483,b0f066a214c2f5e87bad3c948f4d605d) (ScriptedImporter) -> (Import Result ID: 'ef2bda1be5c855ad5b7688fda5e7dfc9') in 0.0024893 seconds [static and dynamic dependencies]. Details - ImportResultOutputID=aa80cd6a9960e2e73a04e82f3e9fad41 DependenciesID=b24358cf2a31c2b32cb9814298c83a3b StaticDependenciesID=30c59e401f5b87ebdf7cb50b334d4f0b 
Number of updated asset objects reloaded before import = 0Number of asset objects unloaded after import = 1

========================================================================
Received Import Request.
  Time since last request: 0.000024 seconds.
  path: Assets/JTS_StoneLanterns/Textures/tex_stone_block_A_hgt.psd
  importAddress: Guid(d078be18d20230e4aac168b6dcc351a5) Importer(2089858483,b0f066a214c2f5e87bad3c948f4d605d)
Start importing Assets/JTS_StoneLanterns/Textures/tex_stone_block_A_hgt.psd using Guid(d078be18d20230e4aac168b6dcc351a5) Importer(2089858483,b0f066a214c2f5e87bad3c948f4d605d) (ScriptedImporter) -> (Import Result ID: '5f40fa94bd3a63e6370d12664217fa49') in 0.0068618 seconds [static and dynamic dependencies]. Details - ImportResultOutputID=e1f4f8a6d2cb63b0ae9150a266071b62 DependenciesID=3b2c6c4d8efdd2e538884849216e243b StaticDependenciesID=4d0f5c9b5b7cef1756d702a455ffa005 
Number of updated asset objects reloaded before import = 0Number of asset objects unloaded after import = 1

========================================================================
Received Import Request.
  Time since last request: 0.000020 seconds.
  path: Assets/JTS_StoneLanterns/Prefabs/Lantern_Stone_B2.prefab
  importAddress: Guid(851422d37c5757d44a17d9feb3b6d622) Importer(2089858483,b0f066a214c2f5e87bad3c948f4d605d)
Start importing Assets/JTS_StoneLanterns/Prefabs/Lantern_Stone_B2.prefab using Guid(851422d37c5757d44a17d9feb3b6d622) Importer(2089858483,b0f066a214c2f5e87bad3c948f4d605d) (ScriptedImporter) -> (Import Result ID: '48ff55512ef675d051a2d9ba09e49572') in 0.0066842 seconds [static and dynamic dependencies]. Details - ImportResultOutputID=fc37728d602fb83c94904a6ca3883a20 DependenciesID=82d78234b25c0faeba709bdc80f50df3 StaticDependenciesID=8c4d8a740d55e595ff670ef5be40c3d1 
Number of updated asset objects reloaded before import = 0Number of asset objects unloaded after import = 10

========================================================================
Received Import Request.
  Time since last request: 0.000032 seconds.
  path: Assets/JTS_StoneLanterns/Textures/tex_lantern_stone_C1_msk.psd
  importAddress: Guid(d391a1a9379b8d34aadccd298012dac7) Importer(2089858483,b0f066a214c2f5e87bad3c948f4d605d)
Start importing Assets/JTS_StoneLanterns/Textures/tex_lantern_stone_C1_msk.psd using Guid(d391a1a9379b8d34aadccd298012dac7) Importer(2089858483,b0f066a214c2f5e87bad3c948f4d605d) (ScriptedImporter) -> (Import Result ID: 'ed2301eb651189f6d7b0829b6de0e2a3') in 0.0085598 seconds [static and dynamic dependencies]. Details - ImportResultOutputID=c645a6695c9bc25f82e693685ee44099 DependenciesID=ae5f8f3003394cfa4b447dec2b940348 StaticDependenciesID=878b978b4b9a03a87261b50fcc3ea605 
Number of updated asset objects reloaded before import = 0Number of asset objects unloaded after import = 1

========================================================================
Received Import Request.
  Time since last request: 0.000029 seconds.
  path: Assets/JTS_StoneLanterns/Mesh/Lantern_Stone_C2.fbx
  importAddress: Guid(e5b63f1884542af43bdad42bc75280aa) Importer(2089858483,b0f066a214c2f5e87bad3c948f4d605d)
Start importing Assets/JTS_StoneLanterns/Mesh/Lantern_Stone_C2.fbx using Guid(e5b63f1884542af43bdad42bc75280aa) Importer(2089858483,b0f066a214c2f5e87bad3c948f4d605d) (ScriptedImporter) -> (Import Result ID: '860fa0e7f1d181d206d257d7ebeea657') in 0.0071464 seconds [static and dynamic dependencies]. Details - ImportResultOutputID=4a4fdde54682c88710921795f8cc0b5a DependenciesID=a2457be72872963476274b1f391f102e StaticDependenciesID=8ef027450d34faab9ed9b22c6d016087 
Number of updated asset objects reloaded before import = 0Number of asset objects unloaded after import = 7

========================================================================
Received Import Request.
  Time since last request: 0.000027 seconds.
  path: Assets/JTS_StoneLanterns/Textures/tex_lantern_stone_B3_msk.psd
  importAddress: Guid(d8aeda812282b264f91f5d88e6d177cb) Importer(2089858483,b0f066a214c2f5e87bad3c948f4d605d)
Start importing Assets/JTS_StoneLanterns/Textures/tex_lantern_stone_B3_msk.psd using Guid(d8aeda812282b264f91f5d88e6d177cb) Importer(2089858483,b0f066a214c2f5e87bad3c948f4d605d) (ScriptedImporter) -> (Import Result ID: '59a34c0ff3cc363243742d791e673d70') in 0.0086186 seconds [static and dynamic dependencies]. Details - ImportResultOutputID=04aab0b15e73981df797918700d16955 DependenciesID=30ab9273f1dd04c0f28ef06b79f05c51 StaticDependenciesID=0a4bebfd0b351aad614a7296520b7afa 
Number of updated asset objects reloaded before import = 0Number of asset objects unloaded after import = 1

========================================================================
Received Import Request.
  Time since last request: 0.000023 seconds.
  path: Assets/JTS_StoneLanterns/Textures/tex_lantern_stone_D3_nrm.psd
  importAddress: Guid(db53e28c29244044aa75a89bf8dc33b8) Importer(2089858483,b0f066a214c2f5e87bad3c948f4d605d)
Start importing Assets/JTS_StoneLanterns/Textures/tex_lantern_stone_D3_nrm.psd using Guid(db53e28c29244044aa75a89bf8dc33b8) Importer(2089858483,b0f066a214c2f5e87bad3c948f4d605d) (ScriptedImporter) -> (Import Result ID: '09d436d3a8a73019348a0d8aa3c4e961') in 0.0097297 seconds [static and dynamic dependencies]. Details - ImportResultOutputID=074f81185ffeec3440780f2ead6d4eaa DependenciesID=f9b6f04653452696088ddb706afdb831 StaticDependenciesID=89989476349c4271fb563445491049c1 
Number of updated asset objects reloaded before import = 0Number of asset objects unloaded after import = 1

========================================================================
Received Import Request.
  Time since last request: 0.000025 seconds.
  path: Assets/JTS_StoneLanterns
  importAddress: Guid(6e5cd584efef15c468e156f07483ace6) Importer(2089858483,b0f066a214c2f5e87bad3c948f4d605d)
Start importing Assets/JTS_StoneLanterns using Guid(6e5cd584efef15c468e156f07483ace6) Importer(2089858483,b0f066a214c2f5e87bad3c948f4d605d) (ScriptedImporter) -> (Import Result ID: '72520e895c0968f7186152d648b1a2b8') in 0.0111748 seconds [static and dynamic dependencies]. Details - ImportResultOutputID=4027a581dbcf7cbf7e5484e0bb98913c DependenciesID=361b4ad70d8e219a7f6facfa117a3b75 StaticDependenciesID=211679c2a0a6180bfd55ef4fe6dfb20d 
Number of updated asset objects reloaded before import = 0Number of asset objects unloaded after import = 1

========================================================================
Received Import Request.
  Time since last request: 0.000020 seconds.
  path: Assets/JTS_StoneLanterns/Textures/tex_lantern_stone_C1_hgt.psd
  importAddress: Guid(468f118e04c44034ab8d31c8f5b75380) Importer(2089858483,b0f066a214c2f5e87bad3c948f4d605d)
Start importing Assets/JTS_StoneLanterns/Textures/tex_lantern_stone_C1_hgt.psd using Guid(468f118e04c44034ab8d31c8f5b75380) Importer(2089858483,b0f066a214c2f5e87bad3c948f4d605d) (ScriptedImporter) -> (Import Result ID: '14dde435f4eeac2cd0d8e6f13a86d1e9') in 0.0220146 seconds [static and dynamic dependencies]. Details - ImportResultOutputID=9685a21e266fa0116dc6bc7eb02803e1 DependenciesID=1bba0fc98041bfda76b93265eedf34d2 StaticDependenciesID=8a31011bdbe776796949af28dcd65c2b 
Number of updated asset objects reloaded before import = 0Number of asset objects unloaded after import = 1

========================================================================
Received Import Request.
  Time since last request: 0.000029 seconds.
  path: Assets/JTS_StoneLanterns/Materials/mat_lantern_stone_D3.mat
  importAddress: Guid(7797fb21f30bcd843a985ac816fb6703) Importer(2089858483,b0f066a214c2f5e87bad3c948f4d605d)
Start importing Assets/JTS_StoneLanterns/Materials/mat_lantern_stone_D3.mat using Guid(7797fb21f30bcd843a985ac816fb6703) Importer(2089858483,b0f066a214c2f5e87bad3c948f4d605d) (ScriptedImporter) -> (Import Result ID: '1a9eae99f8387b50119f40c3ae13785a') in 0.0193573 seconds [static and dynamic dependencies]. Details - ImportResultOutputID=6c70cd62e326d6e3e2dc2d13873e706d DependenciesID=c3de540ae4cbc209b441bb61f653a94c StaticDependenciesID=45345aebbabfd680e76348430b9f1f17 
Number of updated asset objects reloaded before import = 0Number of asset objects unloaded after import = 5

========================================================================
Received Import Request.
  Time since last request: 0.000037 seconds.
  path: Assets/JTS_StoneLanterns/Textures/tex_lantern_stone_C2_hgt.psd
  importAddress: Guid(770992d9a82a63245838cda2707cee73) Importer(2089858483,b0f066a214c2f5e87bad3c948f4d605d)
Start importing Assets/JTS_StoneLanterns/Textures/tex_lantern_stone_C2_hgt.psd using Guid(770992d9a82a63245838cda2707cee73) Importer(2089858483,b0f066a214c2f5e87bad3c948f4d605d) (ScriptedImporter) -> (Import Result ID: '075187efe487c808de25c09926ed1611') in 0.0144549 seconds [static and dynamic dependencies]. Details - ImportResultOutputID=185fb1e30e630ba9ce05ed5c06639523 DependenciesID=6f7138b0afb17d796ecebf51fe9e9ba3 StaticDependenciesID=741c8b287715a54c5def48f6ea8724fd 
Number of updated asset objects reloaded before import = 0Number of asset objects unloaded after import = 1

========================================================================
Received Import Request.
  Time since last request: 0.000024 seconds.
  path: Assets/JTS_StoneLanterns/Textures/tex_lantern_stone_C2.psd
  importAddress: Guid(8e8112f78e1d3ca4da044da1921086d7) Importer(2089858483,b0f066a214c2f5e87bad3c948f4d605d)
Start importing Assets/JTS_StoneLanterns/Textures/tex_lantern_stone_C2.psd using Guid(8e8112f78e1d3ca4da044da1921086d7) Importer(2089858483,b0f066a214c2f5e87bad3c948f4d605d) (ScriptedImporter) -> (Import Result ID: 'a8b6c0a83e0558849a529344cea5c27e') in 0.0093979 seconds [static and dynamic dependencies]. Details - ImportResultOutputID=55ddd46469844b45188b3853f56d68de DependenciesID=b1dcd68d0f53d387c56dfc3d940d8f4b StaticDependenciesID=3a06c397c71a675c2079dce05298d7ff 
Number of updated asset objects reloaded before import = 0Number of asset objects unloaded after import = 1

========================================================================
Received Import Request.
  Time since last request: 0.000019 seconds.
  path: Assets/JTS_StoneLanterns/Prefabs/Platform_Stone_C1.prefab
  importAddress: Guid(ecdb2215d7cacb540ac74673b911a101) Importer(2089858483,b0f066a214c2f5e87bad3c948f4d605d)
Start importing Assets/JTS_StoneLanterns/Prefabs/Platform_Stone_C1.prefab using Guid(ecdb2215d7cacb540ac74673b911a101) Importer(2089858483,b0f066a214c2f5e87bad3c948f4d605d) (ScriptedImporter) -> (Import Result ID: '3fd2f91161a2393a4aa1d2781acc494e') in 0.0068214 seconds [static and dynamic dependencies]. Details - ImportResultOutputID=b07ed44c964784622e8464bb35da676a DependenciesID=ddd7fbc6af34bbfe71c9dfd97f4b33e4 StaticDependenciesID=d7d489a01016b157197baee2af4a6818 
Number of updated asset objects reloaded before import = 0Number of asset objects unloaded after import = 10

========================================================================
Received Import Request.
  Time since last request: 0.000019 seconds.
  path: Assets/JTS_StoneLanterns/Textures/tex_stone_block_A_msk.psd
  importAddress: Guid(0721a5d4f30230349ae37c8d812b69ec) Importer(2089858483,b0f066a214c2f5e87bad3c948f4d605d)
Start importing Assets/JTS_StoneLanterns/Textures/tex_stone_block_A_msk.psd using Guid(0721a5d4f30230349ae37c8d812b69ec) Importer(2089858483,b0f066a214c2f5e87bad3c948f4d605d) (ScriptedImporter) -> (Import Result ID: 'e20daadbcbcb54ec81d52c9e36b12099') in 0.007612 seconds [static and dynamic dependencies]. Details - ImportResultOutputID=6562ad4449128b173271f79b3208c209 DependenciesID=18de742f256aaef39eb6f658e13e2838 StaticDependenciesID=a55f36ce7029224988109ca11c348cae 
Number of updated asset objects reloaded before import = 0Number of asset objects unloaded after import = 1

========================================================================
Received Import Request.
  Time since last request: 0.000020 seconds.
  path: Assets/JTS_StoneLanterns/Textures/tex_lantern_stone_A3_nrm.psd
  importAddress: Guid(522fe9c358eb99c49a877e503e34a774) Importer(2089858483,b0f066a214c2f5e87bad3c948f4d605d)
Start importing Assets/JTS_StoneLanterns/Textures/tex_lantern_stone_A3_nrm.psd using Guid(522fe9c358eb99c49a877e503e34a774) Importer(2089858483,b0f066a214c2f5e87bad3c948f4d605d) (ScriptedImporter) -> (Import Result ID: 'cdf79d6383f27f06a1a41827db431df3') in 0.0118364 seconds [static and dynamic dependencies]. Details - ImportResultOutputID=39ea19283cd18d1f105f65e6aca846f4 DependenciesID=04778f4827e79b8211eaec028e875b48 StaticDependenciesID=91f86b7f3a3115dccee55fe7e28300f0 
Number of updated asset objects reloaded before import = 0Number of asset objects unloaded after import = 1

========================================================================
Received Import Request.
  Time since last request: 0.000026 seconds.
  path: Assets/JTS_StoneLanterns/Mesh/Platform_Stone_B2.fbx
  importAddress: Guid(16c1afa673653fb4d89d80a47d83e803) Importer(2089858483,b0f066a214c2f5e87bad3c948f4d605d)
Start importing Assets/JTS_StoneLanterns/Mesh/Platform_Stone_B2.fbx using Guid(16c1afa673653fb4d89d80a47d83e803) Importer(2089858483,b0f066a214c2f5e87bad3c948f4d605d) (ScriptedImporter) -> (Import Result ID: 'a178e05aa702ce17d29ff44690afb8b9') in 0.0074694 seconds [static and dynamic dependencies]. Details - ImportResultOutputID=a88196ff440eed7797bf6b657e32af1f DependenciesID=6b1f5095fea8033b297b2b2bb17ba600 StaticDependenciesID=7936319577c93ac4bdf16a40ab63d8bb 
Number of updated asset objects reloaded before import = 0Number of asset objects unloaded after import = 7

========================================================================
Received Import Request.
  Time since last request: 0.000030 seconds.
  path: Assets/JTS_StoneLanterns/Textures/tex_lantern_stone_D3_hgt.psd
  importAddress: Guid(98b3c74f27f34424c8464e8576381c0a) Importer(2089858483,b0f066a214c2f5e87bad3c948f4d605d)
Start importing Assets/JTS_StoneLanterns/Textures/tex_lantern_stone_D3_hgt.psd using Guid(98b3c74f27f34424c8464e8576381c0a) Importer(2089858483,b0f066a214c2f5e87bad3c948f4d605d) (ScriptedImporter) -> (Import Result ID: 'f5c6f857edfd04e1757ff82e3d0abfc5') in 0.0065419 seconds [static and dynamic dependencies]. Details - ImportResultOutputID=f6f9a4480dac73ce720b8b51de8ee0ab DependenciesID=10ec4e6654653361542766501e34c343 StaticDependenciesID=283ebac629b517679c5eb2cca5aef07c 
Number of updated asset objects reloaded before import = 0Number of asset objects unloaded after import = 1

========================================================================
Received Import Request.
  Time since last request: 0.000021 seconds.
  path: Assets/JTS_StoneLanterns/Textures/tex_lantern_stone_D2.psd
  importAddress: Guid(6c60aba09c9127046b7920091f6ff8a1) Importer(2089858483,b0f066a214c2f5e87bad3c948f4d605d)
Start importing Assets/JTS_StoneLanterns/Textures/tex_lantern_stone_D2.psd using Guid(6c60aba09c9127046b7920091f6ff8a1) Importer(2089858483,b0f066a214c2f5e87bad3c948f4d605d) (ScriptedImporter) -> (Import Result ID: 'f5986391edb5e69c051157a6550562a8') in 0.0086447 seconds [static and dynamic dependencies]. Details - ImportResultOutputID=92bd46d6c131f167ce83b8bda86beac8 DependenciesID=746c95330be37bcd8e5775b1f773628d StaticDependenciesID=46e251c2a8edeaa5fde97989ec7406e2 
Number of updated asset objects reloaded before import = 0Number of asset objects unloaded after import = 1

========================================================================
Received Import Request.
  Time since last request: 0.000027 seconds.
  path: Assets/JTS_StoneLanterns/Prefabs/Platform_Stone_A2.prefab
  importAddress: Guid(c9e0a894e59cab94d9fecf881dc0f859) Importer(2089858483,b0f066a214c2f5e87bad3c948f4d605d)
Start importing Assets/JTS_StoneLanterns/Prefabs/Platform_Stone_A2.prefab using Guid(c9e0a894e59cab94d9fecf881dc0f859) Importer(2089858483,b0f066a214c2f5e87bad3c948f4d605d) (ScriptedImporter) -> (Import Result ID: '7431b13b1517c6f31c94ea5024c916c1') in 0.019999 seconds [static and dynamic dependencies]. Details - ImportResultOutputID=841e464ab1b21ed29b1f5cc5af2d64aa DependenciesID=a40cfc2185943be82532bc675a1352ee StaticDependenciesID=4b5a176167c742049a04789c04f913fa 
Number of updated asset objects reloaded before import = 0Number of asset objects unloaded after import = 10

========================================================================
Received Import Request.
  Time since last request: 0.000022 seconds.
  path: Assets/JTS_StoneLanterns/Prefabs/Platform_Stone_B2.prefab
  importAddress: Guid(fc21be9a438b193448d01b9c31df3a13) Importer(2089858483,b0f066a214c2f5e87bad3c948f4d605d)
Start importing Assets/JTS_StoneLanterns/Prefabs/Platform_Stone_B2.prefab using Guid(fc21be9a438b193448d01b9c31df3a13) Importer(2089858483,b0f066a214c2f5e87bad3c948f4d605d) (ScriptedImporter) -> (Import Result ID: '119cc6004b6336e28989c2fcf8d51329') in 0.0207698 seconds [static and dynamic dependencies]. Details - ImportResultOutputID=59d80e3a440466c3e8e31a6fbf28fd8f DependenciesID=aa07bd532cb72f37714636ef34a51142 StaticDependenciesID=7c3e48c2cf5257c521c7c5fa6ac2153d 
Number of updated asset objects reloaded before import = 0Number of asset objects unloaded after import = 10

========================================================================
Received Import Request.
  Time since last request: 0.000021 seconds.
  path: Assets/JTS_StoneLanterns/Materials/mat_lantern_stone_A1.mat
  importAddress: Guid(f9857770a36e5ab43823a5bbf34bd5ef) Importer(2089858483,b0f066a214c2f5e87bad3c948f4d605d)
Start importing Assets/JTS_StoneLanterns/Materials/mat_lantern_stone_A1.mat using Guid(f9857770a36e5ab43823a5bbf34bd5ef) Importer(2089858483,b0f066a214c2f5e87bad3c948f4d605d) (ScriptedImporter) -> (Import Result ID: '57288f5f1e055080c614c987da26967c') in 0.0248297 seconds [static and dynamic dependencies]. Details - ImportResultOutputID=5f484cc1d7eaed9424e4777dacb83dd8 DependenciesID=0bf93664cbb833572192f793fc32a23f StaticDependenciesID=67419cb7bf0c8b8e975cc34cf70011e7 
Number of updated asset objects reloaded before import = 0Number of asset objects unloaded after import = 5

========================================================================
Received Import Request.
  Time since last request: 0.000024 seconds.
  path: Assets/JTS_StoneLanterns/Prefabs/Lantern_Stone_D2.prefab
  importAddress: Guid(c9f7b1df8ac7c4644bdbd6f6503499ff) Importer(2089858483,b0f066a214c2f5e87bad3c948f4d605d)
Start importing Assets/JTS_StoneLanterns/Prefabs/Lantern_Stone_D2.prefab using Guid(c9f7b1df8ac7c4644bdbd6f6503499ff) Importer(2089858483,b0f066a214c2f5e87bad3c948f4d605d) (ScriptedImporter) -> (Import Result ID: '21b8cc6cf749c5011e7428865557b72f') in 0.006926 seconds [static and dynamic dependencies]. Details - ImportResultOutputID=c7155b3c347aa23af829927cedd4d312 DependenciesID=8fb987dfa1ba7d08f931bee6b5f3ff94 StaticDependenciesID=24467321643c21d3d367c9c4c9c865d9 
Number of updated asset objects reloaded before import = 0Number of asset objects unloaded after import = 10

========================================================================
Received Import Request.
  Time since last request: 0.000031 seconds.
  path: Assets/JTS_StoneLanterns/Materials/mat_lantern_stone_B2.mat
  importAddress: Guid(a96fd8fdaa8b2554c96a9a8e155c71fc) Importer(2089858483,b0f066a214c2f5e87bad3c948f4d605d)
Start importing Assets/JTS_StoneLanterns/Materials/mat_lantern_stone_B2.mat using Guid(a96fd8fdaa8b2554c96a9a8e155c71fc) Importer(2089858483,b0f066a214c2f5e87bad3c948f4d605d) (ScriptedImporter) -> (Import Result ID: '8867b72ca7986c79f4f927d9ace66096') in 0.0243862 seconds [static and dynamic dependencies]. Details - ImportResultOutputID=8e1c9e9f2127aa8699d31e65d2c6d3ab DependenciesID=ee7f749b0a489832ba2b2c8630645808 StaticDependenciesID=a2ef9b800cc6a5a213e3bc595839ac9f 
Number of updated asset objects reloaded before import = 0Number of asset objects unloaded after import = 5

========================================================================
Received Import Request.
  Time since last request: 0.000026 seconds.
  path: Assets/JTS_StoneLanterns/Mesh/Lantern_Stone_A3.fbx
  importAddress: Guid(262861c9aa651604297754834339f9b6) Importer(2089858483,b0f066a214c2f5e87bad3c948f4d605d)
Start importing Assets/JTS_StoneLanterns/Mesh/Lantern_Stone_A3.fbx using Guid(262861c9aa651604297754834339f9b6) Importer(2089858483,b0f066a214c2f5e87bad3c948f4d605d) (ScriptedImporter) -> (Import Result ID: '5bd095737fba9cb8cd378c5b216ec5a7') in 0.0063721 seconds [static and dynamic dependencies]. Details - ImportResultOutputID=14022de297f172e5f4f374e76fbf2a62 DependenciesID=840c6250c87619252344fcb58900e320 StaticDependenciesID=ae9a93d0767461f803d145027e62485a 
Number of updated asset objects reloaded before import = 0Number of asset objects unloaded after import = 7

========================================================================
Received Import Request.
  Time since last request: 0.000024 seconds.
  path: Assets/JTS_StoneLanterns/Textures/tex_lantern_stone_B1.psd
  importAddress: Guid(84ea8f7464a36ae46875e032b45f2c76) Importer(2089858483,b0f066a214c2f5e87bad3c948f4d605d)
Start importing Assets/JTS_StoneLanterns/Textures/tex_lantern_stone_B1.psd using Guid(84ea8f7464a36ae46875e032b45f2c76) Importer(2089858483,b0f066a214c2f5e87bad3c948f4d605d) (ScriptedImporter) -> (Import Result ID: '4c8b283d010dd6a3e450121e061f3300') in 0.0231184 seconds [static and dynamic dependencies]. Details - ImportResultOutputID=86a5d69a3a39b3627eff7a2ab00d57ab DependenciesID=cb76c80504a0bd834791c23280690d7d StaticDependenciesID=93b783cd46982c04422616d45dba8f72 
Number of updated asset objects reloaded before import = 0Number of asset objects unloaded after import = 1

========================================================================
Received Import Request.
  Time since last request: 0.000021 seconds.
  path: Assets/JTS_StoneLanterns/Textures/tex_lantern_stone_B2_msk.psd
  importAddress: Guid(d27d8eb12a271c243abaf0361a917b98) Importer(2089858483,b0f066a214c2f5e87bad3c948f4d605d)
Start importing Assets/JTS_StoneLanterns/Textures/tex_lantern_stone_B2_msk.psd using Guid(d27d8eb12a271c243abaf0361a917b98) Importer(2089858483,b0f066a214c2f5e87bad3c948f4d605d) (ScriptedImporter) -> (Import Result ID: '752c2f55207daf028af2dffb238243f9') in 0.0088974 seconds [static and dynamic dependencies]. Details - ImportResultOutputID=2517619753b615e023c9001b012dc8c8 DependenciesID=8d25f8d36dc0a43990003f544a2bb6eb StaticDependenciesID=b235b08bda5398a6a16e46319bae7447 
Number of updated asset objects reloaded before import = 0Number of asset objects unloaded after import = 1

========================================================================
Received Import Request.
  Time since last request: 0.000022 seconds.
  path: Assets/JTS_StoneLanterns/Mesh/Platform_Stone_C2.fbx
  importAddress: Guid(38b7f5a567ead7542ac6f10e36a02aa7) Importer(2089858483,b0f066a214c2f5e87bad3c948f4d605d)
Start importing Assets/JTS_StoneLanterns/Mesh/Platform_Stone_C2.fbx using Guid(38b7f5a567ead7542ac6f10e36a02aa7) Importer(2089858483,b0f066a214c2f5e87bad3c948f4d605d) (ScriptedImporter) -> (Import Result ID: '5352295923f23a0a75320a516568ca5c') in 0.0226702 seconds [static and dynamic dependencies]. Details - ImportResultOutputID=d9f90c65a6603397352fdf62892cad25 DependenciesID=ce6ceeef288e2d8c0ef1965990664984 StaticDependenciesID=8f04ccd39bee70d33aeadfcc5c7416b9 
Number of updated asset objects reloaded before import = 0Number of asset objects unloaded after import = 7

========================================================================
Received Import Request.
  Time since last request: 0.000025 seconds.
  path: Assets/JTS_StoneLanterns/Demo/Materials/mat_gray.mat
  importAddress: Guid(33120a23c72bfc04dbb689bedd7b8c99) Importer(2089858483,b0f066a214c2f5e87bad3c948f4d605d)
Start importing Assets/JTS_StoneLanterns/Demo/Materials/mat_gray.mat using Guid(33120a23c72bfc04dbb689bedd7b8c99) Importer(2089858483,b0f066a214c2f5e87bad3c948f4d605d) (ScriptedImporter) -> (Import Result ID: '2252e2f8338ce4576205db0dd4621ea3') in 0.0097503 seconds [static and dynamic dependencies]. Details - ImportResultOutputID=0fecf1add82377d296f6d319cf456ffb DependenciesID=a35c75d926fbea605cf06a95156810e6 StaticDependenciesID=bf133eceed71bc629edba1fca0acd9ab 
Number of updated asset objects reloaded before import = 0Number of asset objects unloaded after import = 2

========================================================================
Received Import Request.
  Time since last request: 0.000035 seconds.
  path: Assets/JTS_StoneLanterns/Prefabs/Platform_Stone_A1.prefab
  importAddress: Guid(7b416b0fa77ed1840a9f280019e863ed) Importer(2089858483,b0f066a214c2f5e87bad3c948f4d605d)
Start importing Assets/JTS_StoneLanterns/Prefabs/Platform_Stone_A1.prefab using Guid(7b416b0fa77ed1840a9f280019e863ed) Importer(2089858483,b0f066a214c2f5e87bad3c948f4d605d) (ScriptedImporter) -> (Import Result ID: 'a6d94a413c2ddbe5e857052cd28b82e0') in 0.019611 seconds [static and dynamic dependencies]. Details - ImportResultOutputID=62558c8f2935e7a2af2b86828918fef8 DependenciesID=2ea357c2554ed80cb739f0fcb0aa978e StaticDependenciesID=41b1a89d9bb86f18d7fb3ed77fffa551 
Number of updated asset objects reloaded before import = 0Number of asset objects unloaded after import = 10

========================================================================
Received Import Request.
  Time since last request: 0.000024 seconds.
  path: Assets/JTS_StoneLanterns/Textures/tex_lantern_stone_A1_hgt.psd
  importAddress: Guid(8455049d1fd3bf44d99c27871c759a12) Importer(2089858483,b0f066a214c2f5e87bad3c948f4d605d)
Start importing Assets/JTS_StoneLanterns/Textures/tex_lantern_stone_A1_hgt.psd using Guid(8455049d1fd3bf44d99c27871c759a12) Importer(2089858483,b0f066a214c2f5e87bad3c948f4d605d) (ScriptedImporter) -> (Import Result ID: '26437773b9c7e0da5b9ebaaa5c02d3dc') in 0.0068664 seconds [static and dynamic dependencies]. Details - ImportResultOutputID=d0196178122a346536ce0fec8130acd2 DependenciesID=5e31f6b6c3141c02ec6ad22c9d348ceb StaticDependenciesID=892284353b9796a817bee261d77d61ab 
Number of updated asset objects reloaded before import = 0Number of asset objects unloaded after import = 1

========================================================================
Received Import Request.
  Time since last request: 0.000022 seconds.
  path: Assets/JTS_StoneLanterns/Prefabs/Lantern_Stone_C3.prefab
  importAddress: Guid(fe15cb324897eaf4b92ecd6fab0f2250) Importer(2089858483,b0f066a214c2f5e87bad3c948f4d605d)
Start importing Assets/JTS_StoneLanterns/Prefabs/Lantern_Stone_C3.prefab using Guid(fe15cb324897eaf4b92ecd6fab0f2250) Importer(2089858483,b0f066a214c2f5e87bad3c948f4d605d) (ScriptedImporter) -> (Import Result ID: 'e34216b268f6d0e6f8fb77913780c3c0') in 0.0172252 seconds [static and dynamic dependencies]. Details - ImportResultOutputID=142f6de39fb4cf95428088c395c4b9c0 DependenciesID=5a297456900d7c82711a54b207974242 StaticDependenciesID=21e6e1cc25362337a52a0ebb70797f58 
Number of updated asset objects reloaded before import = 0Number of asset objects unloaded after import = 10

========================================================================
Received Import Request.
  Time since last request: 0.000019 seconds.
  path: Assets/JTS_StoneLanterns/Textures/tex_lantern_stone_A2_nrm.psd
  importAddress: Guid(d35a0b75082f5a648a87b94e843912f5) Importer(2089858483,b0f066a214c2f5e87bad3c948f4d605d)
Start importing Assets/JTS_StoneLanterns/Textures/tex_lantern_stone_A2_nrm.psd using Guid(d35a0b75082f5a648a87b94e843912f5) Importer(2089858483,b0f066a214c2f5e87bad3c948f4d605d) (ScriptedImporter) -> (Import Result ID: '26939ec1094d772bd9561db3b47c0da8') in 0.0088659 seconds [static and dynamic dependencies]. Details - ImportResultOutputID=a57061a9cbed21fbc4996fe9d61cbe24 DependenciesID=ed3e9f64b4554270c800d44f9f1bc52f StaticDependenciesID=b6a99bda43c813f7126d874327154286 
Number of updated asset objects reloaded before import = 0Number of asset objects unloaded after import = 1

========================================================================
Received Import Request.
  Time since last request: 0.000021 seconds.
  path: Assets/JTS_StoneLanterns/Mesh/Lantern_Stone_B1.fbx
  importAddress: Guid(cd5978abdc009f54e9888c53244ccb63) Importer(2089858483,b0f066a214c2f5e87bad3c948f4d605d)
Start importing Assets/JTS_StoneLanterns/Mesh/Lantern_Stone_B1.fbx using Guid(cd5978abdc009f54e9888c53244ccb63) Importer(2089858483,b0f066a214c2f5e87bad3c948f4d605d) (ScriptedImporter) -> (Import Result ID: '4d8a828ed7ad6e891fd9c906bf10e120') in 0.008586 seconds [static and dynamic dependencies]. Details - ImportResultOutputID=41cbd23170dcfefaeb7c5f9f39b13dcd DependenciesID=ce198db48c256a296d66d43fda8ecaf6 StaticDependenciesID=0f27f85a530ef55c2c38a9d561903969 
Number of updated asset objects reloaded before import = 0Number of asset objects unloaded after import = 7

========================================================================
Received Import Request.
  Time since last request: 0.000028 seconds.
  path: Assets/JTS_StoneLanterns/Textures/tex_lantern_stone_B3_hgt.psd
  importAddress: Guid(550edd4f9ff46e04199d4745d7cc3f39) Importer(2089858483,b0f066a214c2f5e87bad3c948f4d605d)
Start importing Assets/JTS_StoneLanterns/Textures/tex_lantern_stone_B3_hgt.psd using Guid(550edd4f9ff46e04199d4745d7cc3f39) Importer(2089858483,b0f066a214c2f5e87bad3c948f4d605d) (ScriptedImporter) -> (Import Result ID: '28541d64fff3a5ed0825fe1c1e569889') in 0.0159499 seconds [static and dynamic dependencies]. Details - ImportResultOutputID=0d25ce8d5ad8ede112e0735be8b3fda1 DependenciesID=2f3ee1d1c2b561e251a4c4fe83f430ab StaticDependenciesID=5ad21e48ae72b65537a3a5c90b06a59b 
Number of updated asset objects reloaded before import = 0Number of asset objects unloaded after import = 1

========================================================================
Received Import Request.
  Time since last request: 0.000032 seconds.
  path: Assets/JTS_StoneLanterns/Prefabs/Lantern_Stone_C2.prefab
  importAddress: Guid(77a6bbb4e632ad445906875ad8b8d28a) Importer(2089858483,b0f066a214c2f5e87bad3c948f4d605d)
Start importing Assets/JTS_StoneLanterns/Prefabs/Lantern_Stone_C2.prefab using Guid(77a6bbb4e632ad445906875ad8b8d28a) Importer(2089858483,b0f066a214c2f5e87bad3c948f4d605d) (ScriptedImporter) -> (Import Result ID: '0ee0c3a1232fdb7d93af33d603736354') in 0.0218837 seconds [static and dynamic dependencies]. Details - ImportResultOutputID=0e7071114b7c897aee111a8ba9bfb72b DependenciesID=b61889bbb965544653911e0f087d35c2 StaticDependenciesID=5f76d93436113360d9c37da973b1974d 
Number of updated asset objects reloaded before import = 0Number of asset objects unloaded after import = 10

========================================================================
Received Import Request.
  Time since last request: 0.000023 seconds.
  path: Assets/JTS_StoneLanterns/Textures/tex_lantern_stone_A3_hgt.psd
  importAddress: Guid(fd73f60989190f04da35d46a20265e02) Importer(2089858483,b0f066a214c2f5e87bad3c948f4d605d)
Start importing Assets/JTS_StoneLanterns/Textures/tex_lantern_stone_A3_hgt.psd using Guid(fd73f60989190f04da35d46a20265e02) Importer(2089858483,b0f066a214c2f5e87bad3c948f4d605d) (ScriptedImporter) -> (Import Result ID: 'dde1435e4f76b96ca8fe4a94d95d89b4') in 0.0071797 seconds [static and dynamic dependencies]. Details - ImportResultOutputID=d37834bb86be724668cc9392b40ecf0e DependenciesID=86177aa62da81936646e31f920c93bd8 StaticDependenciesID=858a746985f3d449c12fb98754445682 
Number of updated asset objects reloaded before import = 0Number of asset objects unloaded after import = 1

========================================================================
Received Import Request.
  Time since last request: 0.000020 seconds.
  path: Assets/_TerrainAutoUpgrade/layer_tex_gray_diff2023054508611406.terrainlayer
  importAddress: Guid(187ecd28bf9b9ca4ea25ce9dfb75e71e) Importer(2089858483,b0f066a214c2f5e87bad3c948f4d605d)
Start importing Assets/_TerrainAutoUpgrade/layer_tex_gray_diff2023054508611406.terrainlayer using Guid(187ecd28bf9b9ca4ea25ce9dfb75e71e) Importer(2089858483,b0f066a214c2f5e87bad3c948f4d605d) (ScriptedImporter) -> (Import Result ID: '21245a1f89a222d76bc7d5a616798844') in 0.0094244 seconds [static and dynamic dependencies]. Details - ImportResultOutputID=9af0b1a7d4eb9f2e01db4af0cd4593d4 DependenciesID=d585e4c7eee2ca0d50f5d1d88be48ff3 StaticDependenciesID=23a3bbcbffde50d1dbf024dfdebd98df 
Number of updated asset objects reloaded before import = 0Number of asset objects unloaded after import = 2

========================================================================
Received Import Request.
  Time since last request: 0.000056 seconds.
  path: Assets/JTS_StoneLanterns/Mesh/Platform_Stone_A1.fbx
  importAddress: Guid(149890a43f316cf41bbf813b49ed4a3d) Importer(2089858483,b0f066a214c2f5e87bad3c948f4d605d)
Start importing Assets/JTS_StoneLanterns/Mesh/Platform_Stone_A1.fbx using Guid(149890a43f316cf41bbf813b49ed4a3d) Importer(2089858483,b0f066a214c2f5e87bad3c948f4d605d) (ScriptedImporter) -> (Import Result ID: '3289e3d7e80e74ed332e624a14b69cbf') in 0.0127341 seconds [static and dynamic dependencies]. Details - ImportResultOutputID=d8ee25923c0633ad939dfe4182e57f2b DependenciesID=61d50fdfacfebb7fc9628e966077069c StaticDependenciesID=a1af96dece7afc1fed13798c404c4acd 
Number of updated asset objects reloaded before import = 0Number of asset objects unloaded after import = 7

========================================================================
Received Import Request.
  Time since last request: 0.000023 seconds.
  path: Assets/JTS_StoneLanterns/Mesh/Platform_Stone_A2.fbx
  importAddress: Guid(3321778520c6572499d9b8edf46e9d73) Importer(2089858483,b0f066a214c2f5e87bad3c948f4d605d)
Start importing Assets/JTS_StoneLanterns/Mesh/Platform_Stone_A2.fbx using Guid(3321778520c6572499d9b8edf46e9d73) Importer(2089858483,b0f066a214c2f5e87bad3c948f4d605d) (ScriptedImporter) -> (Import Result ID: 'dcd8811d180a5ded9fce9d5536bdc2e0') in 0.0201275 seconds [static and dynamic dependencies]. Details - ImportResultOutputID=987862cee11f4573e00cc19c7e36afd7 DependenciesID=658de82fae4f639d9700f4093ce7076a StaticDependenciesID=c7d2cf7cdbf45b8b4361367f7d1ff794 
Number of updated asset objects reloaded before import = 0Number of asset objects unloaded after import = 7

========================================================================
Received Import Request.
  Time since last request: 0.000025 seconds.
  path: Assets/JTS_StoneLanterns/Textures/tex_lantern_stone_B1_nrm.psd
  importAddress: Guid(654c04d5513db5446ac3ec002497e262) Importer(2089858483,b0f066a214c2f5e87bad3c948f4d605d)
Start importing Assets/JTS_StoneLanterns/Textures/tex_lantern_stone_B1_nrm.psd using Guid(654c04d5513db5446ac3ec002497e262) Importer(2089858483,b0f066a214c2f5e87bad3c948f4d605d) (ScriptedImporter) -> (Import Result ID: '4c9a0c15c304624a396a0f0d50f704fd') in 0.0219009 seconds [static and dynamic dependencies]. Details - ImportResultOutputID=ab5d249c5d52801cb1e2e74f3ecb11f2 DependenciesID=f1249fda0b53ad7396789c580f14fc2d StaticDependenciesID=2662e954feacefecfb1adede9b6a8860 
Number of updated asset objects reloaded before import = 0Number of asset objects unloaded after import = 1

========================================================================
Received Import Request.
  Time since last request: 0.000030 seconds.
  path: Assets/JTS_StoneLanterns/Textures/tex_lantern_stone_D2_msk.psd
  importAddress: Guid(c5d79aab47b7f11418aa2258d8c331d8) Importer(2089858483,b0f066a214c2f5e87bad3c948f4d605d)
Start importing Assets/JTS_StoneLanterns/Textures/tex_lantern_stone_D2_msk.psd using Guid(c5d79aab47b7f11418aa2258d8c331d8) Importer(2089858483,b0f066a214c2f5e87bad3c948f4d605d) (ScriptedImporter) -> (Import Result ID: '8dca086c3be7d5a030fc313636b24ced') in 0.0085115 seconds [static and dynamic dependencies]. Details - ImportResultOutputID=260954a2482b83d651101862dc8c9b8a DependenciesID=c0510655c35028f3c48e6d47f1426a18 StaticDependenciesID=d99cf05c1f5c2c29cfc9a82bf83e7e0a 
Number of updated asset objects reloaded before import = 0Number of asset objects unloaded after import = 1

========================================================================
Received Import Request.
  Time since last request: 0.000022 seconds.
  path: Assets/JTS_StoneLanterns/Materials/mat_lantern_stone_D1.mat
  importAddress: Guid(e42dc1f52eaae704ba9bc47ee3d13c8a) Importer(2089858483,b0f066a214c2f5e87bad3c948f4d605d)
Start importing Assets/JTS_StoneLanterns/Materials/mat_lantern_stone_D1.mat using Guid(e42dc1f52eaae704ba9bc47ee3d13c8a) Importer(2089858483,b0f066a214c2f5e87bad3c948f4d605d) (ScriptedImporter) -> (Import Result ID: 'd3680c3301718c470536c3c3d582a7b0') in 0.0177826 seconds [static and dynamic dependencies]. Details - ImportResultOutputID=e5a62b33e8064ad53b075b6d5a9ad61e DependenciesID=581c341a6f233287f2d13880820644e0 StaticDependenciesID=6ab84141ea6d1619c12c564b1e5d097a 
Number of updated asset objects reloaded before import = 0Number of asset objects unloaded after import = 5

========================================================================
Received Import Request.
  Time since last request: 0.000021 seconds.
  path: Assets/JTS_StoneLanterns/Demo/Textures/tex_gray_diff.psd
  importAddress: Guid(3b8f8f55b04fd404985c288dd82ed8b1) Importer(2089858483,b0f066a214c2f5e87bad3c948f4d605d)
Start importing Assets/JTS_StoneLanterns/Demo/Textures/tex_gray_diff.psd using Guid(3b8f8f55b04fd404985c288dd82ed8b1) Importer(2089858483,b0f066a214c2f5e87bad3c948f4d605d) (ScriptedImporter) -> (Import Result ID: '517627fbb886d80d193ea09f33d459f9') in 0.0115494 seconds [static and dynamic dependencies]. Details - ImportResultOutputID=07f74e035d44d8cb24261ccb7f406706 DependenciesID=ddeef6db32c2a3f41a9ef48677006754 StaticDependenciesID=7c98d5e7b0065c412dbbb3414c0dea39 
Number of updated asset objects reloaded before import = 0Number of asset objects unloaded after import = 1

========================================================================
Received Import Request.
  Time since last request: 0.000022 seconds.
  path: Assets/JTS_StoneLanterns/Textures/tex_lantern_stone_C3_nrm.psd
  importAddress: Guid(c8e05c5b959dc8f47a47a1ec6dedf413) Importer(2089858483,b0f066a214c2f5e87bad3c948f4d605d)
Start importing Assets/JTS_StoneLanterns/Textures/tex_lantern_stone_C3_nrm.psd using Guid(c8e05c5b959dc8f47a47a1ec6dedf413) Importer(2089858483,b0f066a214c2f5e87bad3c948f4d605d) (ScriptedImporter) -> (Import Result ID: '27f9369f3b74cd970a30164f100bc7b0') in 0.012418 seconds [static and dynamic dependencies]. Details - ImportResultOutputID=ecc8c2654f2be24ff8461158fe7fb8ee DependenciesID=12c784ffcb694658a8886c7bbae978bd StaticDependenciesID=484e8f63004c8925cc53915cfe8566db 
Number of updated asset objects reloaded before import = 0Number of asset objects unloaded after import = 1

========================================================================
Received Import Request.
  Time since last request: 0.000034 seconds.
  path: Assets/JTS_StoneLanterns/Prefabs/Lantern_Stone_D3.prefab
  importAddress: Guid(5d96e0c96892dc34c9405833e1c52e50) Importer(2089858483,b0f066a214c2f5e87bad3c948f4d605d)
Start importing Assets/JTS_StoneLanterns/Prefabs/Lantern_Stone_D3.prefab using Guid(5d96e0c96892dc34c9405833e1c52e50) Importer(2089858483,b0f066a214c2f5e87bad3c948f4d605d) (ScriptedImporter) -> (Import Result ID: '887d43a643006559650e2fe38d4fd6b2') in 0.0076841 seconds [static and dynamic dependencies]. Details - ImportResultOutputID=2cfd35892566fd00aba0d2c7258bd824 DependenciesID=40fea98d9fa851fa8214352f17efb84b StaticDependenciesID=eeb36f521acd099fbd68ebc4a133a1be 
Number of updated asset objects reloaded before import = 0Number of asset objects unloaded after import = 10

========================================================================
Received Import Request.
  Time since last request: 0.000029 seconds.
  path: Assets/JTS_StoneLanterns/Textures/tex_lantern_stone_D1.psd
  importAddress: Guid(a7841a3918027dc409a514633b1a76c2) Importer(2089858483,b0f066a214c2f5e87bad3c948f4d605d)
Start importing Assets/JTS_StoneLanterns/Textures/tex_lantern_stone_D1.psd using Guid(a7841a3918027dc409a514633b1a76c2) Importer(2089858483,b0f066a214c2f5e87bad3c948f4d605d) (ScriptedImporter) -> (Import Result ID: '5c02c94ae0da6acf09a8bd6db7648ddb') in 0.0093253 seconds [static and dynamic dependencies]. Details - ImportResultOutputID=cf8e29dafa677b41221227c817cd810a DependenciesID=dd1285c5686eb2f95fa9dd8c3a14d6b6 StaticDependenciesID=f9b8c95cbb3438aeb561c9314deb0eb0 
Number of updated asset objects reloaded before import = 0Number of asset objects unloaded after import = 1

========================================================================
Received Import Request.
  Time since last request: 0.000030 seconds.
  path: Assets/JTS_StoneLanterns/Textures/tex_lantern_stone_B1_msk.psd
  importAddress: Guid(afe55834aae927c46be56e82a9e79431) Importer(2089858483,b0f066a214c2f5e87bad3c948f4d605d)
Start importing Assets/JTS_StoneLanterns/Textures/tex_lantern_stone_B1_msk.psd using Guid(afe55834aae927c46be56e82a9e79431) Importer(2089858483,b0f066a214c2f5e87bad3c948f4d605d) (ScriptedImporter) -> (Import Result ID: '297c5e6bda5ee32ab098fb09dc7b7805') in 0.0074165 seconds [static and dynamic dependencies]. Details - ImportResultOutputID=caaf29cf5fa0bd4603f078c91c595897 DependenciesID=f86e3156a385eed147ceb4fae6d24c0a StaticDependenciesID=80ef01950e99b040e8dbdea9c2730638 
Number of updated asset objects reloaded before import = 0Number of asset objects unloaded after import = 1

========================================================================
Received Import Request.
  Time since last request: 0.000020 seconds.
  path: Assets/JTS_StoneLanterns/Materials/mat_lantern_stone_B3.mat
  importAddress: Guid(cb4eb134a1b0478469670a24e1728337) Importer(2089858483,b0f066a214c2f5e87bad3c948f4d605d)
Start importing Assets/JTS_StoneLanterns/Materials/mat_lantern_stone_B3.mat using Guid(cb4eb134a1b0478469670a24e1728337) Importer(2089858483,b0f066a214c2f5e87bad3c948f4d605d) (ScriptedImporter) -> (Import Result ID: 'c70274e5cecec20290e126beace4a129') in 0.0173806 seconds [static and dynamic dependencies]. Details - ImportResultOutputID=491c8ac145f7a4cc5388a752c3de33e8 DependenciesID=fe13b92f3d80b6664e3891fdbdfb3c6b StaticDependenciesID=b8661543527dc02f4d86b7216a65f735 
Number of updated asset objects reloaded before import = 0Number of asset objects unloaded after import = 5

========================================================================
Received Import Request.
  Time since last request: 0.000026 seconds.
  path: Assets/JTS_StoneLanterns/Prefabs/Platform_Stone_B1.prefab
  importAddress: Guid(c1ef5669e712c5f449d8144c08991669) Importer(2089858483,b0f066a214c2f5e87bad3c948f4d605d)
Start importing Assets/JTS_StoneLanterns/Prefabs/Platform_Stone_B1.prefab using Guid(c1ef5669e712c5f449d8144c08991669) Importer(2089858483,b0f066a214c2f5e87bad3c948f4d605d) (ScriptedImporter) -> (Import Result ID: 'f7abff60cb698e957c6a5b649610def4') in 0.0164237 seconds [static and dynamic dependencies]. Details - ImportResultOutputID=157d8fd88a997c526279afe1788393d4 DependenciesID=a931d8acd9bcece076c49915c2e070e2 StaticDependenciesID=ca1feab5ae28bda6ef47465fd9d7fbca 
Number of updated asset objects reloaded before import = 0Number of asset objects unloaded after import = 10

========================================================================
Received Import Request.
  Time since last request: 0.000023 seconds.
  path: Assets/JTS_StoneLanterns/Mesh/Lantern_Stone_A2.fbx
  importAddress: Guid(a6b3ec78e8be3d046b074aef0f120d96) Importer(2089858483,b0f066a214c2f5e87bad3c948f4d605d)
Start importing Assets/JTS_StoneLanterns/Mesh/Lantern_Stone_A2.fbx using Guid(a6b3ec78e8be3d046b074aef0f120d96) Importer(2089858483,b0f066a214c2f5e87bad3c948f4d605d) (ScriptedImporter) -> (Import Result ID: 'df65d9a5f7b20543b8665f6aaf0098df') in 0.0061874 seconds [static and dynamic dependencies]. Details - ImportResultOutputID=76614d59c6026b4ec1426ad526764e30 DependenciesID=622e3d5f7d0d8ee61bc12db2b84609f3 StaticDependenciesID=6c6db41867ceaec2a7cecdb3a9502e03 
Number of updated asset objects reloaded before import = 0Number of asset objects unloaded after import = 7

========================================================================
Received Import Request.
  Time since last request: 0.000019 seconds.
  path: Assets/JTS_StoneLanterns/Mesh/Platform_Stone_C1.fbx
  importAddress: Guid(addf4096061bfce4da44919267db27b0) Importer(2089858483,b0f066a214c2f5e87bad3c948f4d605d)
Start importing Assets/JTS_StoneLanterns/Mesh/Platform_Stone_C1.fbx using Guid(addf4096061bfce4da44919267db27b0) Importer(2089858483,b0f066a214c2f5e87bad3c948f4d605d) (ScriptedImporter) -> (Import Result ID: '590f4d6c162834d9acd3c9f7e96a8e85') in 0.0229708 seconds [static and dynamic dependencies]. Details - ImportResultOutputID=6f1a64bf686958c915e375e4c6551fcd DependenciesID=abf77c4a29dc397a1f358d1cee25f45a StaticDependenciesID=baddff0dc51927765d7c09807d560a7a 
Number of updated asset objects reloaded before import = 0Number of asset objects unloaded after import = 7

========================================================================
Received Import Request.
  Time since last request: 0.000023 seconds.
  path: Assets/JTS_StoneLanterns/Textures/tex_lantern_stone_C1_nrm.psd
  importAddress: Guid(7789d9533742f944aab1843baac42aa1) Importer(2089858483,b0f066a214c2f5e87bad3c948f4d605d)
Start importing Assets/JTS_StoneLanterns/Textures/tex_lantern_stone_C1_nrm.psd using Guid(7789d9533742f944aab1843baac42aa1) Importer(2089858483,b0f066a214c2f5e87bad3c948f4d605d) (ScriptedImporter) -> (Import Result ID: 'e761299cad0aae724639c74d5d544162') in 0.0191226 seconds [static and dynamic dependencies]. Details - ImportResultOutputID=a01b78bc9ba0d0e5bb1d9edb7a35eb5c DependenciesID=b0964015182bd1a8529ec5bc9ff09183 StaticDependenciesID=2cb2f02caa59aeffea77569ad74224f3 
Number of updated asset objects reloaded before import = 0Number of asset objects unloaded after import = 1

========================================================================
Received Import Request.
  Time since last request: 0.000032 seconds.
  path: Assets/JTS_StoneLanterns/Prefabs/Platform_Stone_A3.prefab
  importAddress: Guid(4f1259e7b496e364d9ce515f4ca75f2b) Importer(2089858483,b0f066a214c2f5e87bad3c948f4d605d)
Start importing Assets/JTS_StoneLanterns/Prefabs/Platform_Stone_A3.prefab using Guid(4f1259e7b496e364d9ce515f4ca75f2b) Importer(2089858483,b0f066a214c2f5e87bad3c948f4d605d) (ScriptedImporter) -> (Import Result ID: '09007b9594599402929dc5ab44212d1d') in 0.0203521 seconds [static and dynamic dependencies]. Details - ImportResultOutputID=448f9394a538f78a3796437c00aa73f2 DependenciesID=406d1b397dd1583ef8dc933b3eafb70c StaticDependenciesID=713e22513a2db3166f8422e0d87cf3ef 
Number of updated asset objects reloaded before import = 0Number of asset objects unloaded after import = 10

========================================================================
Received Import Request.
  Time since last request: 0.000025 seconds.
  path: Assets/JTS_StoneLanterns/Textures/tex_lantern_stone_C1.psd
  importAddress: Guid(943e7d6af8501c44aaa450f0e3748051) Importer(2089858483,b0f066a214c2f5e87bad3c948f4d605d)
Start importing Assets/JTS_StoneLanterns/Textures/tex_lantern_stone_C1.psd using Guid(943e7d6af8501c44aaa450f0e3748051) Importer(2089858483,b0f066a214c2f5e87bad3c948f4d605d) (ScriptedImporter) -> (Import Result ID: 'd92d6db1bb09b2d039612cc9f04c3195') in 0.0159181 seconds [static and dynamic dependencies]. Details - ImportResultOutputID=134fe95090577c8128896f3dfbe35450 DependenciesID=51187a5e601705c69d5ddf0fb7a57f38 StaticDependenciesID=69030e316011568c1d6b5c31a4db3309 
Number of updated asset objects reloaded before import = 0Number of asset objects unloaded after import = 1

========================================================================
Received Import Request.
  Time since last request: 0.000029 seconds.
  path: Assets/JTS_StoneLanterns/Textures/tex_lantern_stone_D1_nrm.psd
  importAddress: Guid(d82174efc14fe084ebfcc26e730adadb) Importer(2089858483,b0f066a214c2f5e87bad3c948f4d605d)
Start importing Assets/JTS_StoneLanterns/Textures/tex_lantern_stone_D1_nrm.psd using Guid(d82174efc14fe084ebfcc26e730adadb) Importer(2089858483,b0f066a214c2f5e87bad3c948f4d605d) (ScriptedImporter) -> (Import Result ID: '15795b1964d38a01dc41cd007eb6264f') in 0.0098841 seconds [static and dynamic dependencies]. Details - ImportResultOutputID=6ab2d265261fcff7c292a534117968a7 DependenciesID=bf594a82969b4153dade9c6ba23b221e StaticDependenciesID=b4649119878fad1ad5d1483da4ad8528 
Number of updated asset objects reloaded before import = 0Number of asset objects unloaded after import = 1

========================================================================
Received Import Request.
  Time since last request: 0.000021 seconds.
  path: Assets/JTS_StoneLanterns/Prefabs/Lantern_Stone_B3.prefab
  importAddress: Guid(d86d974f53fba9a46a1561b2a5160ba6) Importer(2089858483,b0f066a214c2f5e87bad3c948f4d605d)
Start importing Assets/JTS_StoneLanterns/Prefabs/Lantern_Stone_B3.prefab using Guid(d86d974f53fba9a46a1561b2a5160ba6) Importer(2089858483,b0f066a214c2f5e87bad3c948f4d605d) (ScriptedImporter) -> (Import Result ID: '05a53edd2850dbdaeda7ceaf53460ff1') in 0.0064864 seconds [static and dynamic dependencies]. Details - ImportResultOutputID=28804e7c5fc2d4c1bce7b177308c0c6d DependenciesID=ad50b4218ba28c036d4960ee37610a8a StaticDependenciesID=f3ab3dc79d7a2262f26168723033b15b 
Number of updated asset objects reloaded before import = 0Number of asset objects unloaded after import = 10

========================================================================
Received Import Request.
  Time since last request: 0.000023 seconds.
  path: Assets/JTS_StoneLanterns/Textures/tex_lantern_stone_C3_msk.psd
  importAddress: Guid(21390046d3384df4385f23b5870fd71c) Importer(2089858483,b0f066a214c2f5e87bad3c948f4d605d)
Start importing Assets/JTS_StoneLanterns/Textures/tex_lantern_stone_C3_msk.psd using Guid(21390046d3384df4385f23b5870fd71c) Importer(2089858483,b0f066a214c2f5e87bad3c948f4d605d) (ScriptedImporter) -> (Import Result ID: 'a61a66614e65aaf25aa29427d0fa1b22') in 0.0078312 seconds [static and dynamic dependencies]. Details - ImportResultOutputID=04d98ac5b9a0447d3ee7ae07ab26aa70 DependenciesID=52f06036979e3b26b628840f06c8efe0 StaticDependenciesID=e24c5fca869e91449658ca8a72b74254 
Number of updated asset objects reloaded before import = 0Number of asset objects unloaded after import = 1

========================================================================
Received Import Request.
  Time since last request: 0.000023 seconds.
  path: Assets/JTS_StoneLanterns/Mesh/Platform_Stone_A3.fbx
  importAddress: Guid(d74f7558354925c4ca166c481760485f) Importer(2089858483,b0f066a214c2f5e87bad3c948f4d605d)
Start importing Assets/JTS_StoneLanterns/Mesh/Platform_Stone_A3.fbx using Guid(d74f7558354925c4ca166c481760485f) Importer(2089858483,b0f066a214c2f5e87bad3c948f4d605d) (ScriptedImporter) -> (Import Result ID: '6e45233c0d8b3d0825f3560acea3bab8') in 0.0069713 seconds [static and dynamic dependencies]. Details - ImportResultOutputID=31219bb9327c06716523c6be5820565f DependenciesID=3abcbf6bd2c4299d67a1549ec522a8a8 StaticDependenciesID=c8cb9974eb6c2698c469691bc2e71e71 
Number of updated asset objects reloaded before import = 0Number of asset objects unloaded after import = 7

========================================================================
Received Import Request.
  Time since last request: 0.000030 seconds.
  path: Assets/JTS_StoneLanterns/Textures/tex_lantern_stone_B2_hgt.psd
  importAddress: Guid(f7e75e8a2dc8d394986de7d5f01378ee) Importer(2089858483,b0f066a214c2f5e87bad3c948f4d605d)
Start importing Assets/JTS_StoneLanterns/Textures/tex_lantern_stone_B2_hgt.psd using Guid(f7e75e8a2dc8d394986de7d5f01378ee) Importer(2089858483,b0f066a214c2f5e87bad3c948f4d605d) (ScriptedImporter) -> (Import Result ID: '8359890a7a32b3aef68a71ee4faf6adf') in 0.0215368 seconds [static and dynamic dependencies]. Details - ImportResultOutputID=962f62d71952a89a03d36653645d91a4 DependenciesID=f8cfaa5efdbcd7f659eef9980b9ba398 StaticDependenciesID=1b77db2812720b8d4970e55811fc3cb1 
Number of updated asset objects reloaded before import = 0Number of asset objects unloaded after import = 1

========================================================================
Received Import Request.
  Time since last request: 0.000022 seconds.
  path: Assets/JTS_StoneLanterns/Textures/tex_lantern_stone_A3_msk.psd
  importAddress: Guid(520eee720086d1d4a9057a5d41aaa00d) Importer(2089858483,b0f066a214c2f5e87bad3c948f4d605d)
Start importing Assets/JTS_StoneLanterns/Textures/tex_lantern_stone_A3_msk.psd using Guid(520eee720086d1d4a9057a5d41aaa00d) Importer(2089858483,b0f066a214c2f5e87bad3c948f4d605d) (ScriptedImporter) -> (Import Result ID: 'a640d9e9800c1afb213f0f95d576ed1e') in 0.0078036 seconds [static and dynamic dependencies]. Details - ImportResultOutputID=c321cc9e301ae791c8f55389412d063e DependenciesID=b73110d8c7e479ab7bbccc51f202a049 StaticDependenciesID=cefe6b350e64cc87148bac42a5bc03fa 
Number of updated asset objects reloaded before import = 0Number of asset objects unloaded after import = 1

========================================================================
Received Import Request.
  Time since last request: 0.000021 seconds.
  path: Assets/JTS_StoneLanterns/_ReadMe.txt
  importAddress: Guid(69775686a0e81c144b8e77bc58f566fd) Importer(2089858483,b0f066a214c2f5e87bad3c948f4d605d)
Start importing Assets/JTS_StoneLanterns/_ReadMe.txt using Guid(69775686a0e81c144b8e77bc58f566fd) Importer(2089858483,b0f066a214c2f5e87bad3c948f4d605d) (ScriptedImporter) -> (Import Result ID: '9d31bcfe495de5b41dc7d3308a0a2eb7') in 0.0119711 seconds [static and dynamic dependencies]. Details - ImportResultOutputID=a18042be05a810ada0e91bbdfa90f214 DependenciesID=efdb1857c787f0ff9644915e0f7802dc StaticDependenciesID=1c9cb13dab91af665744ce7567338c12 
Number of updated asset objects reloaded before import = 0Number of asset objects unloaded after import = 1

========================================================================
Received Import Request.
  Time since last request: 0.000031 seconds.
  path: Assets/JTS_StoneLanterns/Materials
  importAddress: Guid(dec9e217babff7d409c73c03ece1ad72) Importer(2089858483,b0f066a214c2f5e87bad3c948f4d605d)
Start importing Assets/JTS_StoneLanterns/Materials using Guid(dec9e217babff7d409c73c03ece1ad72) Importer(2089858483,b0f066a214c2f5e87bad3c948f4d605d) (ScriptedImporter) -> (Import Result ID: '7c446e4fc86a8f1315cc1c12fdd93550') in 0.0026421 seconds [static and dynamic dependencies]. Details - ImportResultOutputID=7b13c2ff2e32e07121a2d90b7e2d0672 DependenciesID=4df44ee52dd14e756199fe1ba0a97ce9 StaticDependenciesID=1356f630d25c4c42c19537d46c3476c5 
Number of updated asset objects reloaded before import = 0Number of asset objects unloaded after import = 1

========================================================================
Received Import Request.
  Time since last request: 0.000020 seconds.
  path: Assets/JTS_StoneLanterns/Textures/tex_lantern_stone_D1_msk.psd
  importAddress: Guid(18bc5c803ba5e42489bb92071b4f2bde) Importer(2089858483,b0f066a214c2f5e87bad3c948f4d605d)
Start importing Assets/JTS_StoneLanterns/Textures/tex_lantern_stone_D1_msk.psd using Guid(18bc5c803ba5e42489bb92071b4f2bde) Importer(2089858483,b0f066a214c2f5e87bad3c948f4d605d) (ScriptedImporter) -> (Import Result ID: '879c1447f453fe0e71fcef5dd86b5c45') in 0.0066099 seconds [static and dynamic dependencies]. Details - ImportResultOutputID=e9f48caaed84027c3c18ffc5cd4cb97f DependenciesID=81d00ba12032724f7ac009f076ab5ebd StaticDependenciesID=0f685acf5665d958eb2b7a9018867d39 
Number of updated asset objects reloaded before import = 0Number of asset objects unloaded after import = 1

========================================================================
Received Import Request.
  Time since last request: 0.000021 seconds.
  path: Assets/JTS_StoneLanterns/Materials/mat_lantern_stone_C1.mat
  importAddress: Guid(64580f0fdf0a2574db60c39303a5e126) Importer(2089858483,b0f066a214c2f5e87bad3c948f4d605d)
Start importing Assets/JTS_StoneLanterns/Materials/mat_lantern_stone_C1.mat using Guid(64580f0fdf0a2574db60c39303a5e126) Importer(2089858483,b0f066a214c2f5e87bad3c948f4d605d) (ScriptedImporter) -> (Import Result ID: '1bdac0c54b46c6ec72327dd7fd7d7054') in 0.0316196 seconds [static and dynamic dependencies]. Details - ImportResultOutputID=d8f374daba74fb662fe7bad7fe453dc2 DependenciesID=6586823606ba9477cfc50151b40b0ad0 StaticDependenciesID=64dc410201d5f95deb3467004f0fedaf 
Number of updated asset objects reloaded before import = 0Number of asset objects unloaded after import = 5

========================================================================
Received Import Request.
  Time since last request: 0.000031 seconds.
  path: Assets/JTS_StoneLanterns/Prefabs/Lantern_Stone_A2.prefab
  importAddress: Guid(02da62e138f6f8f4cae68240231455ff) Importer(2089858483,b0f066a214c2f5e87bad3c948f4d605d)
Start importing Assets/JTS_StoneLanterns/Prefabs/Lantern_Stone_A2.prefab using Guid(02da62e138f6f8f4cae68240231455ff) Importer(2089858483,b0f066a214c2f5e87bad3c948f4d605d) (ScriptedImporter) -> (Import Result ID: 'f039b397e8014f35ca3904b119ca2856') in 0.0186523 seconds [static and dynamic dependencies]. Details - ImportResultOutputID=8036cc3e60412997f5afdde46512e739 DependenciesID=0a999b7a5860cba39cc2c254885f5d2c StaticDependenciesID=b28538e5452a7d85c022679b10cacc85 
Number of updated asset objects reloaded before import = 0Number of asset objects unloaded after import = 10

========================================================================
Received Import Request.
  Time since last request: 0.000027 seconds.
  path: Assets/JTS_StoneLanterns/Textures/tex_stone_block_A.psd
  importAddress: Guid(01318894f937c304abebf582f745a679) Importer(2089858483,b0f066a214c2f5e87bad3c948f4d605d)
Start importing Assets/JTS_StoneLanterns/Textures/tex_stone_block_A.psd using Guid(01318894f937c304abebf582f745a679) Importer(2089858483,b0f066a214c2f5e87bad3c948f4d605d) (ScriptedImporter) -> (Import Result ID: 'bf892f7e30ff883ec3ea911aa38b0e7d') in 0.0085943 seconds [static and dynamic dependencies]. Details - ImportResultOutputID=0348d948c5774eef1e7d4bf88a9b60a9 DependenciesID=db7ebd356ffd89b6d4f65c3b5b81953f StaticDependenciesID=d9f604235a735ccceae63c9e7dc88ce3 
Number of updated asset objects reloaded before import = 0Number of asset objects unloaded after import = 1

========================================================================
Received Import Request.
  Time since last request: 0.000017 seconds.
  path: Assets/JTS_StoneLanterns/Textures/tex_lantern_stone_D1_hgt.psd
  importAddress: Guid(674a81825598a234889e91133842e331) Importer(2089858483,b0f066a214c2f5e87bad3c948f4d605d)
Start importing Assets/JTS_StoneLanterns/Textures/tex_lantern_stone_D1_hgt.psd using Guid(674a81825598a234889e91133842e331) Importer(2089858483,b0f066a214c2f5e87bad3c948f4d605d) (ScriptedImporter) -> (Import Result ID: '34244a338dae9ed01513f35d3daaa320') in 0.0069076 seconds [static and dynamic dependencies]. Details - ImportResultOutputID=2f70e1d0986320e0c254f0d42c0872f6 DependenciesID=1a8bc357564e43f4f349c7375b85b64d StaticDependenciesID=91e300ad124b81428006aa8a20e759de 
Number of updated asset objects reloaded before import = 0Number of asset objects unloaded after import = 1

========================================================================
Received Import Request.
  Time since last request: 0.000019 seconds.
  path: Assets/JTS_StoneLanterns/Textures/tex_lantern_stone_C2_msk.psd
  importAddress: Guid(3ac867d65c7a5f44e945e853acc86c24) Importer(2089858483,b0f066a214c2f5e87bad3c948f4d605d)
Start importing Assets/JTS_StoneLanterns/Textures/tex_lantern_stone_C2_msk.psd using Guid(3ac867d65c7a5f44e945e853acc86c24) Importer(2089858483,b0f066a214c2f5e87bad3c948f4d605d) (ScriptedImporter) -> (Import Result ID: 'b60930e59ed29676ab69139888ebdaad') in 0.0065301 seconds [static and dynamic dependencies]. Details - ImportResultOutputID=49b4acd07feabbacd2c7268e1a26d9b3 DependenciesID=8b6aa2efb8528506a865e53c6aa12da6 StaticDependenciesID=ab1272a4b8cd7ea25b1805969ca11bca 
Number of updated asset objects reloaded before import = 0Number of asset objects unloaded after import = 1

========================================================================
Received Import Request.
  Time since last request: 0.000021 seconds.
  path: Assets/JTS_StoneLanterns/Textures/tex_lantern_stone_A2_hgt.psd
  importAddress: Guid(5c2ff0b88c593b544812f83de167fa0d) Importer(2089858483,b0f066a214c2f5e87bad3c948f4d605d)
Start importing Assets/JTS_StoneLanterns/Textures/tex_lantern_stone_A2_hgt.psd using Guid(5c2ff0b88c593b544812f83de167fa0d) Importer(2089858483,b0f066a214c2f5e87bad3c948f4d605d) (ScriptedImporter) -> (Import Result ID: '54f14dd80aacb754bcb7facfd63629e7') in 0.007246 seconds [static and dynamic dependencies]. Details - ImportResultOutputID=d8db2736cdd90c74be460a09a1ca92fa DependenciesID=b025a2733774d5ab1da1de1a1f0679d8 StaticDependenciesID=ed991a1e86bed36bb6da436b55c238a4 
Number of updated asset objects reloaded before import = 0Number of asset objects unloaded after import = 1

========================================================================
Received Import Request.
  Time since last request: 0.000025 seconds.
  path: Assets/JTS_StoneLanterns/Mesh/Lantern_Stone_D1.fbx
  importAddress: Guid(0d6159f010998b74a8c615dd4b39d10a) Importer(2089858483,b0f066a214c2f5e87bad3c948f4d605d)
Start importing Assets/JTS_StoneLanterns/Mesh/Lantern_Stone_D1.fbx using Guid(0d6159f010998b74a8c615dd4b39d10a) Importer(2089858483,b0f066a214c2f5e87bad3c948f4d605d) (ScriptedImporter) -> (Import Result ID: 'f1be751b05a2e086c4a4b15aa0300ca3') in 0.0072503 seconds [static and dynamic dependencies]. Details - ImportResultOutputID=6cae99714c7a0d300deac4fc14671aff DependenciesID=5a2909872864b04e67c432ede32e369a StaticDependenciesID=89944f4a517b82ea9fc42a257a736d15 
Number of updated asset objects reloaded before import = 0Number of asset objects unloaded after import = 7

========================================================================
Received Import Request.
  Time since last request: 0.000025 seconds.
  path: Assets/JTS_StoneLanterns/Textures/tex_lantern_stone_B2.psd
  importAddress: Guid(ac714d023ac601643885eb6891310287) Importer(2089858483,b0f066a214c2f5e87bad3c948f4d605d)
Start importing Assets/JTS_StoneLanterns/Textures/tex_lantern_stone_B2.psd using Guid(ac714d023ac601643885eb6891310287) Importer(2089858483,b0f066a214c2f5e87bad3c948f4d605d) (ScriptedImporter) -> (Import Result ID: 'c6ca1f43b5d13b5f2701d394b057b148') in 0.009055 seconds [static and dynamic dependencies]. Details - ImportResultOutputID=c9bd0b2fa23339df8a9f04dfb6757565 DependenciesID=bb1788b8fce22339803dcad97e2c2c17 StaticDependenciesID=922463c5c01d4e4dfd4dfc9ecb03a52e 
Number of updated asset objects reloaded before import = 0Number of asset objects unloaded after import = 1

========================================================================
Received Import Request.
  Time since last request: 0.000028 seconds.
  path: Assets/JTS_StoneLanterns/Mesh/Platform_Stone_B3.fbx
  importAddress: Guid(6524136ba9e836b4ab98cbc8e77d582e) Importer(2089858483,b0f066a214c2f5e87bad3c948f4d605d)
Start importing Assets/JTS_StoneLanterns/Mesh/Platform_Stone_B3.fbx using Guid(6524136ba9e836b4ab98cbc8e77d582e) Importer(2089858483,b0f066a214c2f5e87bad3c948f4d605d) (ScriptedImporter) -> (Import Result ID: '7450e85fd8cc009720d95e8433964c48') in 0.0081855 seconds [static and dynamic dependencies]. Details - ImportResultOutputID=d4dfd47786a293a99747c0462dd92ba2 DependenciesID=84c729a75b1ee82aa5e51bf7fdb6bbf3 StaticDependenciesID=e0b92f1c826f48d7108037df80fbe8d8 
Number of updated asset objects reloaded before import = 0Number of asset objects unloaded after import = 7

========================================================================
Received Import Request.
  Time since last request: 0.000023 seconds.
  path: Assets/JTS_StoneLanterns/Mesh/Lantern_Stone_A1.fbx
  importAddress: Guid(e06a76b5f0829d44f88dce79c0586f1f) Importer(2089858483,b0f066a214c2f5e87bad3c948f4d605d)
Start importing Assets/JTS_StoneLanterns/Mesh/Lantern_Stone_A1.fbx using Guid(e06a76b5f0829d44f88dce79c0586f1f) Importer(2089858483,b0f066a214c2f5e87bad3c948f4d605d) (ScriptedImporter) -> (Import Result ID: 'b76a05952d5689bfcd2496a5b6498f1c') in 0.0062869 seconds [static and dynamic dependencies]. Details - ImportResultOutputID=bb9534b05d9cfe2859a966f67a3b6b55 DependenciesID=e7afc29522836987ddcdf025be3484da StaticDependenciesID=1ee895dea3337dfe40f947ada1b0c75c 
Number of updated asset objects reloaded before import = 0Number of asset objects unloaded after import = 7

========================================================================
Received Import Request.
  Time since last request: 0.000020 seconds.
  path: Assets/JTS_StoneLanterns/Prefabs/Lantern_Stone_A1.prefab
  importAddress: Guid(78619024aa8ea134aad7e42921d39694) Importer(2089858483,b0f066a214c2f5e87bad3c948f4d605d)
Start importing Assets/JTS_StoneLanterns/Prefabs/Lantern_Stone_A1.prefab using Guid(78619024aa8ea134aad7e42921d39694) Importer(2089858483,b0f066a214c2f5e87bad3c948f4d605d) (ScriptedImporter) -> (Import Result ID: '8b2013f60fd959267f564d2a24c6b515') in 0.005977 seconds [static and dynamic dependencies]. Details - ImportResultOutputID=e95847f523f404dd6d276ad35d954341 DependenciesID=05376355520ec655264ed471f6c1c2c1 StaticDependenciesID=d4b0fc6c92758f1260f81d12c00a6681 
Number of updated asset objects reloaded before import = 0Number of asset objects unloaded after import = 10

========================================================================
Received Import Request.
  Time since last request: 0.000020 seconds.
  path: Assets/JTS_StoneLanterns/Materials/mat_lantern_stone_B1.mat
  importAddress: Guid(7d22d477e8ca43c4db83430105f3e46d) Importer(2089858483,b0f066a214c2f5e87bad3c948f4d605d)
Start importing Assets/JTS_StoneLanterns/Materials/mat_lantern_stone_B1.mat using Guid(7d22d477e8ca43c4db83430105f3e46d) Importer(2089858483,b0f066a214c2f5e87bad3c948f4d605d) (ScriptedImporter) -> (Import Result ID: '2e9d82b953bdf349db8fed4875d000f5') in 0.0213042 seconds [static and dynamic dependencies]. Details - ImportResultOutputID=cd016020092b0a9e03d01f6f04d8ca51 DependenciesID=8bf5ca7574912de34dbdec204b27ef50 StaticDependenciesID=3b3698597c388de8f6e717083289cc58 
Number of updated asset objects reloaded before import = 0Number of asset objects unloaded after import = 5

========================================================================
Received Import Request.
  Time since last request: 0.000021 seconds.
  path: Assets/JTS_StoneLanterns/Textures/tex_lantern_stone_C3_hgt.psd
  importAddress: Guid(0edd81cfaafd39441b9a59501b0466ca) Importer(2089858483,b0f066a214c2f5e87bad3c948f4d605d)
Start importing Assets/JTS_StoneLanterns/Textures/tex_lantern_stone_C3_hgt.psd using Guid(0edd81cfaafd39441b9a59501b0466ca) Importer(2089858483,b0f066a214c2f5e87bad3c948f4d605d) (ScriptedImporter) -> (Import Result ID: '61e23fc7f032bc5396164dbb2a769cba') in 0.0064072 seconds [static and dynamic dependencies]. Details - ImportResultOutputID=a8637f9b29462eaebd9c6c586f6c2c32 DependenciesID=eab8b08839dd016a8b6c5350722f6eda StaticDependenciesID=6b7fccbcd4811e77a1af5628aeb8de42 
Number of updated asset objects reloaded before import = 0Number of asset objects unloaded after import = 1

========================================================================
Received Import Request.
  Time since last request: 0.000019 seconds.
  path: Assets/JTS_StoneLanterns/Materials/mat_stone_block_A.mat
  importAddress: Guid(3a2a2dbc3616e4747993c015df7b1d31) Importer(2089858483,b0f066a214c2f5e87bad3c948f4d605d)
Start importing Assets/JTS_StoneLanterns/Materials/mat_stone_block_A.mat using Guid(3a2a2dbc3616e4747993c015df7b1d31) Importer(2089858483,b0f066a214c2f5e87bad3c948f4d605d) (ScriptedImporter) -> (Import Result ID: 'b0dd51f1a55109ecab2561bde2779070') in 0.0178742 seconds [static and dynamic dependencies]. Details - ImportResultOutputID=3090da4bc44ba0aa8faebd71349fcc26 DependenciesID=e544f482d0507e29e975d1db4047f8ae StaticDependenciesID=64c4f42f85cf886629782a2583b22527 
Number of updated asset objects reloaded before import = 0Number of asset objects unloaded after import = 5

========================================================================
Received Import Request.
  Time since last request: 0.000030 seconds.
  path: Assets/JTS_StoneLanterns/Textures/tex_lantern_stone_A2_msk.psd
  importAddress: Guid(9c4e6590eca490c44a92c489406e26b1) Importer(2089858483,b0f066a214c2f5e87bad3c948f4d605d)
Start importing Assets/JTS_StoneLanterns/Textures/tex_lantern_stone_A2_msk.psd using Guid(9c4e6590eca490c44a92c489406e26b1) Importer(2089858483,b0f066a214c2f5e87bad3c948f4d605d) (ScriptedImporter) -> (Import Result ID: '8c7bd893ae0dc0b883e37aeadf862e74') in 0.0062394 seconds [static and dynamic dependencies]. Details - ImportResultOutputID=5a4a3ad068acd5c0c8f765ccfee98faa DependenciesID=dc0637e27b624db80a9fe5778eb0e363 StaticDependenciesID=b2ec890f642d6dc948bcd10e20ac9cb9 
Number of updated asset objects reloaded before import = 0Number of asset objects unloaded after import = 1

========================================================================
Received Import Request.
  Time since last request: 0.000030 seconds.
  path: Assets/JTS_StoneLanterns/Mesh/Lantern_Stone_B2.fbx
  importAddress: Guid(132e8768936bc1341bfe87c8cf4aa995) Importer(2089858483,b0f066a214c2f5e87bad3c948f4d605d)
Start importing Assets/JTS_StoneLanterns/Mesh/Lantern_Stone_B2.fbx using Guid(132e8768936bc1341bfe87c8cf4aa995) Importer(2089858483,b0f066a214c2f5e87bad3c948f4d605d) (ScriptedImporter) -> (Import Result ID: 'd2b509f26e9102633963f26b0c1a4b3a') in 0.0196366 seconds [static and dynamic dependencies]. Details - ImportResultOutputID=1f1ba6f1979303d8cc953fd7ca4e8f83 DependenciesID=f849a2cc7432ee2eceac3100d11e738f StaticDependenciesID=05c0ff61aebc83257fe67efd28a4ecc8 
Number of updated asset objects reloaded before import = 0Number of asset objects unloaded after import = 7

========================================================================
Received Import Request.
  Time since last request: 0.000020 seconds.
  path: Assets/JTS_StoneLanterns/Textures/tex_lantern_stone_B3.psd
  importAddress: Guid(3f77095b7e85eb246a52ee834f488941) Importer(2089858483,b0f066a214c2f5e87bad3c948f4d605d)
Start importing Assets/JTS_StoneLanterns/Textures/tex_lantern_stone_B3.psd using Guid(3f77095b7e85eb246a52ee834f488941) Importer(2089858483,b0f066a214c2f5e87bad3c948f4d605d) (ScriptedImporter) -> (Import Result ID: '89de1e0e60f36ca66e048364b5dcbbce') in 0.0079974 seconds [static and dynamic dependencies]. Details - ImportResultOutputID=4e6b92154bc4effdfcad59570f9f2a34 DependenciesID=25467d3f79b1bcb15e65c9a4c96ecdab StaticDependenciesID=6348b9c868d0441f4a222f35ea8a862f 
Number of updated asset objects reloaded before import = 0Number of asset objects unloaded after import = 1

========================================================================
Received Import Request.
  Time since last request: 32.439293 seconds.
  path: Assets/PolyOne
  importAddress: Guid(68b5bde4768285249b6bb704bdbf528d) Importer(815301076,1909f56bfc062723c751e8b465ee728b)
Start importing Assets/PolyOne using Guid(68b5bde4768285249b6bb704bdbf528d) Importer(815301076,1909f56bfc062723c751e8b465ee728b) (PreviewImporter) -> (Import Result ID: '36297e3d5761befd7825cb9f3741fa3f') in 0.0018214 seconds [static and dynamic dependencies]. Details - ImportResultOutputID=bb2c4962558210035371578a94db1ae1 DependenciesID=71e6d3926558c52043ff38d9619c0e92 StaticDependenciesID=eb4af81b049d01a7111a60cd86142e79 
Number of updated asset objects reloaded before import = 0Number of asset objects unloaded after import = 0

========================================================================
Received Import Request.
  Time since last request: 6.907359 seconds.
  path: Assets/AssetesDescargados/PolyOne/Rocks Stylized/Materials
  importAddress: Guid(611ded08a5f6e8543bec082f8d8825f5) Importer(2089858483,b0f066a214c2f5e87bad3c948f4d605d)
Start importing Assets/AssetesDescargados/PolyOne/Rocks Stylized/Materials using Guid(611ded08a5f6e8543bec082f8d8825f5) Importer(2089858483,b0f066a214c2f5e87bad3c948f4d605d) (ScriptedImporter) -> (Import Result ID: 'c0a5cf1c6fa4c7002467de7027088bef') in 0.0026391 seconds [static and dynamic dependencies]. Details - ImportResultOutputID=aeb2014ce3e982542d9f995d9fa86091 DependenciesID=9f193bb98cec1f10a4fb78c90e208d38 StaticDependenciesID=e8401bd08957055cd7440be498617749 
Number of updated asset objects reloaded before import = 0Number of asset objects unloaded after import = 1

========================================================================
Received Import Request.
  Time since last request: 0.000021 seconds.
  path: Assets/AssetesDescargados/PolyOne/Rocks Stylized/Model/SM_Rocks_06.fbx
  importAddress: Guid(b9345a3ca075e5f40a66e72cf7a85ae9) Importer(2089858483,b0f066a214c2f5e87bad3c948f4d605d)
Start importing Assets/AssetesDescargados/PolyOne/Rocks Stylized/Model/SM_Rocks_06.fbx using Guid(b9345a3ca075e5f40a66e72cf7a85ae9) Importer(2089858483,b0f066a214c2f5e87bad3c948f4d605d) (ScriptedImporter) -> (Import Result ID: 'e1ea30e8c8f89744515f8fe9c8923170') in 0.0070001 seconds [static and dynamic dependencies]. Details - ImportResultOutputID=e10d3e0ef519b6fcdca14ed1b0d33c09 DependenciesID=97ecddb9f441bfac091caafe84def683 StaticDependenciesID=877697bf23fe0db4341122726b50370b 
Number of updated asset objects reloaded before import = 0Number of asset objects unloaded after import = 8

========================================================================
Received Import Request.
  Time since last request: 0.000020 seconds.
  path: Assets/_TerrainAutoUpgrade
  importAddress: Guid(1171a2572d8a9754383e85b49dfd03cb) Importer(815301076,1909f56bfc062723c751e8b465ee728b)
Start importing Assets/_TerrainAutoUpgrade using Guid(1171a2572d8a9754383e85b49dfd03cb) Importer(815301076,1909f56bfc062723c751e8b465ee728b) (PreviewImporter) -> (Import Result ID: '0bf1c08d94554e46430be60aeca56325') in 0.0004631 seconds [static and dynamic dependencies]. Details - ImportResultOutputID=e3539fb9eecdc3ac8e4e44dd11d43e9a DependenciesID=435a9ddc747ffee38818dc986c2f4a07 StaticDependenciesID=a44941b52b2083f00476ad21c066a097 
Number of updated asset objects reloaded before import = 0Number of asset objects unloaded after import = 0

========================================================================
Received Import Request.
  Time since last request: 0.000023 seconds.
  path: Assets/AssetesDescargados/PolyOne/Rocks Stylized/Prefabs/SM_Rocks_06.prefab
  importAddress: Guid(b2981534d2ac4244fafb153e0cb4c9c2) Importer(2089858483,b0f066a214c2f5e87bad3c948f4d605d)
Start importing Assets/AssetesDescargados/PolyOne/Rocks Stylized/Prefabs/SM_Rocks_06.prefab using Guid(b2981534d2ac4244fafb153e0cb4c9c2) Importer(2089858483,b0f066a214c2f5e87bad3c948f4d605d) (ScriptedImporter) -> (Import Result ID: 'a15342345847898e7430abe60dd22760') in 0.0048904 seconds [static and dynamic dependencies]. Details - ImportResultOutputID=99306954f92a776c69e925dd43bb477b DependenciesID=c3b54698c2b31694055bef3ba11d3622 StaticDependenciesID=4b914fe4f82d94f90af5a1804fb711f5 
Number of updated asset objects reloaded before import = 0Number of asset objects unloaded after import = 8

========================================================================
Received Import Request.
  Time since last request: 0.000028 seconds.
  path: Assets/AssetesDescargados/PolyOne/Rocks Stylized/Model/SM_Rocks_05.fbx
  importAddress: Guid(9452232cc6ad8fa40aca80b7e5efc95d) Importer(2089858483,b0f066a214c2f5e87bad3c948f4d605d)
Start importing Assets/AssetesDescargados/PolyOne/Rocks Stylized/Model/SM_Rocks_05.fbx using Guid(9452232cc6ad8fa40aca80b7e5efc95d) Importer(2089858483,b0f066a214c2f5e87bad3c948f4d605d) (ScriptedImporter) -> (Import Result ID: '3984463edde4e2e4d06935453801f211') in 0.009164 seconds [static and dynamic dependencies]. Details - ImportResultOutputID=3a6c913579f31875e690cb2957f31f83 DependenciesID=92e7cef33c251dc9f541017569e1cc93 StaticDependenciesID=f86dc286fd977f16995f75e232d08631 
Number of updated asset objects reloaded before import = 0Number of asset objects unloaded after import = 8

========================================================================
Received Import Request.
  Time since last request: 0.000034 seconds.
  path: Assets/AssetesDescargados/PolyOne/Rocks Stylized/Model/SM_Rocks_08.fbx
  importAddress: Guid(72265316621dece4681e00919261da6e) Importer(2089858483,b0f066a214c2f5e87bad3c948f4d605d)
Start importing Assets/AssetesDescargados/PolyOne/Rocks Stylized/Model/SM_Rocks_08.fbx using Guid(72265316621dece4681e00919261da6e) Importer(2089858483,b0f066a214c2f5e87bad3c948f4d605d) (ScriptedImporter) -> (Import Result ID: 'a8057dda75047ab6ab1a7dfced44cfeb') in 0.0063316 seconds [static and dynamic dependencies]. Details - ImportResultOutputID=d793fab96083f735777b1d40b6830f21 DependenciesID=4551435b36cb69494d98f9707a440640 StaticDependenciesID=6cc8623e761532563af4d2f0c68383d7 
Number of updated asset objects reloaded before import = 0Number of asset objects unloaded after import = 8

========================================================================
Received Import Request.
  Time since last request: 0.000019 seconds.
  path: Assets/AssetesDescargados/PolyOne/Rocks Stylized/Model/SM_Rocks_07.fbx
  importAddress: Guid(2677d9e54387c1b4d800836555a6c300) Importer(2089858483,b0f066a214c2f5e87bad3c948f4d605d)
Start importing Assets/AssetesDescargados/PolyOne/Rocks Stylized/Model/SM_Rocks_07.fbx using Guid(2677d9e54387c1b4d800836555a6c300) Importer(2089858483,b0f066a214c2f5e87bad3c948f4d605d) (ScriptedImporter) -> (Import Result ID: '946711cfcda30bc215c3f751fe5e01ed') in 0.0082837 seconds [static and dynamic dependencies]. Details - ImportResultOutputID=2c128ae5cc35b7b64286edf7925da836 DependenciesID=44e16b3ad2923486dc9de0f3fd5bf04f StaticDependenciesID=17e4d68e71eda22f28b6286f24c109d8 
Number of updated asset objects reloaded before import = 0Number of asset objects unloaded after import = 8

========================================================================
Received Import Request.
  Time since last request: 0.000021 seconds.
  path: Assets/AssetesDescargados/PolyOne/Rocks Stylized/Model/SM_Rocks_01.fbx
  importAddress: Guid(3a36df0c3c359b44598ca9d9cfe55bd4) Importer(2089858483,b0f066a214c2f5e87bad3c948f4d605d)
Start importing Assets/AssetesDescargados/PolyOne/Rocks Stylized/Model/SM_Rocks_01.fbx using Guid(3a36df0c3c359b44598ca9d9cfe55bd4) Importer(2089858483,b0f066a214c2f5e87bad3c948f4d605d) (ScriptedImporter) -> (Import Result ID: 'ae7c5472ac45d3226bc643d9fa5ef3fa') in 0.007423 seconds [static and dynamic dependencies]. Details - ImportResultOutputID=327ab577ca1b6cc7959ec181b2f38f7d DependenciesID=a844ae325ba3f0bdaaabf8d8d5de3717 StaticDependenciesID=11e5f02e88eaab1c93476ce02d610ac4 
Number of updated asset objects reloaded before import = 0Number of asset objects unloaded after import = 8

========================================================================
Received Import Request.
  Time since last request: 0.000027 seconds.
  path: Assets/AssetesDescargados/PolyOne/Rocks Stylized/Prefabs/SM_Rocks_10.prefab
  importAddress: Guid(f4bf1f00267b19b4a8174c9b9a311b21) Importer(2089858483,b0f066a214c2f5e87bad3c948f4d605d)
Start importing Assets/AssetesDescargados/PolyOne/Rocks Stylized/Prefabs/SM_Rocks_10.prefab using Guid(f4bf1f00267b19b4a8174c9b9a311b21) Importer(2089858483,b0f066a214c2f5e87bad3c948f4d605d) (ScriptedImporter) -> (Import Result ID: 'dfe15caecc4812a60e86e3d506cbc63a') in 0.0047783 seconds [static and dynamic dependencies]. Details - ImportResultOutputID=bc2af7dc133a7d74b3f45e434f8aecc2 DependenciesID=a2298bec7fca9d2a09f5380c8c628166 StaticDependenciesID=69e0a6cc586515229d3f3edbace5639f 
Number of updated asset objects reloaded before import = 0Number of asset objects unloaded after import = 8

========================================================================
Received Import Request.
  Time since last request: 0.000020 seconds.
  path: Assets/AssetesDescargados/PolyOne/Rocks Stylized/Model/SM_Rocks_03.fbx
  importAddress: Guid(0e7903d1f997cc645bad3674ffab5d1b) Importer(2089858483,b0f066a214c2f5e87bad3c948f4d605d)
Start importing Assets/AssetesDescargados/PolyOne/Rocks Stylized/Model/SM_Rocks_03.fbx using Guid(0e7903d1f997cc645bad3674ffab5d1b) Importer(2089858483,b0f066a214c2f5e87bad3c948f4d605d) (ScriptedImporter) -> (Import Result ID: 'a37f7093d67e80f8119edc93ed909a4a') in 0.006963 seconds [static and dynamic dependencies]. Details - ImportResultOutputID=248c820f02f0a1b9c6cdc80313cdb035 DependenciesID=5092ae59fc469d55324cc3a5bb2375d6 StaticDependenciesID=60d8ab0b37e64ae5c72107952a83b33f 
Number of updated asset objects reloaded before import = 0Number of asset objects unloaded after import = 8

========================================================================
Received Import Request.
  Time since last request: 0.000022 seconds.
  path: Assets/AssetesDescargados/PolyOne/Rocks Stylized/Model/SM_Rocks_10.fbx
  importAddress: Guid(0f6dbbacfdd641b43ac1e4ef6fa19ead) Importer(2089858483,b0f066a214c2f5e87bad3c948f4d605d)
Start importing Assets/AssetesDescargados/PolyOne/Rocks Stylized/Model/SM_Rocks_10.fbx using Guid(0f6dbbacfdd641b43ac1e4ef6fa19ead) Importer(2089858483,b0f066a214c2f5e87bad3c948f4d605d) (ScriptedImporter) -> (Import Result ID: 'bf6f643467ed70b48b1924d732c1d2e8') in 0.0065196 seconds [static and dynamic dependencies]. Details - ImportResultOutputID=0d4a0eea771104b3bdfd6fa22c5a5dcb DependenciesID=c187f9f2323ddadd3504a9dbb04ac7ba StaticDependenciesID=287b84879095c89d2900038e9d97a1b2 
Number of updated asset objects reloaded before import = 0Number of asset objects unloaded after import = 8

========================================================================
Received Import Request.
  Time since last request: 0.000022 seconds.
  path: Assets/AssetesDescargados/PolyOne/Rocks Stylized/Scene/Demo_Rocks Stylized.unity
  importAddress: Guid(eb7fdb1d4905bf94cbe147748dce2c4c) Importer(2089858483,b0f066a214c2f5e87bad3c948f4d605d)
Start importing Assets/AssetesDescargados/PolyOne/Rocks Stylized/Scene/Demo_Rocks Stylized.unity using Guid(eb7fdb1d4905bf94cbe147748dce2c4c) Importer(2089858483,b0f066a214c2f5e87bad3c948f4d605d) (ScriptedImporter) -> (Import Result ID: '0501f0d39c4d3590d24896cdfae39906') in 0.0033635 seconds [static and dynamic dependencies]. Details - ImportResultOutputID=8ca49e1a6b333bf4446b803161cd1a8a DependenciesID=9f1953ae7f0e23f1be7d9ba0caba9e1a StaticDependenciesID=cfc75029a369fb54bcf4819cd6b12178 
Number of updated asset objects reloaded before import = 0Number of asset objects unloaded after import = 1

========================================================================
Received Import Request.
  Time since last request: 0.000036 seconds.
  path: Assets/AssetesDescargados/PolyOne/Rocks Stylized
  importAddress: Guid(2ec3d80d6b28fc14c970c1db9958377e) Importer(2089858483,b0f066a214c2f5e87bad3c948f4d605d)
Start importing Assets/AssetesDescargados/PolyOne/Rocks Stylized using Guid(2ec3d80d6b28fc14c970c1db9958377e) Importer(2089858483,b0f066a214c2f5e87bad3c948f4d605d) (ScriptedImporter) -> (Import Result ID: '93b84f238058b4008d8dd16fb1a24b13') in 0.0027383 seconds [static and dynamic dependencies]. Details - ImportResultOutputID=b04c1650f7501e46759f535a140b2861 DependenciesID=c35dbf818aca45056f0fdc1fdba23053 StaticDependenciesID=c61505f0cc4f72036ac49cc035fe989e 
Number of updated asset objects reloaded before import = 0Number of asset objects unloaded after import = 1

========================================================================
Received Import Request.
  Time since last request: 0.000019 seconds.
  path: Assets/AssetesDescargados/PolyOne/Rocks Stylized/Model/SM_Rocks_09.fbx
  importAddress: Guid(cbf3b0bad77b9904882fc1982d9926cc) Importer(2089858483,b0f066a214c2f5e87bad3c948f4d605d)
Start importing Assets/AssetesDescargados/PolyOne/Rocks Stylized/Model/SM_Rocks_09.fbx using Guid(cbf3b0bad77b9904882fc1982d9926cc) Importer(2089858483,b0f066a214c2f5e87bad3c948f4d605d) (ScriptedImporter) -> (Import Result ID: 'bc34ca88983f1ca5e9a5437854e73d13') in 0.00756 seconds [static and dynamic dependencies]. Details - ImportResultOutputID=8cadf60c671d087a4ca650bba5d8f5fb DependenciesID=0d1a8e30c06cebb8d6498acee69db29b StaticDependenciesID=da1a72effd7eb08a71ca41cc308031cd 
Number of updated asset objects reloaded before import = 0Number of asset objects unloaded after import = 8

========================================================================
Received Import Request.
  Time since last request: 0.000034 seconds.
  path: Assets/AssetesDescargados/PolyOne/Rocks Stylized/Model/SM_Rocks_04.fbx
  importAddress: Guid(2767b4c56e91d1e4695c7429b1d379b9) Importer(2089858483,b0f066a214c2f5e87bad3c948f4d605d)
Start importing Assets/AssetesDescargados/PolyOne/Rocks Stylized/Model/SM_Rocks_04.fbx using Guid(2767b4c56e91d1e4695c7429b1d379b9) Importer(2089858483,b0f066a214c2f5e87bad3c948f4d605d) (ScriptedImporter) -> (Import Result ID: '5ef512c82f125d29db3de0d0553beebf') in 0.0071531 seconds [static and dynamic dependencies]. Details - ImportResultOutputID=8621fc24b15520d3a467c07d80c02268 DependenciesID=526df8aefbc5dc4cdee720a1ae3e68a9 StaticDependenciesID=9c754d36a753b605207b68d31f12565f 
Number of updated asset objects reloaded before import = 0Number of asset objects unloaded after import = 8

========================================================================
Received Import Request.
  Time since last request: 0.000021 seconds.
  path: Assets/AssetesDescargados/PolyOne/Rocks Stylized/Prefabs/SM_Rocks_01.prefab
  importAddress: Guid(0b7c39db641be5044ab85ba9f56a629a) Importer(2089858483,b0f066a214c2f5e87bad3c948f4d605d)
Start importing Assets/AssetesDescargados/PolyOne/Rocks Stylized/Prefabs/SM_Rocks_01.prefab using Guid(0b7c39db641be5044ab85ba9f56a629a) Importer(2089858483,b0f066a214c2f5e87bad3c948f4d605d) (ScriptedImporter) -> (Import Result ID: '05107f65999f3079e48e7bc87b7ee05c') in 0.0050022 seconds [static and dynamic dependencies]. Details - ImportResultOutputID=73c369e5896bcbe5582b40cbbf18b8b7 DependenciesID=21f3f136efedbe586ae771b068961de0 StaticDependenciesID=19f2b13c654143daa44fc55bd64fee75 
Number of updated asset objects reloaded before import = 0Number of asset objects unloaded after import = 8

========================================================================
Received Import Request.
  Time since last request: 0.000025 seconds.
  path: Assets/AssetesDescargados/PolyOne/Rocks Stylized/Texture/Rocks_Stylized_Color.png
  importAddress: Guid(4b1123766a5343d4a83555e9975055a2) Importer(2089858483,b0f066a214c2f5e87bad3c948f4d605d)
Start importing Assets/AssetesDescargados/PolyOne/Rocks Stylized/Texture/Rocks_Stylized_Color.png using Guid(4b1123766a5343d4a83555e9975055a2) Importer(2089858483,b0f066a214c2f5e87bad3c948f4d605d) (ScriptedImporter) -> (Import Result ID: '82372f5bb1612129a84dd7fb3f90d3ee') in 0.0066342 seconds [static and dynamic dependencies]. Details - ImportResultOutputID=d5b9427ed3fb9130d04a0c2ce15ef10d DependenciesID=80988ae59ad748a0581172bdc14e8a88 StaticDependenciesID=455e817a2a8f6aa1a733e0971858aa1f 
Number of updated asset objects reloaded before import = 0Number of asset objects unloaded after import = 1

========================================================================
Received Import Request.
  Time since last request: 0.000023 seconds.
  path: Assets/AssetesDescargados/PolyOne/Rocks Stylized/Materials/Plane_M.mat
  importAddress: Guid(9f568ba3b52517d4e9cce6422a608655) Importer(2089858483,b0f066a214c2f5e87bad3c948f4d605d)
Start importing Assets/AssetesDescargados/PolyOne/Rocks Stylized/Materials/Plane_M.mat using Guid(9f568ba3b52517d4e9cce6422a608655) Importer(2089858483,b0f066a214c2f5e87bad3c948f4d605d) (ScriptedImporter) -> (Import Result ID: 'b08e8d55151eca33b13640604d8d9a7b') in 0.0039671 seconds [static and dynamic dependencies]. Details - ImportResultOutputID=290ee7bde9878e6bf0720e61f8cc2f9c DependenciesID=62df060cbdb2347cac4ee0d36ab102e5 StaticDependenciesID=2586ead17abfe6a82e6f484c5b15e68b 
Number of updated asset objects reloaded before import = 0Number of asset objects unloaded after import = 1

========================================================================
Received Import Request.
  Time since last request: 0.000019 seconds.
  path: Assets/AssetesDescargados/PolyOne/Rocks Stylized/Prefabs/SM_Rocks_04.prefab
  importAddress: Guid(7cb1a6b5b01d08b449d57dfddf54dd44) Importer(2089858483,b0f066a214c2f5e87bad3c948f4d605d)
Start importing Assets/AssetesDescargados/PolyOne/Rocks Stylized/Prefabs/SM_Rocks_04.prefab using Guid(7cb1a6b5b01d08b449d57dfddf54dd44) Importer(2089858483,b0f066a214c2f5e87bad3c948f4d605d) (ScriptedImporter) -> (Import Result ID: '1f5e6b4f80e7dc9a55c695c74b24e185') in 0.0060814 seconds [static and dynamic dependencies]. Details - ImportResultOutputID=c9c1055ededc8844a61dc8a08c097378 DependenciesID=dfd22b9c120c2e32a7ed4900fd2b989d StaticDependenciesID=25dfa18baf153d7b0af668393c4d3155 
Number of updated asset objects reloaded before import = 0Number of asset objects unloaded after import = 8

========================================================================
Received Import Request.
  Time since last request: 0.000022 seconds.
  path: Assets/AssetesDescargados/PolyOne/Rocks Stylized/Prefabs/SM_Rocks_09.prefab
  importAddress: Guid(967b6a4dedfb5424f8c3a056595dab0e) Importer(2089858483,b0f066a214c2f5e87bad3c948f4d605d)
Start importing Assets/AssetesDescargados/PolyOne/Rocks Stylized/Prefabs/SM_Rocks_09.prefab using Guid(967b6a4dedfb5424f8c3a056595dab0e) Importer(2089858483,b0f066a214c2f5e87bad3c948f4d605d) (ScriptedImporter) -> (Import Result ID: '9d9ac99cf510bce6d4a381172ebf38d5') in 0.0051758 seconds [static and dynamic dependencies]. Details - ImportResultOutputID=129a60cb2534ed1b05dbd9f9ce9594e5 DependenciesID=ceb04e3b48fe031c6464f9d938c9459c StaticDependenciesID=68aa954b6b0a20a24f40830b23ca1404 
Number of updated asset objects reloaded before import = 0Number of asset objects unloaded after import = 8

========================================================================
Received Import Request.
  Time since last request: 0.000030 seconds.
  path: Assets/AssetesDescargados/PolyOne/Rocks Stylized/Scene
  importAddress: Guid(46c89c3f089549e4ebb9d3e3fa6d2d84) Importer(2089858483,b0f066a214c2f5e87bad3c948f4d605d)
Start importing Assets/AssetesDescargados/PolyOne/Rocks Stylized/Scene using Guid(46c89c3f089549e4ebb9d3e3fa6d2d84) Importer(2089858483,b0f066a214c2f5e87bad3c948f4d605d) (ScriptedImporter) -> (Import Result ID: '8b2eed76b041d6b7cbe6aaa1de35b813') in 0.0027643 seconds [static and dynamic dependencies]. Details - ImportResultOutputID=d847189a6a6bb841082b0e24166d634c DependenciesID=af74e0728f4b7cede400ba259992af7a StaticDependenciesID=537a2e6fbcada287617f19598e857090 
Number of updated asset objects reloaded before import = 0Number of asset objects unloaded after import = 1

========================================================================
Received Import Request.
  Time since last request: 0.000021 seconds.
  path: Assets/AssetesDescargados/PolyOne/Rocks Stylized/Prefabs/SM_Rocks_05.prefab
  importAddress: Guid(87123ac33e4f0f04bacc28c3d2dcb0f6) Importer(2089858483,b0f066a214c2f5e87bad3c948f4d605d)
Start importing Assets/AssetesDescargados/PolyOne/Rocks Stylized/Prefabs/SM_Rocks_05.prefab using Guid(87123ac33e4f0f04bacc28c3d2dcb0f6) Importer(2089858483,b0f066a214c2f5e87bad3c948f4d605d) (ScriptedImporter) -> (Import Result ID: '72f0c8069bd25ac00ef00252476d6aa6') in 0.0075187 seconds [static and dynamic dependencies]. Details - ImportResultOutputID=b2c5741939385630aaaae8787b9f3c93 DependenciesID=c15f84c07c173ec4bce00843b6453815 StaticDependenciesID=1fe0e9e83189b0ee17d3061af2d1d1eb 
Number of updated asset objects reloaded before import = 0Number of asset objects unloaded after import = 8

========================================================================
Received Import Request.
  Time since last request: 0.000019 seconds.
  path: Assets/AssetesDescargados/PolyOne/Rocks Stylized/Prefabs/SM_Rocks_07.prefab
  importAddress: Guid(6b03fd5ce97ca2449b3b9a92cfce1ec5) Importer(2089858483,b0f066a214c2f5e87bad3c948f4d605d)
Start importing Assets/AssetesDescargados/PolyOne/Rocks Stylized/Prefabs/SM_Rocks_07.prefab using Guid(6b03fd5ce97ca2449b3b9a92cfce1ec5) Importer(2089858483,b0f066a214c2f5e87bad3c948f4d605d) (ScriptedImporter) -> (Import Result ID: '1785690113b46b3a81cad5439de622ec') in 0.0068704 seconds [static and dynamic dependencies]. Details - ImportResultOutputID=c11f1adac2f2d9066bdee7ff6198111f DependenciesID=6c5eb31de7ca69872f0c0b933cea18b5 StaticDependenciesID=08a93ae93f87eb2eba8ed0868ff065e6 
Number of updated asset objects reloaded before import = 0Number of asset objects unloaded after import = 8

========================================================================
Received Import Request.
  Time since last request: 0.000019 seconds.
  path: Assets/AssetesDescargados/PolyOne/Rocks Stylized/Model
  importAddress: Guid(2c775b651d495e548a898b43a66c9c2a) Importer(2089858483,b0f066a214c2f5e87bad3c948f4d605d)
Start importing Assets/AssetesDescargados/PolyOne/Rocks Stylized/Model using Guid(2c775b651d495e548a898b43a66c9c2a) Importer(2089858483,b0f066a214c2f5e87bad3c948f4d605d) (ScriptedImporter) -> (Import Result ID: '66d3be9c427e466e1883139f75bc49d9') in 0.0025603 seconds [static and dynamic dependencies]. Details - ImportResultOutputID=1df372a3aa6494064f51e660d8b52a04 DependenciesID=87456e04f2c9c1a110ef3075b5f0ab6d StaticDependenciesID=ed164de294623e947fd01d33d5404767 
Number of updated asset objects reloaded before import = 0Number of asset objects unloaded after import = 1

========================================================================
Received Import Request.
  Time since last request: 0.000019 seconds.
  path: Assets/_TerrainAutoUpgrade/layer_tex_gray_diff2023054508611406.terrainlayer
  importAddress: Guid(187ecd28bf9b9ca4ea25ce9dfb75e71e) Importer(815301076,1909f56bfc062723c751e8b465ee728b)
Start importing Assets/_TerrainAutoUpgrade/layer_tex_gray_diff2023054508611406.terrainlayer using Guid(187ecd28bf9b9ca4ea25ce9dfb75e71e) Importer(815301076,1909f56bfc062723c751e8b465ee728b) (PreviewImporter) -> (Import Result ID: 'e22783f96cfd4558c1457b26d0c688b0') in 0.0181517 seconds [static and dynamic dependencies]. Details - ImportResultOutputID=0b8b4f01f13b27bc3642937a33646efb DependenciesID=369fb83cf9fba6f0cd731198602bdafb StaticDependenciesID=a37c3725aba62d586cb4c185d63606bb 
Number of updated asset objects reloaded before import = 0Number of asset objects unloaded after import = 2

========================================================================
Received Import Request.
  Time since last request: 0.000029 seconds.
  path: Assets/AssetesDescargados/PolyOne/Rocks Stylized/Prefabs/SM_Rocks_11.prefab
  importAddress: Guid(9ec55189fab312141825d31ad5584d45) Importer(2089858483,b0f066a214c2f5e87bad3c948f4d605d)
Start importing Assets/AssetesDescargados/PolyOne/Rocks Stylized/Prefabs/SM_Rocks_11.prefab using Guid(9ec55189fab312141825d31ad5584d45) Importer(2089858483,b0f066a214c2f5e87bad3c948f4d605d) (ScriptedImporter) -> (Import Result ID: '6dc78eadc92ea6283f777e1eec3f5199') in 0.004944 seconds [static and dynamic dependencies]. Details - ImportResultOutputID=726cd44f648c7459ee1df0a66969f193 DependenciesID=b0da45a295d486b422c094e7a3fd6260 StaticDependenciesID=9c2ed46298d3253d78fea1d922a63285 
Number of updated asset objects reloaded before import = 0Number of asset objects unloaded after import = 8

========================================================================
Received Import Request.
  Time since last request: 0.000022 seconds.
  path: Assets/AssetesDescargados/PolyOne/Rocks Stylized/Materials/Rocks Stylized_M.mat
  importAddress: Guid(76a5c01805e5cb24cbc1bb6535f6fec7) Importer(2089858483,b0f066a214c2f5e87bad3c948f4d605d)
Start importing Assets/AssetesDescargados/PolyOne/Rocks Stylized/Materials/Rocks Stylized_M.mat using Guid(76a5c01805e5cb24cbc1bb6535f6fec7) Importer(2089858483,b0f066a214c2f5e87bad3c948f4d605d) (ScriptedImporter) -> (Import Result ID: '92e610e04b4162863419b09926907f1b') in 0.0050645 seconds [static and dynamic dependencies]. Details - ImportResultOutputID=02fb6c0cffa3bc43583ff7974c9c2eca DependenciesID=6945524629f5d571409fd2e85a9015f1 StaticDependenciesID=f77086b9377fba92972c89476a8666a3 
Number of updated asset objects reloaded before import = 0Number of asset objects unloaded after import = 2

========================================================================
Received Import Request.
  Time since last request: 0.000032 seconds.
  path: Assets/AssetesDescargados/PolyOne/Rocks Stylized/Model/SM_Rocks_11.fbx
  importAddress: Guid(79f6fa4e7402ab3409139a02eaf6ff7e) Importer(2089858483,b0f066a214c2f5e87bad3c948f4d605d)
Start importing Assets/AssetesDescargados/PolyOne/Rocks Stylized/Model/SM_Rocks_11.fbx using Guid(79f6fa4e7402ab3409139a02eaf6ff7e) Importer(2089858483,b0f066a214c2f5e87bad3c948f4d605d) (ScriptedImporter) -> (Import Result ID: '025d0e5b46dd03e67407aff5fc747104') in 0.0061748 seconds [static and dynamic dependencies]. Details - ImportResultOutputID=74affe45c4a370b2319b5893df370f5e DependenciesID=011a39a0d380bd23c064b1b33733d326 StaticDependenciesID=63ca969bdd2718c3d5e078b5b9fbf3bc 
Number of updated asset objects reloaded before import = 0Number of asset objects unloaded after import = 8

========================================================================
Received Import Request.
  Time since last request: 0.000019 seconds.
  path: Assets/AssetesDescargados/PolyOne/Rocks Stylized/Prefabs
  importAddress: Guid(47531b39e1a4b2e4d98a334aff56fc91) Importer(2089858483,b0f066a214c2f5e87bad3c948f4d605d)
Start importing Assets/AssetesDescargados/PolyOne/Rocks Stylized/Prefabs using Guid(47531b39e1a4b2e4d98a334aff56fc91) Importer(2089858483,b0f066a214c2f5e87bad3c948f4d605d) (ScriptedImporter) -> (Import Result ID: 'dae2ff8f0c9ec90e75efaa86537aaff3') in 0.0024382 seconds [static and dynamic dependencies]. Details - ImportResultOutputID=a1aff42d8b4e545200b74c7f435bfa3f DependenciesID=3f753cee4c41a99b4f548a2b00916920 StaticDependenciesID=f0afbcb4b45a7c9a676b385b25c53ea1 
Number of updated asset objects reloaded before import = 0Number of asset objects unloaded after import = 1

========================================================================
Received Import Request.
  Time since last request: 0.000020 seconds.
  path: Assets/AssetesDescargados/PolyOne/Rocks Stylized/Texture
  importAddress: Guid(0d3335e4212593342aa092a33e9c4229) Importer(2089858483,b0f066a214c2f5e87bad3c948f4d605d)
Start importing Assets/AssetesDescargados/PolyOne/Rocks Stylized/Texture using Guid(0d3335e4212593342aa092a33e9c4229) Importer(2089858483,b0f066a214c2f5e87bad3c948f4d605d) (ScriptedImporter) -> (Import Result ID: '9df363e4bea3a6a0f28868f4f6d28ce0') in 0.0033716 seconds [static and dynamic dependencies]. Details - ImportResultOutputID=3dd81d6e47e75a3ae1419b874f18e4bd DependenciesID=5c4a358f93f5edb9ea0b3108fb6a7950 StaticDependenciesID=135ca811ab98e097dcfc85b5907493ed 
Number of updated asset objects reloaded before import = 0Number of asset objects unloaded after import = 1

========================================================================
Received Import Request.
  Time since last request: 0.000019 seconds.
  path: Assets/AssetesDescargados/PolyOne/Rocks Stylized/Prefabs/SM_Rocks_03.prefab
  importAddress: Guid(c65625e040ac42e46ba4222b69c41558) Importer(2089858483,b0f066a214c2f5e87bad3c948f4d605d)
Start importing Assets/AssetesDescargados/PolyOne/Rocks Stylized/Prefabs/SM_Rocks_03.prefab using Guid(c65625e040ac42e46ba4222b69c41558) Importer(2089858483,b0f066a214c2f5e87bad3c948f4d605d) (ScriptedImporter) -> (Import Result ID: '8f37c4b63649985ab9005e4d3e2394df') in 0.0048617 seconds [static and dynamic dependencies]. Details - ImportResultOutputID=b7a7eb5ce5ac36dabaecccf8b47bbdc7 DependenciesID=4ec450d394bfb7fe94ed1f70c007c8ba StaticDependenciesID=52e5c55f48dd4eaaa7254e93a541af95 
Number of updated asset objects reloaded before import = 0Number of asset objects unloaded after import = 8

========================================================================
Received Import Request.
  Time since last request: 0.000019 seconds.
  path: Assets/AssetesDescargados/PolyOne/Rocks Stylized/Prefabs/SM_Rocks_08.prefab
  importAddress: Guid(21440718d3f07344e841a649af5745d8) Importer(2089858483,b0f066a214c2f5e87bad3c948f4d605d)
Start importing Assets/AssetesDescargados/PolyOne/Rocks Stylized/Prefabs/SM_Rocks_08.prefab using Guid(21440718d3f07344e841a649af5745d8) Importer(2089858483,b0f066a214c2f5e87bad3c948f4d605d) (ScriptedImporter) -> (Import Result ID: 'f3200f468500c03d7141423fc7889360') in 0.0048173 seconds [static and dynamic dependencies]. Details - ImportResultOutputID=a74284448acbecbe7cac11e89d75525d DependenciesID=b9ab3b71819601b50382f54dccbdd702 StaticDependenciesID=f826fe265f03d51e8fb884bad2d09f36 
Number of updated asset objects reloaded before import = 0Number of asset objects unloaded after import = 8

========================================================================
Received Import Request.
  Time since last request: 0.000019 seconds.
  path: Assets/AssetesDescargados/PolyOne/Rocks Stylized/Model/SM_Rocks_02.fbx
  importAddress: Guid(9813fad1fa6eee1409adfe66ffff8a11) Importer(2089858483,b0f066a214c2f5e87bad3c948f4d605d)
Start importing Assets/AssetesDescargados/PolyOne/Rocks Stylized/Model/SM_Rocks_02.fbx using Guid(9813fad1fa6eee1409adfe66ffff8a11) Importer(2089858483,b0f066a214c2f5e87bad3c948f4d605d) (ScriptedImporter) -> (Import Result ID: 'd421ccbda9050f8f71dedc7930e1e446') in 0.006907 seconds [static and dynamic dependencies]. Details - ImportResultOutputID=4ca32f449790dae47cd2a0f97483149f DependenciesID=5a7edc771403dcfb193dc6f3685f7e33 StaticDependenciesID=c47ae9bc10644fb8ec38086d4bf0e213 
Number of updated asset objects reloaded before import = 0Number of asset objects unloaded after import = 8

========================================================================
Received Import Request.
  Time since last request: 0.000020 seconds.
  path: Assets/AssetesDescargados/PolyOne/Rocks Stylized/Prefabs/SM_Rocks_02.prefab
  importAddress: Guid(8b2f7789077f69f458e3919626d6ea22) Importer(2089858483,b0f066a214c2f5e87bad3c948f4d605d)
Start importing Assets/AssetesDescargados/PolyOne/Rocks Stylized/Prefabs/SM_Rocks_02.prefab using Guid(8b2f7789077f69f458e3919626d6ea22) Importer(2089858483,b0f066a214c2f5e87bad3c948f4d605d) (ScriptedImporter) -> (Import Result ID: '2c1b82e49f6bf282539edb5649ec6a46') in 0.0048105 seconds [static and dynamic dependencies]. Details - ImportResultOutputID=1f7a845e98fcb7ef3eca341fa526c5a9 DependenciesID=4f9c49965cd29ff0b37297dbdf458677 StaticDependenciesID=7252566ca0ff0694aab1df33b9e27c7d 
Number of updated asset objects reloaded before import = 0Number of asset objects unloaded after import = 8

========================================================================
Received Import Request.
  Time since last request: 0.000023 seconds.
  path: Assets/AssetesDescargados/PolyOne
  importAddress: Guid(68b5bde4768285249b6bb704bdbf528d) Importer(2089858483,b0f066a214c2f5e87bad3c948f4d605d)
Start importing Assets/AssetesDescargados/PolyOne using Guid(68b5bde4768285249b6bb704bdbf528d) Importer(2089858483,b0f066a214c2f5e87bad3c948f4d605d) (ScriptedImporter) -> (Import Result ID: '7b95224c6b4536e38a9978b1707e26c4') in 0.0024411 seconds [static and dynamic dependencies]. Details - ImportResultOutputID=7c1a1b60567c1ff67c091fcf5ae51513 DependenciesID=a035a97643ba6011b4e2f072d978e788 StaticDependenciesID=eba88edc040d6da610d86e7844c2465a 
Number of updated asset objects reloaded before import = 0Number of asset objects unloaded after import = 1

========================================================================
Received Import Request.
  Time since last request: 1.229572 seconds.
  path: Assets/JTS_StoneLanterns/Demo/Textures/tex_gray_diff.psd
  importAddress: Guid(3b8f8f55b04fd404985c288dd82ed8b1) Importer(815301076,1909f56bfc062723c751e8b465ee728b)
Start importing Assets/JTS_StoneLanterns/Demo/Textures/tex_gray_diff.psd using Guid(3b8f8f55b04fd404985c288dd82ed8b1) Importer(815301076,1909f56bfc062723c751e8b465ee728b) (PreviewImporter) -> (Import Result ID: '2449eb9a21083d044c3fdc54009b9961') in 0.012844 seconds [static and dynamic dependencies]. Details - ImportResultOutputID=ba31932cb8cdde28b73aa4c1b084a768 DependenciesID=ebfc34064763b75895b52de429642d87 StaticDependenciesID=7d12750ce8606ff427492f5e983c2d4a 
Number of updated asset objects reloaded before import = 0Number of asset objects unloaded after import = 2

========================================================================
Received Import Request.
  Time since last request: 10.645416 seconds.
  path: Assets/JTS_StoneLanterns
  importAddress: Guid(6e5cd584efef15c468e156f07483ace6) Importer(815301076,1909f56bfc062723c751e8b465ee728b)
Start importing Assets/JTS_StoneLanterns using Guid(6e5cd584efef15c468e156f07483ace6) Importer(815301076,1909f56bfc062723c751e8b465ee728b) (PreviewImporter) -> (Import Result ID: 'da66e176c86834fc289ec42ef5bebd20') in 0.0005208 seconds [static and dynamic dependencies]. Details - ImportResultOutputID=7c8a15ef89897ae306aa3a832d8bb193 DependenciesID=70e4895aa6a236d0ce5702a9c8f754a5 StaticDependenciesID=1e900f90fe964ace4187c0c14d03832a 
Number of updated asset objects reloaded before import = 0Number of asset objects unloaded after import = 0

========================================================================
Received Import Request.
  Time since last request: 2.211554 seconds.
  path: Assets/JTS_StoneLanterns/_ReadMe.txt
  importAddress: Guid(69775686a0e81c144b8e77bc58f566fd) Importer(815301076,1909f56bfc062723c751e8b465ee728b)
Start importing Assets/JTS_StoneLanterns/_ReadMe.txt using Guid(69775686a0e81c144b8e77bc58f566fd) Importer(815301076,1909f56bfc062723c751e8b465ee728b) (PreviewImporter) -> (Import Result ID: '9d8d877691775fb80aa9588dd8544b25') in 0.0010486 seconds [static and dynamic dependencies]. Details - ImportResultOutputID=662bea859699719c866420053e01ea3e DependenciesID=a98507467bc215ef45babac68837195b StaticDependenciesID=6e5d9d16ee44a9c29a61e9beacb678b3 
Number of updated asset objects reloaded before import = 0Number of asset objects unloaded after import = 1

========================================================================
Received Import Request.
  Time since last request: 29.243412 seconds.
  path: Assets/AssetesDescargados/JTS_StoneLanterns/Textures
  importAddress: Guid(bb4bb8309ed599b4db5a44ffeb695a4b) Importer(2089858483,b0f066a214c2f5e87bad3c948f4d605d)
Start importing Assets/AssetesDescargados/JTS_StoneLanterns/Textures using Guid(bb4bb8309ed599b4db5a44ffeb695a4b) Importer(2089858483,b0f066a214c2f5e87bad3c948f4d605d) (ScriptedImporter) -> (Import Result ID: '54a058850919596d9055f5e04a0f6558') in 0.0026027 seconds [static and dynamic dependencies]. Details - ImportResultOutputID=7cb5ffaa40314b183227ad8780b2e745 DependenciesID=1361a2c267e7c95572e847d391c1294e StaticDependenciesID=d8d4ab548c64fe7f5875da8030dddd58 
Number of updated asset objects reloaded before import = 0Number of asset objects unloaded after import = 1

========================================================================
Received Import Request.
  Time since last request: 0.000019 seconds.
  path: Assets/AssetesDescargados/JTS_StoneLanterns/Mesh
  importAddress: Guid(4265d6cc2ab7e294f99e2e47b9084eed) Importer(2089858483,b0f066a214c2f5e87bad3c948f4d605d)
Start importing Assets/AssetesDescargados/JTS_StoneLanterns/Mesh using Guid(4265d6cc2ab7e294f99e2e47b9084eed) Importer(2089858483,b0f066a214c2f5e87bad3c948f4d605d) (ScriptedImporter) -> (Import Result ID: '0f30f3956547996c206de86f269cd7f6') in 0.002355 seconds [static and dynamic dependencies]. Details - ImportResultOutputID=369b5b19b922c07c63f5c37ebe3c1867 DependenciesID=5cc72581f27653ac61c4f64c3762c95a StaticDependenciesID=d1fc99556efb3f8f892626280e8c96fa 
Number of updated asset objects reloaded before import = 0Number of asset objects unloaded after import = 1

========================================================================
Received Import Request.
  Time since last request: 0.000020 seconds.
  path: Assets/AssetesDescargados/JTS_StoneLanterns/Materials/mat_physics_stone.physicMaterial
  importAddress: Guid(9fef3203f9e86d3439a2a80317e6fae1) Importer(2089858483,b0f066a214c2f5e87bad3c948f4d605d)
Start importing Assets/AssetesDescargados/JTS_StoneLanterns/Materials/mat_physics_stone.physicMaterial using Guid(9fef3203f9e86d3439a2a80317e6fae1) Importer(2089858483,b0f066a214c2f5e87bad3c948f4d605d) (ScriptedImporter) -> (Import Result ID: 'ba82e6ffcee97111c8193a1a26a9d7ad') in 0.0028255 seconds [static and dynamic dependencies]. Details - ImportResultOutputID=c382a01db5133708434fe79dde275823 DependenciesID=40c36fe6ea14f401ce6ef915f7fe4cc3 StaticDependenciesID=39d4e98e353eb3dd81d48f0aba03ceb5 
Number of updated asset objects reloaded before import = 0Number of asset objects unloaded after import = 1

========================================================================
Received Import Request.
  Time since last request: 0.000019 seconds.
  path: Assets/AssetesDescargados/JTS_StoneLanterns/Mesh/Lantern_Stone_B3.fbx
  importAddress: Guid(60d6a1e32130b0245abbe28603e62f05) Importer(2089858483,b0f066a214c2f5e87bad3c948f4d605d)
Start importing Assets/AssetesDescargados/JTS_StoneLanterns/Mesh/Lantern_Stone_B3.fbx using Guid(60d6a1e32130b0245abbe28603e62f05) Importer(2089858483,b0f066a214c2f5e87bad3c948f4d605d) (ScriptedImporter) -> (Import Result ID: '68d6111425e8f629cedbc0f7ac3243b0') in 0.0069256 seconds [static and dynamic dependencies]. Details - ImportResultOutputID=3f32172d6c65d857c1a6a7e94c1dca18 DependenciesID=813393c6f1c1581890d37787aea7e2a4 StaticDependenciesID=e63c5876e1cc4092984069fb54c8beb0 
Number of updated asset objects reloaded before import = 0Number of asset objects unloaded after import = 7

========================================================================
Received Import Request.
  Time since last request: 0.000020 seconds.
  path: Assets/AssetesDescargados/JTS_StoneLanterns/Mesh/Lantern_Stone_C3.fbx
  importAddress: Guid(6e3e78a716b8662478ed09cbace76fee) Importer(2089858483,b0f066a214c2f5e87bad3c948f4d605d)
Start importing Assets/AssetesDescargados/JTS_StoneLanterns/Mesh/Lantern_Stone_C3.fbx using Guid(6e3e78a716b8662478ed09cbace76fee) Importer(2089858483,b0f066a214c2f5e87bad3c948f4d605d) (ScriptedImporter) -> (Import Result ID: 'b69414968b5286d5b38ba9502753d83e') in 0.0056234 seconds [static and dynamic dependencies]. Details - ImportResultOutputID=ad21272be2c81ebe5a4c2fe36e10d522 DependenciesID=2d8545feb09c1c66ad4df15494d61a54 StaticDependenciesID=8fd45706db8a3169a93777ff5c5e55e9 
Number of updated asset objects reloaded before import = 0Number of asset objects unloaded after import = 7

========================================================================
Received Import Request.
  Time since last request: 0.000020 seconds.
  path: Assets/AssetesDescargados/JTS_StoneLanterns/Demo/Textures
  importAddress: Guid(c8046ac4573e6e14fb70fd1c7a7c9f26) Importer(2089858483,b0f066a214c2f5e87bad3c948f4d605d)
Start importing Assets/AssetesDescargados/JTS_StoneLanterns/Demo/Textures using Guid(c8046ac4573e6e14fb70fd1c7a7c9f26) Importer(2089858483,b0f066a214c2f5e87bad3c948f4d605d) (ScriptedImporter) -> (Import Result ID: '84dd7dd3cb06d8ba8670b3f8beec0e4e') in 0.002389 seconds [static and dynamic dependencies]. Details - ImportResultOutputID=726607567a4c8041a0e226ff9034ad07 DependenciesID=b64267e4c3e5ae5323ea268847a13548 StaticDependenciesID=03564059d9365865168e8d11d18ec390 
Number of updated asset objects reloaded before import = 0Number of asset objects unloaded after import = 1

========================================================================
Received Import Request.
  Time since last request: 0.000021 seconds.
  path: Assets/AssetesDescargados/JTS_StoneLanterns/Prefabs/Lantern_Stone_B1.prefab
  importAddress: Guid(e5bf64f86e0b4b94ebade668f953b165) Importer(2089858483,b0f066a214c2f5e87bad3c948f4d605d)
Start importing Assets/AssetesDescargados/JTS_StoneLanterns/Prefabs/Lantern_Stone_B1.prefab using Guid(e5bf64f86e0b4b94ebade668f953b165) Importer(2089858483,b0f066a214c2f5e87bad3c948f4d605d) (ScriptedImporter) -> (Import Result ID: 'f34e5aa2f7f4959d8239c169bd510239') in 0.005397 seconds [static and dynamic dependencies]. Details - ImportResultOutputID=5fd012a0163a1a883d6d6728ab545e54 DependenciesID=13ecebeb0d2011dc0489cce6da0b3d13 StaticDependenciesID=70000da70009147297ca7b9bb798d833 
Number of updated asset objects reloaded before import = 0Number of asset objects unloaded after import = 10

========================================================================
Received Import Request.
  Time since last request: 0.000028 seconds.
  path: Assets/AssetesDescargados/JTS_StoneLanterns/Demo/DemoSceneSettings.lighting
  importAddress: Guid(735c577279ac9bb47bba785b96a57528) Importer(2089858483,b0f066a214c2f5e87bad3c948f4d605d)
Start importing Assets/AssetesDescargados/JTS_StoneLanterns/Demo/DemoSceneSettings.lighting using Guid(735c577279ac9bb47bba785b96a57528) Importer(2089858483,b0f066a214c2f5e87bad3c948f4d605d) (ScriptedImporter)LightingSettings: switching bake backend from 2 to 1.
 -> (Import Result ID: '9e389cbf3d9f74a30537ade299ec56cf') in 0.0036116 seconds [static and dynamic dependencies]. Details - ImportResultOutputID=3846de7da5f6da8414d202130b90ed2e DependenciesID=35761bc1e6887efa56c962eacb09de3b StaticDependenciesID=c709e0daff35962d1bc82c9c01bcf1a8 
Number of updated asset objects reloaded before import = 0Number of asset objects unloaded after import = 1

========================================================================
Received Import Request.
  Time since last request: 0.000019 seconds.
  path: Assets/AssetesDescargados/JTS_StoneLanterns/Demo/Materials
  importAddress: Guid(b02019cd459f5cf40bf02247aab026e3) Importer(2089858483,b0f066a214c2f5e87bad3c948f4d605d)
Start importing Assets/AssetesDescargados/JTS_StoneLanterns/Demo/Materials using Guid(b02019cd459f5cf40bf02247aab026e3) Importer(2089858483,b0f066a214c2f5e87bad3c948f4d605d) (ScriptedImporter) -> (Import Result ID: '2e54f29d7bb75eb494fd39a9671e6841') in 0.0025303 seconds [static and dynamic dependencies]. Details - ImportResultOutputID=18b08707f9d87fd5c17382ac66c49156 DependenciesID=a4e3a1dc2c897ed9afd92ef3c74b5182 StaticDependenciesID=28505d077792f8d234ad82c2a36afd08 
Number of updated asset objects reloaded before import = 0Number of asset objects unloaded after import = 1

========================================================================
Received Import Request.
  Time since last request: 0.000019 seconds.
  path: Assets/AssetesDescargados/JTS_StoneLanterns/Materials/mat_lantern_stone_D2.mat
  importAddress: Guid(7859a0319ab51e34faf1cba1d85d5544) Importer(2089858483,b0f066a214c2f5e87bad3c948f4d605d)
Start importing Assets/AssetesDescargados/JTS_StoneLanterns/Materials/mat_lantern_stone_D2.mat using Guid(7859a0319ab51e34faf1cba1d85d5544) Importer(2089858483,b0f066a214c2f5e87bad3c948f4d605d) (ScriptedImporter) -> (Import Result ID: '87685f47c34090357057c7a5d336461d') in 0.0122843 seconds [static and dynamic dependencies]. Details - ImportResultOutputID=b1c092bc81df3e08d137b7446a59679e DependenciesID=1255ae3526b1782cfc49e79b6285c902 StaticDependenciesID=5865a9f5700a64b68782e51b5d37c3e0 
Number of updated asset objects reloaded before import = 0Number of asset objects unloaded after import = 5

========================================================================
Received Import Request.
  Time since last request: 0.000023 seconds.
  path: Assets/AssetesDescargados/JTS_StoneLanterns/Mesh/Platform_Stone_B1.fbx
  importAddress: Guid(e866f0632e9e1764d8d2f2aefb02adf1) Importer(2089858483,b0f066a214c2f5e87bad3c948f4d605d)
Start importing Assets/AssetesDescargados/JTS_StoneLanterns/Mesh/Platform_Stone_B1.fbx using Guid(e866f0632e9e1764d8d2f2aefb02adf1) Importer(2089858483,b0f066a214c2f5e87bad3c948f4d605d) (ScriptedImporter) -> (Import Result ID: 'a42c81bef620bb4c948af602de76d4ea') in 0.005493 seconds [static and dynamic dependencies]. Details - ImportResultOutputID=15f8027a1774a0737fcc0c010e534bd3 DependenciesID=0f89425866a954876b017b3421a1d132 StaticDependenciesID=7da58f95815ae8f5af69c473d5363686 
Number of updated asset objects reloaded before import = 0Number of asset objects unloaded after import = 7

========================================================================
Received Import Request.
  Time since last request: 0.000024 seconds.
  path: Assets/AssetesDescargados/JTS_StoneLanterns/Textures/tex_lantern_stone_D3.psd
  importAddress: Guid(bd814c1a00a098c478d932421488f520) Importer(2089858483,b0f066a214c2f5e87bad3c948f4d605d)
Start importing Assets/AssetesDescargados/JTS_StoneLanterns/Textures/tex_lantern_stone_D3.psd using Guid(bd814c1a00a098c478d932421488f520) Importer(2089858483,b0f066a214c2f5e87bad3c948f4d605d) (ScriptedImporter) -> (Import Result ID: '4a4e7c7a4e1824b386cf05db1fb684c6') in 0.0070703 seconds [static and dynamic dependencies]. Details - ImportResultOutputID=030004b21f2bba6a55cfcfe9dc266a71 DependenciesID=cc8dd63f96b4ae0c3e090c6a1955d4ff StaticDependenciesID=cdd25c749f1d71e919d4741a82e460aa 
Number of updated asset objects reloaded before import = 0Number of asset objects unloaded after import = 1

========================================================================
Received Import Request.
  Time since last request: 0.000022 seconds.
  path: Assets/AssetesDescargados/JTS_StoneLanterns/Textures/tex_lantern_stone_C3.psd
  importAddress: Guid(95509c9a0cdc6f249bf802e32de3e3a7) Importer(2089858483,b0f066a214c2f5e87bad3c948f4d605d)
Start importing Assets/AssetesDescargados/JTS_StoneLanterns/Textures/tex_lantern_stone_C3.psd using Guid(95509c9a0cdc6f249bf802e32de3e3a7) Importer(2089858483,b0f066a214c2f5e87bad3c948f4d605d) (ScriptedImporter) -> (Import Result ID: '60b8169881b9eb557796449afef90ee6') in 0.0090106 seconds [static and dynamic dependencies]. Details - ImportResultOutputID=0764664ff4238298dd0bc289836a6efc DependenciesID=d73c73265c8a1c9d56555a3bb5444b9b StaticDependenciesID=0109855d4be8cfc08c12d9f0dc2996c9 
Number of updated asset objects reloaded before import = 0Number of asset objects unloaded after import = 1

========================================================================
Received Import Request.
  Time since last request: 0.000021 seconds.
  path: Assets/AssetesDescargados/JTS_StoneLanterns/Prefabs/Lantern_Stone_D1.prefab
  importAddress: Guid(0ff16db581cedc04e93c3356ce3008a0) Importer(2089858483,b0f066a214c2f5e87bad3c948f4d605d)
Start importing Assets/AssetesDescargados/JTS_StoneLanterns/Prefabs/Lantern_Stone_D1.prefab using Guid(0ff16db581cedc04e93c3356ce3008a0) Importer(2089858483,b0f066a214c2f5e87bad3c948f4d605d) (ScriptedImporter) -> (Import Result ID: '6794dcf936b5f7f8e6a377e98b38b317') in 0.0071896 seconds [static and dynamic dependencies]. Details - ImportResultOutputID=7e6dd17e34df30fc176fd5b24caa8baf DependenciesID=25a879d85a3f0a3e85c618ca576341ef StaticDependenciesID=098153a0e7748889e6690f94e22d71ac 
Number of updated asset objects reloaded before import = 0Number of asset objects unloaded after import = 10

========================================================================
Received Import Request.
  Time since last request: 0.000029 seconds.
  path: Assets/AssetesDescargados/JTS_StoneLanterns/Textures/tex_lantern_stone_C2_nrm.psd
  importAddress: Guid(512579175038fb9468ea9bc9762cc944) Importer(2089858483,b0f066a214c2f5e87bad3c948f4d605d)
Start importing Assets/AssetesDescargados/JTS_StoneLanterns/Textures/tex_lantern_stone_C2_nrm.psd using Guid(512579175038fb9468ea9bc9762cc944) Importer(2089858483,b0f066a214c2f5e87bad3c948f4d605d) (ScriptedImporter) -> (Import Result ID: '50aac749dbc8aa7a8154f8a2cb636c0a') in 0.0077044 seconds [static and dynamic dependencies]. Details - ImportResultOutputID=6f3161cad43fc8df007f5b4926361695 DependenciesID=811adaf3bc0e158452c05c600b8a5aa4 StaticDependenciesID=facf46cca65e4299d7c56ad26d3681f6 
Number of updated asset objects reloaded before import = 0Number of asset objects unloaded after import = 1

========================================================================
Received Import Request.
  Time since last request: 0.000022 seconds.
  path: Assets/AssetesDescargados/JTS_StoneLanterns/Demo/DemoScene.unity
  importAddress: Guid(74ac5822106c10540a9d16a32a65c3b3) Importer(2089858483,b0f066a214c2f5e87bad3c948f4d605d)
Start importing Assets/AssetesDescargados/JTS_StoneLanterns/Demo/DemoScene.unity using Guid(74ac5822106c10540a9d16a32a65c3b3) Importer(2089858483,b0f066a214c2f5e87bad3c948f4d605d) (ScriptedImporter) -> (Import Result ID: 'aa1e88a1ffe0a0a4af1d221838fe2fae') in 0.0048481 seconds [static and dynamic dependencies]. Details - ImportResultOutputID=af0e223029605de4e3836acd7bf35448 DependenciesID=0d00b5dac66aa892d7f8b6d5b8b34ff0 StaticDependenciesID=e44c1c98b580bd4add93204f0b43b358 
Number of updated asset objects reloaded before import = 0Number of asset objects unloaded after import = 1

========================================================================
Received Import Request.
  Time since last request: 0.000023 seconds.
  path: Assets/AssetesDescargados/JTS_StoneLanterns/Mesh/Lantern_Stone_C1.fbx
  importAddress: Guid(f57f340e4daab8246af095b91747dcf2) Importer(2089858483,b0f066a214c2f5e87bad3c948f4d605d)
Start importing Assets/AssetesDescargados/JTS_StoneLanterns/Mesh/Lantern_Stone_C1.fbx using Guid(f57f340e4daab8246af095b91747dcf2) Importer(2089858483,b0f066a214c2f5e87bad3c948f4d605d) (ScriptedImporter) -> (Import Result ID: '2ef1422baeb632d6b2360af104f34de8') in 0.0055545 seconds [static and dynamic dependencies]. Details - ImportResultOutputID=3ef79752632a1cd142be9349e8646c93 DependenciesID=c53176fece0bc51f3629b1e82d826e61 StaticDependenciesID=61c8f0a6ef5ec5650801087f2df8d7ce 
Number of updated asset objects reloaded before import = 0Number of asset objects unloaded after import = 7

========================================================================
Received Import Request.
  Time since last request: 0.000019 seconds.
  path: Assets/AssetesDescargados/JTS_StoneLanterns/Materials/mat_lantern_stone_A2.mat
  importAddress: Guid(dd81e3d95a2949341ab50c46d05a3e3c) Importer(2089858483,b0f066a214c2f5e87bad3c948f4d605d)
Start importing Assets/AssetesDescargados/JTS_StoneLanterns/Materials/mat_lantern_stone_A2.mat using Guid(dd81e3d95a2949341ab50c46d05a3e3c) Importer(2089858483,b0f066a214c2f5e87bad3c948f4d605d) (ScriptedImporter) -> (Import Result ID: '3aef86e5ca8eebc4def51d3f36393896') in 0.0170498 seconds [static and dynamic dependencies]. Details - ImportResultOutputID=68ac33ada0ec7234c1b68a35ff086619 DependenciesID=cabb28f1117cb0f24e59a081a1bb4c37 StaticDependenciesID=4010d18e51e11266e6029ee72e81ac18 
Number of updated asset objects reloaded before import = 0Number of asset objects unloaded after import = 5

========================================================================
Received Import Request.
  Time since last request: 0.000021 seconds.
  path: Assets/AssetesDescargados/JTS_StoneLanterns/Demo/Textures/tex_GreyBox.psd
  importAddress: Guid(5bef5c0bb5a63c940b66fa2833a4ff4d) Importer(2089858483,b0f066a214c2f5e87bad3c948f4d605d)
Start importing Assets/AssetesDescargados/JTS_StoneLanterns/Demo/Textures/tex_GreyBox.psd using Guid(5bef5c0bb5a63c940b66fa2833a4ff4d) Importer(2089858483,b0f066a214c2f5e87bad3c948f4d605d) (ScriptedImporter) -> (Import Result ID: '7f53ac54fccc9815c504215b2cdc51ed') in 0.0074124 seconds [static and dynamic dependencies]. Details - ImportResultOutputID=7014734eb435e364947f10344451c1b0 DependenciesID=e85d966ab43808aa11a59bce4eb1763c StaticDependenciesID=313d2d5b4fba5a1ba45e6263f44596f9 
Number of updated asset objects reloaded before import = 0Number of asset objects unloaded after import = 1

========================================================================
Received Import Request.
  Time since last request: 0.000020 seconds.
  path: Assets/AssetesDescargados/JTS_StoneLanterns/Materials/mat_lantern_stone_C2.mat
  importAddress: Guid(77de68c823426b54f9f620d66d6b1855) Importer(2089858483,b0f066a214c2f5e87bad3c948f4d605d)
Start importing Assets/AssetesDescargados/JTS_StoneLanterns/Materials/mat_lantern_stone_C2.mat using Guid(77de68c823426b54f9f620d66d6b1855) Importer(2089858483,b0f066a214c2f5e87bad3c948f4d605d) (ScriptedImporter) -> (Import Result ID: 'ac2ab54f5157837f7399a11f0b8f415f') in 0.0179735 seconds [static and dynamic dependencies]. Details - ImportResultOutputID=d359e788dda19bbe6f0573bdd9be5e53 DependenciesID=9431add8d44e977ee11a97b621f1e754 StaticDependenciesID=28803299809cef36418993874ec210d4 
Number of updated asset objects reloaded before import = 0Number of asset objects unloaded after import = 5

========================================================================
Received Import Request.
  Time since last request: 0.000025 seconds.
  path: Assets/AssetesDescargados/JTS_StoneLanterns/Textures/tex_lantern_stone_D2_nrm.psd
  importAddress: Guid(2572f96cdbc3b6647af987511fb3557d) Importer(2089858483,b0f066a214c2f5e87bad3c948f4d605d)
Start importing Assets/AssetesDescargados/JTS_StoneLanterns/Textures/tex_lantern_stone_D2_nrm.psd using Guid(2572f96cdbc3b6647af987511fb3557d) Importer(2089858483,b0f066a214c2f5e87bad3c948f4d605d) (ScriptedImporter) -> (Import Result ID: '2861de77a0d3bd6918622ca86e7da83b') in 0.0065775 seconds [static and dynamic dependencies]. Details - ImportResultOutputID=c59a0cc1b7eb6da187b4e6b46c2f5a47 DependenciesID=a423447bc2b8adc29116d6c675df45d6 StaticDependenciesID=d00e7b60e291948ab00fa52a49715341 
Number of updated asset objects reloaded before import = 0Number of asset objects unloaded after import = 1

========================================================================
Received Import Request.
  Time since last request: 0.000028 seconds.
  path: Assets/AssetesDescargados/JTS_StoneLanterns/Prefabs/Lantern_Stone_C1.prefab
  importAddress: Guid(ed1541bb1376f8441bab099090a5babc) Importer(2089858483,b0f066a214c2f5e87bad3c948f4d605d)
Start importing Assets/AssetesDescargados/JTS_StoneLanterns/Prefabs/Lantern_Stone_C1.prefab using Guid(ed1541bb1376f8441bab099090a5babc) Importer(2089858483,b0f066a214c2f5e87bad3c948f4d605d) (ScriptedImporter) -> (Import Result ID: '5e88e40bae9ee1e9b79c725d5d1c3859') in 0.0092998 seconds [static and dynamic dependencies]. Details - ImportResultOutputID=b55b69c12ca437e1fbfdacd3909c38f3 DependenciesID=871619b28dea849856f8b643c6ced72f StaticDependenciesID=16e524f38bfcd28b1892e0cc43a2bbd4 
Number of updated asset objects reloaded before import = 0Number of asset objects unloaded after import = 10

========================================================================
Received Import Request.
  Time since last request: 0.000020 seconds.
  path: Assets/AssetesDescargados/JTS_StoneLanterns/Demo/Terrain/New Terrain.asset
  importAddress: Guid(5834b895401eb0c419b4e8cd2b92b7d1) Importer(2089858483,b0f066a214c2f5e87bad3c948f4d605d)
Start importing Assets/AssetesDescargados/JTS_StoneLanterns/Demo/Terrain/New Terrain.asset using Guid(5834b895401eb0c419b4e8cd2b92b7d1) Importer(2089858483,b0f066a214c2f5e87bad3c948f4d605d) (ScriptedImporter) -> (Import Result ID: '59388d036fa1b1fe551b6f939026d843') in 0.0563603 seconds [static and dynamic dependencies]. Details - ImportResultOutputID=65b3358b3c538110a35a4342b6343654 DependenciesID=97b16e586b1fa1ddca29d61d576ae282 StaticDependenciesID=3f567e00b520ca6a53dec6a30812512b 
Number of updated asset objects reloaded before import = 0Number of asset objects unloaded after import = 4

========================================================================
Received Import Request.
  Time since last request: 0.000023 seconds.
  path: Assets/AssetesDescargados/JTS_StoneLanterns/Textures/tex_lantern_stone_A3.psd
  importAddress: Guid(9ddcd9502b104b94da6da96b4a31af21) Importer(2089858483,b0f066a214c2f5e87bad3c948f4d605d)
Start importing Assets/AssetesDescargados/JTS_StoneLanterns/Textures/tex_lantern_stone_A3.psd using Guid(9ddcd9502b104b94da6da96b4a31af21) Importer(2089858483,b0f066a214c2f5e87bad3c948f4d605d) (ScriptedImporter) -> (Import Result ID: '6c67c2a74f0f673715acbc2d54f412e8') in 0.0065026 seconds [static and dynamic dependencies]. Details - ImportResultOutputID=7676d1e116163fe13411d33373c2ea55 DependenciesID=fec17d4c0e9c949b65dfd00f9e896a81 StaticDependenciesID=afd38dba19a719cd931e70c9f1ea104f 
Number of updated asset objects reloaded before import = 0Number of asset objects unloaded after import = 1

========================================================================
Received Import Request.
  Time since last request: 0.000023 seconds.
  path: Assets/AssetesDescargados/JTS_StoneLanterns/Mesh/Lantern_Stone_D3.fbx
  importAddress: Guid(0d944671542ca464da10957a3fd052ca) Importer(2089858483,b0f066a214c2f5e87bad3c948f4d605d)
Start importing Assets/AssetesDescargados/JTS_StoneLanterns/Mesh/Lantern_Stone_D3.fbx using Guid(0d944671542ca464da10957a3fd052ca) Importer(2089858483,b0f066a214c2f5e87bad3c948f4d605d) (ScriptedImporter) -> (Import Result ID: 'fb2c544820f89763bb86191ed0c604c1') in 0.0081031 seconds [static and dynamic dependencies]. Details - ImportResultOutputID=6358d6483e02cc9ba81535542afd2bfc DependenciesID=1ab140ef510cebf90e9ef1e16bde5cb3 StaticDependenciesID=c16bf48c8bf1b15472013326e63b6296 
Number of updated asset objects reloaded before import = 0Number of asset objects unloaded after import = 7

========================================================================
Received Import Request.
  Time since last request: 0.000019 seconds.
  path: Assets/AssetesDescargados/JTS_StoneLanterns/Textures/tex_lantern_stone_A1_nrm.psd
  importAddress: Guid(462b091aca98b5e4caa370d5527ebad3) Importer(2089858483,b0f066a214c2f5e87bad3c948f4d605d)
Start importing Assets/AssetesDescargados/JTS_StoneLanterns/Textures/tex_lantern_stone_A1_nrm.psd using Guid(462b091aca98b5e4caa370d5527ebad3) Importer(2089858483,b0f066a214c2f5e87bad3c948f4d605d) (ScriptedImporter) -> (Import Result ID: 'df95a7266c6b1c86b57213755f938964') in 0.0081342 seconds [static and dynamic dependencies]. Details - ImportResultOutputID=7f13298bf96022272d866010fcffb7b8 DependenciesID=a6080a79844d2f641311dbf732f938f9 StaticDependenciesID=81cdcfdfe827038c2e686c7c8208d309 
Number of updated asset objects reloaded before import = 0Number of asset objects unloaded after import = 1

========================================================================
Received Import Request.
  Time since last request: 0.000022 seconds.
  path: Assets/AssetesDescargados/JTS_StoneLanterns/Textures/tex_lantern_stone_D2_hgt.psd
  importAddress: Guid(123ce825ba426eb44bab75f8f65d8d53) Importer(2089858483,b0f066a214c2f5e87bad3c948f4d605d)
Start importing Assets/AssetesDescargados/JTS_StoneLanterns/Textures/tex_lantern_stone_D2_hgt.psd using Guid(123ce825ba426eb44bab75f8f65d8d53) Importer(2089858483,b0f066a214c2f5e87bad3c948f4d605d) (ScriptedImporter) -> (Import Result ID: '3a2e4834108b570d1c862d9d688d417f') in 0.0072953 seconds [static and dynamic dependencies]. Details - ImportResultOutputID=720e4490f59e803a753383287cd3a661 DependenciesID=041e6c5a16015c85b4120fe1307d6ca4 StaticDependenciesID=82b8328ea2ea421329fd30beb953deec 
Number of updated asset objects reloaded before import = 0Number of asset objects unloaded after import = 1

========================================================================
Received Import Request.
  Time since last request: 0.000028 seconds.
  path: Assets/AssetesDescargados/JTS_StoneLanterns/Textures/tex_lantern_stone_A2.psd
  importAddress: Guid(e147783cb6426454eb947b0bedc8b1e9) Importer(2089858483,b0f066a214c2f5e87bad3c948f4d605d)
Start importing Assets/AssetesDescargados/JTS_StoneLanterns/Textures/tex_lantern_stone_A2.psd using Guid(e147783cb6426454eb947b0bedc8b1e9) Importer(2089858483,b0f066a214c2f5e87bad3c948f4d605d) (ScriptedImporter) -> (Import Result ID: '8f1d73b0827a48343401e2aa0a1ee1a0') in 0.0069299 seconds [static and dynamic dependencies]. Details - ImportResultOutputID=aa6f8f13099152b55ace8ffdf004f060 DependenciesID=b1c2b38ab68160615469bf912644509b StaticDependenciesID=b96331f98da4a8fdd050c53869e234f1 
Number of updated asset objects reloaded before import = 0Number of asset objects unloaded after import = 1

========================================================================
Received Import Request.
  Time since last request: 0.000024 seconds.
  path: Assets/AssetesDescargados/JTS_StoneLanterns/Textures/tex_lantern_stone_C3_hgt.psd
  importAddress: Guid(0edd81cfaafd39441b9a59501b0466ca) Importer(2089858483,b0f066a214c2f5e87bad3c948f4d605d)
Start importing Assets/AssetesDescargados/JTS_StoneLanterns/Textures/tex_lantern_stone_C3_hgt.psd using Guid(0edd81cfaafd39441b9a59501b0466ca) Importer(2089858483,b0f066a214c2f5e87bad3c948f4d605d) (ScriptedImporter) -> (Import Result ID: '12b91bc2164b1dcf55c4dd63d3f00f81') in 0.0084695 seconds [static and dynamic dependencies]. Details - ImportResultOutputID=7e19fe06198fbee25f831d53afd44068 DependenciesID=5dfc06d2f45998d2ca88ccac526dca9c StaticDependenciesID=6b7fccbcd4811e77a1af5628aeb8de42 
Number of updated asset objects reloaded before import = 0Number of asset objects unloaded after import = 1

========================================================================
Received Import Request.
  Time since last request: 0.000019 seconds.
  path: Assets/AssetesDescargados/JTS_StoneLanterns/Prefabs/Lantern_Stone_A3.prefab
  importAddress: Guid(d07f96cf91faf594ab94f7e3fec5496e) Importer(2089858483,b0f066a214c2f5e87bad3c948f4d605d)
Start importing Assets/AssetesDescargados/JTS_StoneLanterns/Prefabs/Lantern_Stone_A3.prefab using Guid(d07f96cf91faf594ab94f7e3fec5496e) Importer(2089858483,b0f066a214c2f5e87bad3c948f4d605d) (ScriptedImporter) -> (Import Result ID: 'b6ff88d3081416d0e3265341143a6870') in 0.0052544 seconds [static and dynamic dependencies]. Details - ImportResultOutputID=0a1f4b55ba5f471f87930544c5e5225d DependenciesID=8029f2fb9a85514eccca7c1a6306a1e3 StaticDependenciesID=c9bc21e1c0c16c9f5484c2c14501804f 
Number of updated asset objects reloaded before import = 0Number of asset objects unloaded after import = 10

========================================================================
Received Import Request.
  Time since last request: 0.000020 seconds.
  path: Assets/AssetesDescargados/JTS_StoneLanterns/Materials/mat_lantern_stone_C3.mat
  importAddress: Guid(caa7558fd4d30034ca7bd6d21792f6ee) Importer(2089858483,b0f066a214c2f5e87bad3c948f4d605d)
Start importing Assets/AssetesDescargados/JTS_StoneLanterns/Materials/mat_lantern_stone_C3.mat using Guid(caa7558fd4d30034ca7bd6d21792f6ee) Importer(2089858483,b0f066a214c2f5e87bad3c948f4d605d) (ScriptedImporter) -> (Import Result ID: 'f5351bcdca183a13904b187c723106e0') in 0.0166555 seconds [static and dynamic dependencies]. Details - ImportResultOutputID=eb61807644889f5c55a4f436d1ee6751 DependenciesID=ab37049196c08bae8aa40a9b40efb38c StaticDependenciesID=3fd93272cb71894630075dcafcf213fb 
Number of updated asset objects reloaded before import = 0Number of asset objects unloaded after import = 5

========================================================================
Received Import Request.
  Time since last request: 0.000021 seconds.
  path: Assets/AssetesDescargados/JTS_StoneLanterns/Materials/mat_lantern_stone_A3.mat
  importAddress: Guid(3330069607093ff41962fbf3d5155afb) Importer(2089858483,b0f066a214c2f5e87bad3c948f4d605d)
Start importing Assets/AssetesDescargados/JTS_StoneLanterns/Materials/mat_lantern_stone_A3.mat using Guid(3330069607093ff41962fbf3d5155afb) Importer(2089858483,b0f066a214c2f5e87bad3c948f4d605d) (ScriptedImporter) -> (Import Result ID: '2369fed570ce65b2157b05c36f728228') in 0.016267 seconds [static and dynamic dependencies]. Details - ImportResultOutputID=1136b6c5bb6952857ef83cfa25b4c55f DependenciesID=56498d08da2689dbe8dd5fd3f36bf1c1 StaticDependenciesID=fd4e74e2a5e77298985c4ac04cf47e1c 
Number of updated asset objects reloaded before import = 0Number of asset objects unloaded after import = 5

========================================================================
Received Import Request.
  Time since last request: 0.000022 seconds.
  path: Assets/AssetesDescargados/JTS_StoneLanterns/Textures/tex_lantern_stone_A1_msk.psd
  importAddress: Guid(6386b6bd60308654c87f65f03b7e896d) Importer(2089858483,b0f066a214c2f5e87bad3c948f4d605d)
Start importing Assets/AssetesDescargados/JTS_StoneLanterns/Textures/tex_lantern_stone_A1_msk.psd using Guid(6386b6bd60308654c87f65f03b7e896d) Importer(2089858483,b0f066a214c2f5e87bad3c948f4d605d) (ScriptedImporter) -> (Import Result ID: 'fbd914c33ae528e1a8b8e0f1208d804b') in 0.0057512 seconds [static and dynamic dependencies]. Details - ImportResultOutputID=447a4ff1f333ea196e8b45efafdf5555 DependenciesID=2f495aa9a26e77bb32ec65088cb7b598 StaticDependenciesID=4c1514910f2c0572b04be8ee4a01d9bd 
Number of updated asset objects reloaded before import = 0Number of asset objects unloaded after import = 1

========================================================================
Received Import Request.
  Time since last request: 0.000022 seconds.
  path: Assets/AssetesDescargados/JTS_StoneLanterns/Demo/Terrain
  importAddress: Guid(92003269ef3664541b46768e463d3af8) Importer(2089858483,b0f066a214c2f5e87bad3c948f4d605d)
Start importing Assets/AssetesDescargados/JTS_StoneLanterns/Demo/Terrain using Guid(92003269ef3664541b46768e463d3af8) Importer(2089858483,b0f066a214c2f5e87bad3c948f4d605d) (ScriptedImporter) -> (Import Result ID: '87919c90da9cfb30554222948ea70243') in 0.0035754 seconds [static and dynamic dependencies]. Details - ImportResultOutputID=03e1749e17d1f472f1892ed50d8f8b59 DependenciesID=e77bdc4ebc91835f99c1fffd6616e493 StaticDependenciesID=1a64e4b98f75ac82bc427a02a8e98f45 
Number of updated asset objects reloaded before import = 0Number of asset objects unloaded after import = 1

========================================================================
Received Import Request.
  Time since last request: 0.000028 seconds.
  path: Assets/AssetesDescargados/JTS_StoneLanterns/Prefabs/Platform_Stone_C2.prefab
  importAddress: Guid(ad228647e8ed3ac4f8974ed220735ab5) Importer(2089858483,b0f066a214c2f5e87bad3c948f4d605d)
Start importing Assets/AssetesDescargados/JTS_StoneLanterns/Prefabs/Platform_Stone_C2.prefab using Guid(ad228647e8ed3ac4f8974ed220735ab5) Importer(2089858483,b0f066a214c2f5e87bad3c948f4d605d) (ScriptedImporter) -> (Import Result ID: 'a361f2e62721e3ea7c45391941178c04') in 0.0055343 seconds [static and dynamic dependencies]. Details - ImportResultOutputID=f1fcaf762baafb546b432c396a990747 DependenciesID=e1f86be7ced96ddcf1a0135b2eb6607a StaticDependenciesID=5573b74b97f716d30f638abc8cf98e55 
Number of updated asset objects reloaded before import = 0Number of asset objects unloaded after import = 10

========================================================================
Received Import Request.
  Time since last request: 0.000022 seconds.
  path: Assets/AssetesDescargados/JTS_StoneLanterns/Textures/tex_lantern_stone_B3_nrm.psd
  importAddress: Guid(ee6871d1325b4314183a439f5dc42237) Importer(2089858483,b0f066a214c2f5e87bad3c948f4d605d)
Start importing Assets/AssetesDescargados/JTS_StoneLanterns/Textures/tex_lantern_stone_B3_nrm.psd using Guid(ee6871d1325b4314183a439f5dc42237) Importer(2089858483,b0f066a214c2f5e87bad3c948f4d605d) (ScriptedImporter) -> (Import Result ID: '2290b6ae3972e10cf6be817ab2dcde2a') in 0.0084258 seconds [static and dynamic dependencies]. Details - ImportResultOutputID=a852d0094536eeb030155a9c43142bf6 DependenciesID=52cdba6eece06d8b779e12da29e5cad1 StaticDependenciesID=8c328f235f474cfa994438031c924f01 
Number of updated asset objects reloaded before import = 0Number of asset objects unloaded after import = 1

========================================================================
Received Import Request.
  Time since last request: 0.000020 seconds.
  path: Assets/AssetesDescargados/JTS_StoneLanterns/Textures/tex_lantern_stone_B2_nrm.psd
  importAddress: Guid(4e88f92ac74ce974d86668f666ad8ab8) Importer(2089858483,b0f066a214c2f5e87bad3c948f4d605d)
Start importing Assets/AssetesDescargados/JTS_StoneLanterns/Textures/tex_lantern_stone_B2_nrm.psd using Guid(4e88f92ac74ce974d86668f666ad8ab8) Importer(2089858483,b0f066a214c2f5e87bad3c948f4d605d) (ScriptedImporter) -> (Import Result ID: '74ae37ff9dbe47a6fcb5b3bd6b7b3b06') in 0.0099439 seconds [static and dynamic dependencies]. Details - ImportResultOutputID=66c1e20a8db375663f2a8f1aaf3a6314 DependenciesID=4593f26785fc59a934ab0ccb44ec97ef StaticDependenciesID=1496d1229b2f77d96d2dd429894ed95b 
Number of updated asset objects reloaded before import = 0Number of asset objects unloaded after import = 1

========================================================================
Received Import Request.
  Time since last request: 0.000023 seconds.
  path: Assets/AssetesDescargados/JTS_StoneLanterns/Prefabs
  importAddress: Guid(9c761eeee67782f4eb3b0e0b0c1d4b1d) Importer(2089858483,b0f066a214c2f5e87bad3c948f4d605d)
Start importing Assets/AssetesDescargados/JTS_StoneLanterns/Prefabs using Guid(9c761eeee67782f4eb3b0e0b0c1d4b1d) Importer(2089858483,b0f066a214c2f5e87bad3c948f4d605d) (ScriptedImporter) -> (Import Result ID: '7a8ee92c75da2ff2ba2442916c4d7a8f') in 0.0034724 seconds [static and dynamic dependencies]. Details - ImportResultOutputID=222a19e61066ba008030707ef50b6ebc DependenciesID=32a69d5d9777439c61d92b7dd24032ab StaticDependenciesID=33c25244d18c87f1bf6c45547b1ea73b 
Number of updated asset objects reloaded before import = 0Number of asset objects unloaded after import = 1

========================================================================
Received Import Request.
  Time since last request: 0.000020 seconds.
  path: Assets/AssetesDescargados/JTS_StoneLanterns/Prefabs/Platform_Stone_B3.prefab
  importAddress: Guid(07b1abd6080eddf44b818cf8fa4471b9) Importer(2089858483,b0f066a214c2f5e87bad3c948f4d605d)
Start importing Assets/AssetesDescargados/JTS_StoneLanterns/Prefabs/Platform_Stone_B3.prefab using Guid(07b1abd6080eddf44b818cf8fa4471b9) Importer(2089858483,b0f066a214c2f5e87bad3c948f4d605d) (ScriptedImporter) -> (Import Result ID: '51d2e13e8d795041fda3cd0fa1f07507') in 0.0061728 seconds [static and dynamic dependencies]. Details - ImportResultOutputID=21b293bb0e8682fe1100ad2ed3c742fe DependenciesID=99d81d6b84192c27cf1b5b1b51367725 StaticDependenciesID=ebde00d1dddeb8909c8bc6a265f40f25 
Number of updated asset objects reloaded before import = 0Number of asset objects unloaded after import = 10

========================================================================
Received Import Request.
  Time since last request: 0.000023 seconds.
  path: Assets/AssetesDescargados/JTS_StoneLanterns/Textures/tex_lantern_stone_B1_hgt.psd
  importAddress: Guid(42601a144f46b724db2757bce689e23b) Importer(2089858483,b0f066a214c2f5e87bad3c948f4d605d)
Start importing Assets/AssetesDescargados/JTS_StoneLanterns/Textures/tex_lantern_stone_B1_hgt.psd using Guid(42601a144f46b724db2757bce689e23b) Importer(2089858483,b0f066a214c2f5e87bad3c948f4d605d) (ScriptedImporter) -> (Import Result ID: '549e4099fdf5acec4dbda6280feb9c52') in 0.0070951 seconds [static and dynamic dependencies]. Details - ImportResultOutputID=95eca14b29ff0ce3172114b21d81d736 DependenciesID=6c214a265561a7a32709846ee6fa8962 StaticDependenciesID=c73774e9d9d8888e3831886695e3a347 
Number of updated asset objects reloaded before import = 0Number of asset objects unloaded after import = 1

========================================================================
Received Import Request.
  Time since last request: 0.000021 seconds.
  path: Assets/AssetesDescargados/JTS_StoneLanterns/Textures/tex_lantern_stone_D3_msk.psd
  importAddress: Guid(2056d6528b07d9b4287986eca527ba57) Importer(2089858483,b0f066a214c2f5e87bad3c948f4d605d)
Start importing Assets/AssetesDescargados/JTS_StoneLanterns/Textures/tex_lantern_stone_D3_msk.psd using Guid(2056d6528b07d9b4287986eca527ba57) Importer(2089858483,b0f066a214c2f5e87bad3c948f4d605d) (ScriptedImporter) -> (Import Result ID: '1c0f2e2ee4d35d659ef3de2bd8316ad7') in 0.007345 seconds [static and dynamic dependencies]. Details - ImportResultOutputID=382306f4338fe4aece15ff5dadc1dc4c DependenciesID=2086764fa981248707f6f6f5df67ffe3 StaticDependenciesID=ccab1723d32d97f505ea56a4f92affa0 
Number of updated asset objects reloaded before import = 0Number of asset objects unloaded after import = 1

========================================================================
Received Import Request.
  Time since last request: 0.000028 seconds.
  path: Assets/AssetesDescargados/JTS_StoneLanterns/Demo
  importAddress: Guid(35ae7967295f9704cbdcadad6d52ed0d) Importer(2089858483,b0f066a214c2f5e87bad3c948f4d605d)
Start importing Assets/AssetesDescargados/JTS_StoneLanterns/Demo using Guid(35ae7967295f9704cbdcadad6d52ed0d) Importer(2089858483,b0f066a214c2f5e87bad3c948f4d605d) (ScriptedImporter) -> (Import Result ID: '4892d2aab298590eaeee803cf6f8cef1') in 0.0024361 seconds [static and dynamic dependencies]. Details - ImportResultOutputID=2f0857daf6289770fc4efc719910b7ff DependenciesID=b7bc6a64b43694740518d61341a30569 StaticDependenciesID=30c59e401f5b87ebdf7cb50b334d4f0b 
Number of updated asset objects reloaded before import = 0Number of asset objects unloaded after import = 1

========================================================================
Received Import Request.
  Time since last request: 0.000025 seconds.
  path: Assets/AssetesDescargados/JTS_StoneLanterns/Mesh/Lantern_Stone_D2.fbx
  importAddress: Guid(3f046ebfa049bc043ae71885f8208518) Importer(2089858483,b0f066a214c2f5e87bad3c948f4d605d)
Start importing Assets/AssetesDescargados/JTS_StoneLanterns/Mesh/Lantern_Stone_D2.fbx using Guid(3f046ebfa049bc043ae71885f8208518) Importer(2089858483,b0f066a214c2f5e87bad3c948f4d605d) (ScriptedImporter) -> (Import Result ID: '0839b55a12bb87ffbd5e2c534fe5a263') in 0.0082902 seconds [static and dynamic dependencies]. Details - ImportResultOutputID=12743dda894d97095f72abe0f71afd8a DependenciesID=79093b47f6c4eee10db513454e287442 StaticDependenciesID=66e6bd1cc1efb5eb0e003233a121a636 
Number of updated asset objects reloaded before import = 0Number of asset objects unloaded after import = 7

========================================================================
Received Import Request.
  Time since last request: 0.000019 seconds.
  path: Assets/AssetesDescargados/JTS_StoneLanterns/Textures/tex_lantern_stone_A1.psd
  importAddress: Guid(1c801919b51d6254a84dc9b3d8e07895) Importer(2089858483,b0f066a214c2f5e87bad3c948f4d605d)
Start importing Assets/AssetesDescargados/JTS_StoneLanterns/Textures/tex_lantern_stone_A1.psd using Guid(1c801919b51d6254a84dc9b3d8e07895) Importer(2089858483,b0f066a214c2f5e87bad3c948f4d605d) (ScriptedImporter) -> (Import Result ID: 'afb55b491332476eed7360f5d7d01aab') in 0.0086601 seconds [static and dynamic dependencies]. Details - ImportResultOutputID=adf60f268faa204b441f3554317b719d DependenciesID=f8507c0551014aec2f6e37b3cf15eb16 StaticDependenciesID=ef761ba7e1fbf36416fbeb0b4edc3fed 
Number of updated asset objects reloaded before import = 0Number of asset objects unloaded after import = 1

========================================================================
Received Import Request.
  Time since last request: 0.000027 seconds.
  path: Assets/AssetesDescargados/JTS_StoneLanterns/Textures/tex_stone_block_A_hgt.psd
  importAddress: Guid(d078be18d20230e4aac168b6dcc351a5) Importer(2089858483,b0f066a214c2f5e87bad3c948f4d605d)
Start importing Assets/AssetesDescargados/JTS_StoneLanterns/Textures/tex_stone_block_A_hgt.psd using Guid(d078be18d20230e4aac168b6dcc351a5) Importer(2089858483,b0f066a214c2f5e87bad3c948f4d605d) (ScriptedImporter) -> (Import Result ID: '1d3865938fdb50c564fde72a5f35bfb3') in 0.0076868 seconds [static and dynamic dependencies]. Details - ImportResultOutputID=d40a40da486ad75b5fc9125896127af4 DependenciesID=ea9a0f5a7d9178379f8e780bdb63c4ae StaticDependenciesID=4d0f5c9b5b7cef1756d702a455ffa005 
Number of updated asset objects reloaded before import = 0Number of asset objects unloaded after import = 1

========================================================================
Received Import Request.
  Time since last request: 0.000020 seconds.
  path: Assets/AssetesDescargados/JTS_StoneLanterns/Prefabs/Lantern_Stone_B2.prefab
  importAddress: Guid(851422d37c5757d44a17d9feb3b6d622) Importer(2089858483,b0f066a214c2f5e87bad3c948f4d605d)
Start importing Assets/AssetesDescargados/JTS_StoneLanterns/Prefabs/Lantern_Stone_B2.prefab using Guid(851422d37c5757d44a17d9feb3b6d622) Importer(2089858483,b0f066a214c2f5e87bad3c948f4d605d) (ScriptedImporter) -> (Import Result ID: 'f8d4dc74fa59ad59873ca245c55e38d2') in 0.0063607 seconds [static and dynamic dependencies]. Details - ImportResultOutputID=278cebbcaf94cefe4c6e18608e4ce8e9 DependenciesID=0a9a611678913c4ef390da480fe5bd18 StaticDependenciesID=8c4d8a740d55e595ff670ef5be40c3d1 
Number of updated asset objects reloaded before import = 0Number of asset objects unloaded after import = 10

========================================================================
Received Import Request.
  Time since last request: 0.000019 seconds.
  path: Assets/AssetesDescargados/JTS_StoneLanterns/Textures/tex_lantern_stone_C1_msk.psd
  importAddress: Guid(d391a1a9379b8d34aadccd298012dac7) Importer(2089858483,b0f066a214c2f5e87bad3c948f4d605d)
Start importing Assets/AssetesDescargados/JTS_StoneLanterns/Textures/tex_lantern_stone_C1_msk.psd using Guid(d391a1a9379b8d34aadccd298012dac7) Importer(2089858483,b0f066a214c2f5e87bad3c948f4d605d) (ScriptedImporter) -> (Import Result ID: 'b396d154695964a4b931d6163ef78226') in 0.0064076 seconds [static and dynamic dependencies]. Details - ImportResultOutputID=477b925c1b40f7f3c4b064e05045e7b9 DependenciesID=f65835e81f5e806d8f26e76c90552515 StaticDependenciesID=878b978b4b9a03a87261b50fcc3ea605 
Number of updated asset objects reloaded before import = 0Number of asset objects unloaded after import = 1

========================================================================
Received Import Request.
  Time since last request: 0.000024 seconds.
  path: Assets/AssetesDescargados/JTS_StoneLanterns/Mesh/Lantern_Stone_C2.fbx
  importAddress: Guid(e5b63f1884542af43bdad42bc75280aa) Importer(2089858483,b0f066a214c2f5e87bad3c948f4d605d)
Start importing Assets/AssetesDescargados/JTS_StoneLanterns/Mesh/Lantern_Stone_C2.fbx using Guid(e5b63f1884542af43bdad42bc75280aa) Importer(2089858483,b0f066a214c2f5e87bad3c948f4d605d) (ScriptedImporter) -> (Import Result ID: 'bf66383c96479b338f7f93554f229c16') in 0.0073926 seconds [static and dynamic dependencies]. Details - ImportResultOutputID=7608a95e0b049f64b1350c394b773b3e DependenciesID=42f0ef52ce8614c6aff7aeac52d11359 StaticDependenciesID=8ef027450d34faab9ed9b22c6d016087 
Number of updated asset objects reloaded before import = 0Number of asset objects unloaded after import = 7

========================================================================
Received Import Request.
  Time since last request: 0.000028 seconds.
  path: Assets/AssetesDescargados/JTS_StoneLanterns/Textures/tex_lantern_stone_B3_msk.psd
  importAddress: Guid(d8aeda812282b264f91f5d88e6d177cb) Importer(2089858483,b0f066a214c2f5e87bad3c948f4d605d)
Start importing Assets/AssetesDescargados/JTS_StoneLanterns/Textures/tex_lantern_stone_B3_msk.psd using Guid(d8aeda812282b264f91f5d88e6d177cb) Importer(2089858483,b0f066a214c2f5e87bad3c948f4d605d) (ScriptedImporter) -> (Import Result ID: '3c25400a323f33437070485e35e94ac3') in 0.0060242 seconds [static and dynamic dependencies]. Details - ImportResultOutputID=7a78c3dba029dec13529fad26dce7fb4 DependenciesID=8a692f48e77c1d0b0d06ca6edc95ba09 StaticDependenciesID=0a4bebfd0b351aad614a7296520b7afa 
Number of updated asset objects reloaded before import = 0Number of asset objects unloaded after import = 1

========================================================================
Received Import Request.
  Time since last request: 0.000025 seconds.
  path: Assets/AssetesDescargados/JTS_StoneLanterns/Textures/tex_lantern_stone_D3_nrm.psd
  importAddress: Guid(db53e28c29244044aa75a89bf8dc33b8) Importer(2089858483,b0f066a214c2f5e87bad3c948f4d605d)
Start importing Assets/AssetesDescargados/JTS_StoneLanterns/Textures/tex_lantern_stone_D3_nrm.psd using Guid(db53e28c29244044aa75a89bf8dc33b8) Importer(2089858483,b0f066a214c2f5e87bad3c948f4d605d) (ScriptedImporter) -> (Import Result ID: '5f2301888e52f9d1c0e4d7159ac7ea0c') in 0.008376 seconds [static and dynamic dependencies]. Details - ImportResultOutputID=e7aabcb3f6bcf2fed5704f494168240a DependenciesID=66ec04b21021a77a898a01f64d6e68dc StaticDependenciesID=89989476349c4271fb563445491049c1 
Number of updated asset objects reloaded before import = 0Number of asset objects unloaded after import = 1

========================================================================
Received Import Request.
  Time since last request: 0.000024 seconds.
  path: Assets/AssetesDescargados/JTS_StoneLanterns
  importAddress: Guid(6e5cd584efef15c468e156f07483ace6) Importer(2089858483,b0f066a214c2f5e87bad3c948f4d605d)
Start importing Assets/AssetesDescargados/JTS_StoneLanterns using Guid(6e5cd584efef15c468e156f07483ace6) Importer(2089858483,b0f066a214c2f5e87bad3c948f4d605d) (ScriptedImporter) -> (Import Result ID: 'da824b23b280ea88e80b05cb0e97f914') in 0.005981 seconds [static and dynamic dependencies]. Details - ImportResultOutputID=0cf1e48f03a8baf70a00923cf32d4744 DependenciesID=006dd185d54e704d83d0159ab02b9945 StaticDependenciesID=211679c2a0a6180bfd55ef4fe6dfb20d 
Number of updated asset objects reloaded before import = 0Number of asset objects unloaded after import = 1

========================================================================
Received Import Request.
  Time since last request: 0.000019 seconds.
  path: Assets/AssetesDescargados/JTS_StoneLanterns/Textures/tex_lantern_stone_C1_hgt.psd
  importAddress: Guid(468f118e04c44034ab8d31c8f5b75380) Importer(2089858483,b0f066a214c2f5e87bad3c948f4d605d)
Start importing Assets/AssetesDescargados/JTS_StoneLanterns/Textures/tex_lantern_stone_C1_hgt.psd using Guid(468f118e04c44034ab8d31c8f5b75380) Importer(2089858483,b0f066a214c2f5e87bad3c948f4d605d) (ScriptedImporter) -> (Import Result ID: 'c88c29e7dd4f0b934b998931b03531a3') in 0.0063016 seconds [static and dynamic dependencies]. Details - ImportResultOutputID=8722f78a457f13c6207ae38f54778ef6 DependenciesID=aa46170ea7d1d3b1e6d76a7344f503b0 StaticDependenciesID=8a31011bdbe776796949af28dcd65c2b 
Number of updated asset objects reloaded before import = 0Number of asset objects unloaded after import = 1

========================================================================
Received Import Request.
  Time since last request: 0.000021 seconds.
  path: Assets/AssetesDescargados/JTS_StoneLanterns/Materials/mat_lantern_stone_D3.mat
  importAddress: Guid(7797fb21f30bcd843a985ac816fb6703) Importer(2089858483,b0f066a214c2f5e87bad3c948f4d605d)
Start importing Assets/AssetesDescargados/JTS_StoneLanterns/Materials/mat_lantern_stone_D3.mat using Guid(7797fb21f30bcd843a985ac816fb6703) Importer(2089858483,b0f066a214c2f5e87bad3c948f4d605d) (ScriptedImporter) -> (Import Result ID: 'ab55af0493903b187247d099209b3e58') in 0.0174094 seconds [static and dynamic dependencies]. Details - ImportResultOutputID=7045a629fccd087f583b7d2c4807d87e DependenciesID=5b0ec55d3a7243f9f77a7b3735400841 StaticDependenciesID=45345aebbabfd680e76348430b9f1f17 
Number of updated asset objects reloaded before import = 0Number of asset objects unloaded after import = 5

========================================================================
Received Import Request.
  Time since last request: 0.000021 seconds.
  path: Assets/AssetesDescargados/JTS_StoneLanterns/Textures/tex_lantern_stone_C2.psd
  importAddress: Guid(8e8112f78e1d3ca4da044da1921086d7) Importer(2089858483,b0f066a214c2f5e87bad3c948f4d605d)
Start importing Assets/AssetesDescargados/JTS_StoneLanterns/Textures/tex_lantern_stone_C2.psd using Guid(8e8112f78e1d3ca4da044da1921086d7) Importer(2089858483,b0f066a214c2f5e87bad3c948f4d605d) (ScriptedImporter) -> (Import Result ID: '59b7769e0852789d31edaf0f9f058c36') in 0.0073161 seconds [static and dynamic dependencies]. Details - ImportResultOutputID=23d74bd0b835c5bae6efaa4ffc2b5faa DependenciesID=858228a7784ce988c3f0abe82a7f7707 StaticDependenciesID=3a06c397c71a675c2079dce05298d7ff 
Number of updated asset objects reloaded before import = 0Number of asset objects unloaded after import = 1

========================================================================
Received Import Request.
  Time since last request: 0.000021 seconds.
  path: Assets/AssetesDescargados/JTS_StoneLanterns/Textures/tex_lantern_stone_C2_hgt.psd
  importAddress: Guid(770992d9a82a63245838cda2707cee73) Importer(2089858483,b0f066a214c2f5e87bad3c948f4d605d)
Start importing Assets/AssetesDescargados/JTS_StoneLanterns/Textures/tex_lantern_stone_C2_hgt.psd using Guid(770992d9a82a63245838cda2707cee73) Importer(2089858483,b0f066a214c2f5e87bad3c948f4d605d) (ScriptedImporter) -> (Import Result ID: '39a15ec2c1dca61ad72c1c49faef30e3') in 0.0075948 seconds [static and dynamic dependencies]. Details - ImportResultOutputID=5d2354764ce5656ac68258c46163045d DependenciesID=9efa8f1aaa9b47508a190b6d752cf71a StaticDependenciesID=741c8b287715a54c5def48f6ea8724fd 
Number of updated asset objects reloaded before import = 0Number of asset objects unloaded after import = 1

========================================================================
Received Import Request.
  Time since last request: 0.000030 seconds.
  path: Assets/AssetesDescargados/JTS_StoneLanterns/Textures/tex_stone_block_A_msk.psd
  importAddress: Guid(0721a5d4f30230349ae37c8d812b69ec) Importer(2089858483,b0f066a214c2f5e87bad3c948f4d605d)
Start importing Assets/AssetesDescargados/JTS_StoneLanterns/Textures/tex_stone_block_A_msk.psd using Guid(0721a5d4f30230349ae37c8d812b69ec) Importer(2089858483,b0f066a214c2f5e87bad3c948f4d605d) (ScriptedImporter) -> (Import Result ID: 'c449300f78fb19085ea9eb9c1789e547') in 0.0063811 seconds [static and dynamic dependencies]. Details - ImportResultOutputID=8cf91d5925071a6dc9494c9d8b7dbe94 DependenciesID=1936a862d3dc9db1139f7e48f3d83274 StaticDependenciesID=a55f36ce7029224988109ca11c348cae 
Number of updated asset objects reloaded before import = 0Number of asset objects unloaded after import = 1

========================================================================
Received Import Request.
  Time since last request: 0.000019 seconds.
  path: Assets/AssetesDescargados/JTS_StoneLanterns/Prefabs/Platform_Stone_C1.prefab
  importAddress: Guid(ecdb2215d7cacb540ac74673b911a101) Importer(2089858483,b0f066a214c2f5e87bad3c948f4d605d)
Start importing Assets/AssetesDescargados/JTS_StoneLanterns/Prefabs/Platform_Stone_C1.prefab using Guid(ecdb2215d7cacb540ac74673b911a101) Importer(2089858483,b0f066a214c2f5e87bad3c948f4d605d) (ScriptedImporter) -> (Import Result ID: 'a2e748e8aada0e46325ba9032ff6b493') in 0.0059537 seconds [static and dynamic dependencies]. Details - ImportResultOutputID=9f0883579bf22657468cd50199ec0faa DependenciesID=30b56a68e60f498c94dc4305da63fd00 StaticDependenciesID=d7d489a01016b157197baee2af4a6818 
Number of updated asset objects reloaded before import = 0Number of asset objects unloaded after import = 10

========================================================================
Received Import Request.
  Time since last request: 0.000020 seconds.
  path: Assets/AssetesDescargados/JTS_StoneLanterns/Textures/tex_lantern_stone_A3_nrm.psd
  importAddress: Guid(522fe9c358eb99c49a877e503e34a774) Importer(2089858483,b0f066a214c2f5e87bad3c948f4d605d)
Start importing Assets/AssetesDescargados/JTS_StoneLanterns/Textures/tex_lantern_stone_A3_nrm.psd using Guid(522fe9c358eb99c49a877e503e34a774) Importer(2089858483,b0f066a214c2f5e87bad3c948f4d605d) (ScriptedImporter) -> (Import Result ID: 'cf5a5e36da4a7e9976682489333d3e1a') in 0.0070809 seconds [static and dynamic dependencies]. Details - ImportResultOutputID=436c9831eb2405c29ef1ea5df16467f6 DependenciesID=861d796711df7a0eb6a682811d80fb45 StaticDependenciesID=91f86b7f3a3115dccee55fe7e28300f0 
Number of updated asset objects reloaded before import = 0Number of asset objects unloaded after import = 1

========================================================================
Received Import Request.
  Time since last request: 0.000027 seconds.
  path: Assets/AssetesDescargados/JTS_StoneLanterns/Mesh/Platform_Stone_B2.fbx
  importAddress: Guid(16c1afa673653fb4d89d80a47d83e803) Importer(2089858483,b0f066a214c2f5e87bad3c948f4d605d)
Start importing Assets/AssetesDescargados/JTS_StoneLanterns/Mesh/Platform_Stone_B2.fbx using Guid(16c1afa673653fb4d89d80a47d83e803) Importer(2089858483,b0f066a214c2f5e87bad3c948f4d605d) (ScriptedImporter) -> (Import Result ID: 'b1403da135aa7efb5f7c05b0b06d750e') in 0.0078928 seconds [static and dynamic dependencies]. Details - ImportResultOutputID=b1a838a8074123618e616ec3949fc7da DependenciesID=0b15e92aad0fcfb72fa90c628ba49ded StaticDependenciesID=7936319577c93ac4bdf16a40ab63d8bb 
Number of updated asset objects reloaded before import = 0Number of asset objects unloaded after import = 7

========================================================================
Received Import Request.
  Time since last request: 0.000023 seconds.
  path: Assets/AssetesDescargados/JTS_StoneLanterns/Textures/tex_lantern_stone_D2.psd
  importAddress: Guid(6c60aba09c9127046b7920091f6ff8a1) Importer(2089858483,b0f066a214c2f5e87bad3c948f4d605d)
Start importing Assets/AssetesDescargados/JTS_StoneLanterns/Textures/tex_lantern_stone_D2.psd using Guid(6c60aba09c9127046b7920091f6ff8a1) Importer(2089858483,b0f066a214c2f5e87bad3c948f4d605d) (ScriptedImporter) -> (Import Result ID: '0c17fd4cf007a20770129ca9235ebb9f') in 0.0072406 seconds [static and dynamic dependencies]. Details - ImportResultOutputID=9764d30e7faf1489be6b1b37c7daf900 DependenciesID=4175dc944cc9cd12f2b4e72563c6abd7 StaticDependenciesID=46e251c2a8edeaa5fde97989ec7406e2 
Number of updated asset objects reloaded before import = 0Number of asset objects unloaded after import = 1

========================================================================
Received Import Request.
  Time since last request: 0.000020 seconds.
  path: Assets/AssetesDescargados/JTS_StoneLanterns/Materials/mat_lantern_stone_A1.mat
  importAddress: Guid(f9857770a36e5ab43823a5bbf34bd5ef) Importer(2089858483,b0f066a214c2f5e87bad3c948f4d605d)
Start importing Assets/AssetesDescargados/JTS_StoneLanterns/Materials/mat_lantern_stone_A1.mat using Guid(f9857770a36e5ab43823a5bbf34bd5ef) Importer(2089858483,b0f066a214c2f5e87bad3c948f4d605d) (ScriptedImporter) -> (Import Result ID: 'af87db7bcbf8586ba8d54a010d6913f9') in 0.0177841 seconds [static and dynamic dependencies]. Details - ImportResultOutputID=c62272c842a0e7a79b5370bc9896919f DependenciesID=07f8c688b8677402bffa52442a116a86 StaticDependenciesID=67419cb7bf0c8b8e975cc34cf70011e7 
Number of updated asset objects reloaded before import = 0Number of asset objects unloaded after import = 5

========================================================================
Received Import Request.
  Time since last request: 0.000026 seconds.
  path: Assets/AssetesDescargados/JTS_StoneLanterns/Prefabs/Platform_Stone_A2.prefab
  importAddress: Guid(c9e0a894e59cab94d9fecf881dc0f859) Importer(2089858483,b0f066a214c2f5e87bad3c948f4d605d)
Start importing Assets/AssetesDescargados/JTS_StoneLanterns/Prefabs/Platform_Stone_A2.prefab using Guid(c9e0a894e59cab94d9fecf881dc0f859) Importer(2089858483,b0f066a214c2f5e87bad3c948f4d605d) (ScriptedImporter) -> (Import Result ID: '1061a099d074a5e8b53693a92ecd1623') in 0.0053454 seconds [static and dynamic dependencies]. Details - ImportResultOutputID=9f39c130904188fbf6df771961b6a579 DependenciesID=69db35e34261e5999d0074fa28404b04 StaticDependenciesID=4b5a176167c742049a04789c04f913fa 
Number of updated asset objects reloaded before import = 0Number of asset objects unloaded after import = 10

========================================================================
Received Import Request.
  Time since last request: 0.000029 seconds.
  path: Assets/AssetesDescargados/JTS_StoneLanterns/Prefabs/Platform_Stone_B2.prefab
  importAddress: Guid(fc21be9a438b193448d01b9c31df3a13) Importer(2089858483,b0f066a214c2f5e87bad3c948f4d605d)
Start importing Assets/AssetesDescargados/JTS_StoneLanterns/Prefabs/Platform_Stone_B2.prefab using Guid(fc21be9a438b193448d01b9c31df3a13) Importer(2089858483,b0f066a214c2f5e87bad3c948f4d605d) (ScriptedImporter) -> (Import Result ID: 'cd7a0710b0cb1b8f110f5639a1973ae1') in 0.0054013 seconds [static and dynamic dependencies]. Details - ImportResultOutputID=024b0a99e13643ab3c0fcbfcd9c20a54 DependenciesID=1f33fbc55b6b74372fcb67630eabc8ba StaticDependenciesID=7c3e48c2cf5257c521c7c5fa6ac2153d 
Number of updated asset objects reloaded before import = 0Number of asset objects unloaded after import = 10

========================================================================
Received Import Request.
  Time since last request: 0.000020 seconds.
  path: Assets/AssetesDescargados/JTS_StoneLanterns/Materials/mat_lantern_stone_B2.mat
  importAddress: Guid(a96fd8fdaa8b2554c96a9a8e155c71fc) Importer(2089858483,b0f066a214c2f5e87bad3c948f4d605d)
Start importing Assets/AssetesDescargados/JTS_StoneLanterns/Materials/mat_lantern_stone_B2.mat using Guid(a96fd8fdaa8b2554c96a9a8e155c71fc) Importer(2089858483,b0f066a214c2f5e87bad3c948f4d605d) (ScriptedImporter) -> (Import Result ID: 'a0c04cc181ddbcbba11ed02c7119cd08') in 0.0187677 seconds [static and dynamic dependencies]. Details - ImportResultOutputID=c9fdc5663b8fcc289ce5fbacce6d26ed DependenciesID=4f1ce98f807bf8fdff7f351d527bbdc5 StaticDependenciesID=a2ef9b800cc6a5a213e3bc595839ac9f 
Number of updated asset objects reloaded before import = 0Number of asset objects unloaded after import = 5

========================================================================
Received Import Request.
  Time since last request: 0.000021 seconds.
  path: Assets/AssetesDescargados/JTS_StoneLanterns/Prefabs/Lantern_Stone_D2.prefab
  importAddress: Guid(c9f7b1df8ac7c4644bdbd6f6503499ff) Importer(2089858483,b0f066a214c2f5e87bad3c948f4d605d)
Start importing Assets/AssetesDescargados/JTS_StoneLanterns/Prefabs/Lantern_Stone_D2.prefab using Guid(c9f7b1df8ac7c4644bdbd6f6503499ff) Importer(2089858483,b0f066a214c2f5e87bad3c948f4d605d) (ScriptedImporter) -> (Import Result ID: '140f82fa56e4241b4249b0523e9b70b6') in 0.0056292 seconds [static and dynamic dependencies]. Details - ImportResultOutputID=2bf2d73388ed63165b848fc50b36254b DependenciesID=3e18b8a65f6a79a643c0552dba26d9c4 StaticDependenciesID=24467321643c21d3d367c9c4c9c865d9 
Number of updated asset objects reloaded before import = 0Number of asset objects unloaded after import = 10

========================================================================
Received Import Request.
  Time since last request: 0.000019 seconds.
  path: Assets/AssetesDescargados/JTS_StoneLanterns/Textures/tex_lantern_stone_D3_hgt.psd
  importAddress: Guid(98b3c74f27f34424c8464e8576381c0a) Importer(2089858483,b0f066a214c2f5e87bad3c948f4d605d)
Start importing Assets/AssetesDescargados/JTS_StoneLanterns/Textures/tex_lantern_stone_D3_hgt.psd using Guid(98b3c74f27f34424c8464e8576381c0a) Importer(2089858483,b0f066a214c2f5e87bad3c948f4d605d) (ScriptedImporter) -> (Import Result ID: 'b6514cbd9a8c712cad9c8514409af695') in 0.0070121 seconds [static and dynamic dependencies]. Details - ImportResultOutputID=c0b00380005e4fe9056546301fe0b9d1 DependenciesID=0daaeac389c7f028b06afd26ed5a7df6 StaticDependenciesID=283ebac629b517679c5eb2cca5aef07c 
Number of updated asset objects reloaded before import = 0Number of asset objects unloaded after import = 1

========================================================================
Received Import Request.
  Time since last request: 0.000020 seconds.
  path: Assets/AssetesDescargados/JTS_StoneLanterns/Mesh/Lantern_Stone_A3.fbx
  importAddress: Guid(262861c9aa651604297754834339f9b6) Importer(2089858483,b0f066a214c2f5e87bad3c948f4d605d)
Start importing Assets/AssetesDescargados/JTS_StoneLanterns/Mesh/Lantern_Stone_A3.fbx using Guid(262861c9aa651604297754834339f9b6) Importer(2089858483,b0f066a214c2f5e87bad3c948f4d605d) (ScriptedImporter) -> (Import Result ID: 'f6aa8b7f9d939a2268d8b340b6a4dc27') in 0.0064521 seconds [static and dynamic dependencies]. Details - ImportResultOutputID=8c1928528aced81beb4e0e957a4e07e4 DependenciesID=e5c0f04d315630db538c7de7fda6f9eb StaticDependenciesID=ae9a93d0767461f803d145027e62485a 
Number of updated asset objects reloaded before import = 0Number of asset objects unloaded after import = 7

========================================================================
Received Import Request.
  Time since last request: 0.000023 seconds.
  path: Assets/AssetesDescargados/JTS_StoneLanterns/Textures/tex_lantern_stone_B2_msk.psd
  importAddress: Guid(d27d8eb12a271c243abaf0361a917b98) Importer(2089858483,b0f066a214c2f5e87bad3c948f4d605d)
Start importing Assets/AssetesDescargados/JTS_StoneLanterns/Textures/tex_lantern_stone_B2_msk.psd using Guid(d27d8eb12a271c243abaf0361a917b98) Importer(2089858483,b0f066a214c2f5e87bad3c948f4d605d) (ScriptedImporter) -> (Import Result ID: '028981c957e04394a4a4908744d349fe') in 0.0063636 seconds [static and dynamic dependencies]. Details - ImportResultOutputID=471972ec17fc3a21e3b5f53d03dc9d17 DependenciesID=d4dd3e4dda7fba0902a1c9dc1a40ae53 StaticDependenciesID=b235b08bda5398a6a16e46319bae7447 
Number of updated asset objects reloaded before import = 0Number of asset objects unloaded after import = 1

========================================================================
Received Import Request.
  Time since last request: 0.000027 seconds.
  path: Assets/AssetesDescargados/JTS_StoneLanterns/Textures/tex_lantern_stone_B1.psd
  importAddress: Guid(84ea8f7464a36ae46875e032b45f2c76) Importer(2089858483,b0f066a214c2f5e87bad3c948f4d605d)
Start importing Assets/AssetesDescargados/JTS_StoneLanterns/Textures/tex_lantern_stone_B1.psd using Guid(84ea8f7464a36ae46875e032b45f2c76) Importer(2089858483,b0f066a214c2f5e87bad3c948f4d605d) (ScriptedImporter) -> (Import Result ID: 'c6c02621b0c235e257521fc768b4e09b') in 0.0094721 seconds [static and dynamic dependencies]. Details - ImportResultOutputID=76ccf0eea238ec3465a8c0dcf06a2e20 DependenciesID=29f815ac7ae367521abaa9b96650d3f6 StaticDependenciesID=93b783cd46982c04422616d45dba8f72 
Number of updated asset objects reloaded before import = 0Number of asset objects unloaded after import = 1

========================================================================
Received Import Request.
  Time since last request: 0.000028 seconds.
  path: Assets/AssetesDescargados/JTS_StoneLanterns/Mesh/Platform_Stone_C2.fbx
  importAddress: Guid(38b7f5a567ead7542ac6f10e36a02aa7) Importer(2089858483,b0f066a214c2f5e87bad3c948f4d605d)
Start importing Assets/AssetesDescargados/JTS_StoneLanterns/Mesh/Platform_Stone_C2.fbx using Guid(38b7f5a567ead7542ac6f10e36a02aa7) Importer(2089858483,b0f066a214c2f5e87bad3c948f4d605d) (ScriptedImporter) -> (Import Result ID: 'c1ed0306e20d1029fa6810ff430965e0') in 0.0065354 seconds [static and dynamic dependencies]. Details - ImportResultOutputID=500793846cce433b5373bcb86b31d754 DependenciesID=913c4ae7a6e1a981230059cadd9d14f3 StaticDependenciesID=8f04ccd39bee70d33aeadfcc5c7416b9 
Number of updated asset objects reloaded before import = 0Number of asset objects unloaded after import = 7

========================================================================
Received Import Request.
  Time since last request: 0.000021 seconds.
  path: Assets/AssetesDescargados/JTS_StoneLanterns/Demo/Materials/mat_gray.mat
  importAddress: Guid(33120a23c72bfc04dbb689bedd7b8c99) Importer(2089858483,b0f066a214c2f5e87bad3c948f4d605d)
Start importing Assets/AssetesDescargados/JTS_StoneLanterns/Demo/Materials/mat_gray.mat using Guid(33120a23c72bfc04dbb689bedd7b8c99) Importer(2089858483,b0f066a214c2f5e87bad3c948f4d605d) (ScriptedImporter) -> (Import Result ID: '0c8055b92a28485d8e9b68a4e3d0d0f1') in 0.0105742 seconds [static and dynamic dependencies]. Details - ImportResultOutputID=d6421ab812fc2844a8b88e829783a49f DependenciesID=94b712486d7f2918940dc7fd3dab76ee StaticDependenciesID=bf133eceed71bc629edba1fca0acd9ab 
Number of updated asset objects reloaded before import = 0Number of asset objects unloaded after import = 2

========================================================================
Received Import Request.
  Time since last request: 0.000021 seconds.
  path: Assets/AssetesDescargados/JTS_StoneLanterns/Prefabs/Platform_Stone_A1.prefab
  importAddress: Guid(7b416b0fa77ed1840a9f280019e863ed) Importer(2089858483,b0f066a214c2f5e87bad3c948f4d605d)
Start importing Assets/AssetesDescargados/JTS_StoneLanterns/Prefabs/Platform_Stone_A1.prefab using Guid(7b416b0fa77ed1840a9f280019e863ed) Importer(2089858483,b0f066a214c2f5e87bad3c948f4d605d) (ScriptedImporter) -> (Import Result ID: '9720a0264e268b23ee8c591c7995aaa2') in 0.006274 seconds [static and dynamic dependencies]. Details - ImportResultOutputID=296579173dd7e5957862f0c7032b546b DependenciesID=e921f68f1f71c10dd6cf5eb429294d03 StaticDependenciesID=41b1a89d9bb86f18d7fb3ed77fffa551 
Number of updated asset objects reloaded before import = 0Number of asset objects unloaded after import = 10

========================================================================
Received Import Request.
  Time since last request: 0.000020 seconds.
  path: Assets/AssetesDescargados/JTS_StoneLanterns/Mesh/Lantern_Stone_B1.fbx
  importAddress: Guid(cd5978abdc009f54e9888c53244ccb63) Importer(2089858483,b0f066a214c2f5e87bad3c948f4d605d)
Start importing Assets/AssetesDescargados/JTS_StoneLanterns/Mesh/Lantern_Stone_B1.fbx using Guid(cd5978abdc009f54e9888c53244ccb63) Importer(2089858483,b0f066a214c2f5e87bad3c948f4d605d) (ScriptedImporter) -> (Import Result ID: 'c5fc3b641f3ee428bd5782c59ca70d69') in 0.0057744 seconds [static and dynamic dependencies]. Details - ImportResultOutputID=4af269984e77c53a2957a16cf62b11e3 DependenciesID=1740144e7f8cf7a2bbf4201adbc819bc StaticDependenciesID=0f27f85a530ef55c2c38a9d561903969 
Number of updated asset objects reloaded before import = 0Number of asset objects unloaded after import = 7

========================================================================
Received Import Request.
  Time since last request: 0.000019 seconds.
  path: Assets/AssetesDescargados/JTS_StoneLanterns/Prefabs/Lantern_Stone_C3.prefab
  importAddress: Guid(fe15cb324897eaf4b92ecd6fab0f2250) Importer(2089858483,b0f066a214c2f5e87bad3c948f4d605d)
Start importing Assets/AssetesDescargados/JTS_StoneLanterns/Prefabs/Lantern_Stone_C3.prefab using Guid(fe15cb324897eaf4b92ecd6fab0f2250) Importer(2089858483,b0f066a214c2f5e87bad3c948f4d605d) (ScriptedImporter) -> (Import Result ID: '6871e7b4951fc6030017d73583b029ae') in 0.0057789 seconds [static and dynamic dependencies]. Details - ImportResultOutputID=bb49d5973399d631c19791254fbaa0a0 DependenciesID=ccfb6ff04d4ea4eefb6e5d3138a08ed8 StaticDependenciesID=21e6e1cc25362337a52a0ebb70797f58 
Number of updated asset objects reloaded before import = 0Number of asset objects unloaded after import = 10

========================================================================
Received Import Request.
  Time since last request: 0.000021 seconds.
  path: Assets/AssetesDescargados/JTS_StoneLanterns/Textures/tex_lantern_stone_A2_nrm.psd
  importAddress: Guid(d35a0b75082f5a648a87b94e843912f5) Importer(2089858483,b0f066a214c2f5e87bad3c948f4d605d)
Start importing Assets/AssetesDescargados/JTS_StoneLanterns/Textures/tex_lantern_stone_A2_nrm.psd using Guid(d35a0b75082f5a648a87b94e843912f5) Importer(2089858483,b0f066a214c2f5e87bad3c948f4d605d) (ScriptedImporter) -> (Import Result ID: 'efa7e3ae30610cc836f6846b5c7fb713') in 0.0074549 seconds [static and dynamic dependencies]. Details - ImportResultOutputID=9c4e2a93b9a97e4128fd9972ebffced2 DependenciesID=8b7e41b5efb3844ea6af1f4ba6eaa210 StaticDependenciesID=b6a99bda43c813f7126d874327154286 
Number of updated asset objects reloaded before import = 0Number of asset objects unloaded after import = 1

========================================================================
Received Import Request.
  Time since last request: 0.000027 seconds.
  path: Assets/AssetesDescargados/JTS_StoneLanterns/Textures/tex_lantern_stone_A1_hgt.psd
  importAddress: Guid(8455049d1fd3bf44d99c27871c759a12) Importer(2089858483,b0f066a214c2f5e87bad3c948f4d605d)
Start importing Assets/AssetesDescargados/JTS_StoneLanterns/Textures/tex_lantern_stone_A1_hgt.psd using Guid(8455049d1fd3bf44d99c27871c759a12) Importer(2089858483,b0f066a214c2f5e87bad3c948f4d605d) (ScriptedImporter) -> (Import Result ID: 'e9aaf98d0b850aa7e03d5078e8150955') in 0.0082913 seconds [static and dynamic dependencies]. Details - ImportResultOutputID=4c2e9966fef80b9da0b4b073d5f2a635 DependenciesID=497e7ce3aabc7d5768fc8367617c639e StaticDependenciesID=892284353b9796a817bee261d77d61ab 
Number of updated asset objects reloaded before import = 0Number of asset objects unloaded after import = 1

========================================================================
Received Import Request.
  Time since last request: 0.000031 seconds.
  path: Assets/AssetesDescargados/JTS_StoneLanterns/Textures/tex_lantern_stone_A3_hgt.psd
  importAddress: Guid(fd73f60989190f04da35d46a20265e02) Importer(2089858483,b0f066a214c2f5e87bad3c948f4d605d)
Start importing Assets/AssetesDescargados/JTS_StoneLanterns/Textures/tex_lantern_stone_A3_hgt.psd using Guid(fd73f60989190f04da35d46a20265e02) Importer(2089858483,b0f066a214c2f5e87bad3c948f4d605d) (ScriptedImporter) -> (Import Result ID: '885130eb0a90e09684cff2f31ce9e962') in 0.0067575 seconds [static and dynamic dependencies]. Details - ImportResultOutputID=f3ec0ae715b8b401214e0870c6a0f641 DependenciesID=8f04531600f101a81b82adfa6de71082 StaticDependenciesID=858a746985f3d449c12fb98754445682 
Number of updated asset objects reloaded before import = 0Number of asset objects unloaded after import = 1

========================================================================
Received Import Request.
  Time since last request: 0.000025 seconds.
  path: Assets/AssetesDescargados/JTS_StoneLanterns/Prefabs/Lantern_Stone_C2.prefab
  importAddress: Guid(77a6bbb4e632ad445906875ad8b8d28a) Importer(2089858483,b0f066a214c2f5e87bad3c948f4d605d)
Start importing Assets/AssetesDescargados/JTS_StoneLanterns/Prefabs/Lantern_Stone_C2.prefab using Guid(77a6bbb4e632ad445906875ad8b8d28a) Importer(2089858483,b0f066a214c2f5e87bad3c948f4d605d) (ScriptedImporter) -> (Import Result ID: '7d4620737a95e682e783d2f071da289c') in 0.0087923 seconds [static and dynamic dependencies]. Details - ImportResultOutputID=6cfefd8e586e2893beee7f8a252de382 DependenciesID=3280c4e4d7c0a0a63c2fe69a04ce9f28 StaticDependenciesID=5f76d93436113360d9c37da973b1974d 
Number of updated asset objects reloaded before import = 0Number of asset objects unloaded after import = 10

========================================================================
Received Import Request.
  Time since last request: 0.000021 seconds.
  path: Assets/AssetesDescargados/JTS_StoneLanterns/Textures/tex_lantern_stone_B3_hgt.psd
  importAddress: Guid(550edd4f9ff46e04199d4745d7cc3f39) Importer(2089858483,b0f066a214c2f5e87bad3c948f4d605d)
Start importing Assets/AssetesDescargados/JTS_StoneLanterns/Textures/tex_lantern_stone_B3_hgt.psd using Guid(550edd4f9ff46e04199d4745d7cc3f39) Importer(2089858483,b0f066a214c2f5e87bad3c948f4d605d) (ScriptedImporter) -> (Import Result ID: '945cfc1b552a7f126123a8c2bf0f9f80') in 0.0076445 seconds [static and dynamic dependencies]. Details - ImportResultOutputID=f572ef7feee989fa52dbf36cef7bf519 DependenciesID=b3c0736e7ba85466ebfd677c404eb261 StaticDependenciesID=5ad21e48ae72b65537a3a5c90b06a59b 
Number of updated asset objects reloaded before import = 0Number of asset objects unloaded after import = 1

========================================================================
Received Import Request.
  Time since last request: 0.000023 seconds.
  path: Assets/AssetesDescargados/JTS_StoneLanterns/Mesh/Platform_Stone_A1.fbx
  importAddress: Guid(149890a43f316cf41bbf813b49ed4a3d) Importer(2089858483,b0f066a214c2f5e87bad3c948f4d605d)
Start importing Assets/AssetesDescargados/JTS_StoneLanterns/Mesh/Platform_Stone_A1.fbx using Guid(149890a43f316cf41bbf813b49ed4a3d) Importer(2089858483,b0f066a214c2f5e87bad3c948f4d605d) (ScriptedImporter) -> (Import Result ID: 'c3f862a4078c7d675d2bce66678dd2df') in 0.0072798 seconds [static and dynamic dependencies]. Details - ImportResultOutputID=a834c2f12ee8ecd4163f78846ad0f05a DependenciesID=276459dd5487b8e8dea1bc47373779a8 StaticDependenciesID=a1af96dece7afc1fed13798c404c4acd 
Number of updated asset objects reloaded before import = 0Number of asset objects unloaded after import = 7

========================================================================
Received Import Request.
  Time since last request: 0.000022 seconds.
  path: Assets/AssetesDescargados/JTS_StoneLanterns/Mesh/Platform_Stone_A2.fbx
  importAddress: Guid(3321778520c6572499d9b8edf46e9d73) Importer(2089858483,b0f066a214c2f5e87bad3c948f4d605d)
Start importing Assets/AssetesDescargados/JTS_StoneLanterns/Mesh/Platform_Stone_A2.fbx using Guid(3321778520c6572499d9b8edf46e9d73) Importer(2089858483,b0f066a214c2f5e87bad3c948f4d605d) (ScriptedImporter) -> (Import Result ID: 'd9b54abe6b7919c7078878e17aa20960') in 0.006541 seconds [static and dynamic dependencies]. Details - ImportResultOutputID=a0cffc2bad00a09611e1edb7df84b7ad DependenciesID=21e2f0bfbe126c82a9ac4e1413b6b289 StaticDependenciesID=c7d2cf7cdbf45b8b4361367f7d1ff794 
Number of updated asset objects reloaded before import = 0Number of asset objects unloaded after import = 7

========================================================================
Received Import Request.
  Time since last request: 0.000020 seconds.
  path: Assets/AssetesDescargados/JTS_StoneLanterns/Textures/tex_lantern_stone_B1_nrm.psd
  importAddress: Guid(654c04d5513db5446ac3ec002497e262) Importer(2089858483,b0f066a214c2f5e87bad3c948f4d605d)
Start importing Assets/AssetesDescargados/JTS_StoneLanterns/Textures/tex_lantern_stone_B1_nrm.psd using Guid(654c04d5513db5446ac3ec002497e262) Importer(2089858483,b0f066a214c2f5e87bad3c948f4d605d) (ScriptedImporter) -> (Import Result ID: '1bf3b725fba2cb74ce1ff9d8f482e655') in 0.0083434 seconds [static and dynamic dependencies]. Details - ImportResultOutputID=24afa04ca187a64c6ec37a5556e1fd90 DependenciesID=bf89a21f60d4634106c770f7be4c1640 StaticDependenciesID=2662e954feacefecfb1adede9b6a8860 
Number of updated asset objects reloaded before import = 0Number of asset objects unloaded after import = 1

========================================================================
Received Import Request.
  Time since last request: 0.000023 seconds.
  path: Assets/AssetesDescargados/JTS_StoneLanterns/Textures/tex_lantern_stone_D2_msk.psd
  importAddress: Guid(c5d79aab47b7f11418aa2258d8c331d8) Importer(2089858483,b0f066a214c2f5e87bad3c948f4d605d)
Start importing Assets/AssetesDescargados/JTS_StoneLanterns/Textures/tex_lantern_stone_D2_msk.psd using Guid(c5d79aab47b7f11418aa2258d8c331d8) Importer(2089858483,b0f066a214c2f5e87bad3c948f4d605d) (ScriptedImporter) -> (Import Result ID: 'a9f12641bb93d1c310f5e8c7b3f0e059') in 0.0078096 seconds [static and dynamic dependencies]. Details - ImportResultOutputID=79c7d83997b93e41b09509fe21ff552c DependenciesID=b254c9822d0ad707bda801c21992e654 StaticDependenciesID=d99cf05c1f5c2c29cfc9a82bf83e7e0a 
Number of updated asset objects reloaded before import = 0Number of asset objects unloaded after import = 1

========================================================================
Received Import Request.
  Time since last request: 0.000030 seconds.
  path: Assets/AssetesDescargados/JTS_StoneLanterns/Materials/mat_lantern_stone_D1.mat
  importAddress: Guid(e42dc1f52eaae704ba9bc47ee3d13c8a) Importer(2089858483,b0f066a214c2f5e87bad3c948f4d605d)
Start importing Assets/AssetesDescargados/JTS_StoneLanterns/Materials/mat_lantern_stone_D1.mat using Guid(e42dc1f52eaae704ba9bc47ee3d13c8a) Importer(2089858483,b0f066a214c2f5e87bad3c948f4d605d) (ScriptedImporter) -> (Import Result ID: '44f1a655c2272e5f79f28f6362630fc3') in 0.0179949 seconds [static and dynamic dependencies]. Details - ImportResultOutputID=e3dc5b4b0c9be83a0e8d8c36be1beafe DependenciesID=c2034fd5df3ede874a666408e7d29cec StaticDependenciesID=6ab84141ea6d1619c12c564b1e5d097a 
Number of updated asset objects reloaded before import = 0Number of asset objects unloaded after import = 5

========================================================================
Received Import Request.
  Time since last request: 0.000021 seconds.
  path: Assets/AssetesDescargados/JTS_StoneLanterns/Demo/Textures/tex_gray_diff.psd
  importAddress: Guid(3b8f8f55b04fd404985c288dd82ed8b1) Importer(2089858483,b0f066a214c2f5e87bad3c948f4d605d)
Start importing Assets/AssetesDescargados/JTS_StoneLanterns/Demo/Textures/tex_gray_diff.psd using Guid(3b8f8f55b04fd404985c288dd82ed8b1) Importer(2089858483,b0f066a214c2f5e87bad3c948f4d605d) (ScriptedImporter) -> (Import Result ID: '26cf5c4ead8a7044b9c30712bd7699ca') in 0.0072849 seconds [static and dynamic dependencies]. Details - ImportResultOutputID=61a58b0ecd2be71d129aa27183cbf003 DependenciesID=4b3301cba28b99ee3dc43eafa50b4d94 StaticDependenciesID=7c98d5e7b0065c412dbbb3414c0dea39 
Number of updated asset objects reloaded before import = 0Number of asset objects unloaded after import = 1

========================================================================
Received Import Request.
  Time since last request: 0.000021 seconds.
  path: Assets/AssetesDescargados/JTS_StoneLanterns/Textures/tex_lantern_stone_C3_nrm.psd
  importAddress: Guid(c8e05c5b959dc8f47a47a1ec6dedf413) Importer(2089858483,b0f066a214c2f5e87bad3c948f4d605d)
Start importing Assets/AssetesDescargados/JTS_StoneLanterns/Textures/tex_lantern_stone_C3_nrm.psd using Guid(c8e05c5b959dc8f47a47a1ec6dedf413) Importer(2089858483,b0f066a214c2f5e87bad3c948f4d605d) (ScriptedImporter) -> (Import Result ID: '8a906492efbb4bf791834b525a020fe8') in 0.0089429 seconds [static and dynamic dependencies]. Details - ImportResultOutputID=9618be49112f88c8fe2b33abdd7155af DependenciesID=f987b5f309a023035f24b89308ca97ff StaticDependenciesID=484e8f63004c8925cc53915cfe8566db 
Number of updated asset objects reloaded before import = 0Number of asset objects unloaded after import = 1

========================================================================
Received Import Request.
  Time since last request: 0.000020 seconds.
  path: Assets/AssetesDescargados/JTS_StoneLanterns/Prefabs/Lantern_Stone_D3.prefab
  importAddress: Guid(5d96e0c96892dc34c9405833e1c52e50) Importer(2089858483,b0f066a214c2f5e87bad3c948f4d605d)
Start importing Assets/AssetesDescargados/JTS_StoneLanterns/Prefabs/Lantern_Stone_D3.prefab using Guid(5d96e0c96892dc34c9405833e1c52e50) Importer(2089858483,b0f066a214c2f5e87bad3c948f4d605d) (ScriptedImporter) -> (Import Result ID: '986a8dc1c5465b93ef1f070f77864bc7') in 0.007757 seconds [static and dynamic dependencies]. Details - ImportResultOutputID=7a04638716a8479a1afa6addad26ab85 DependenciesID=cc8ee3fc2aaaf5c0dca29c98381416d3 StaticDependenciesID=eeb36f521acd099fbd68ebc4a133a1be 
Number of updated asset objects reloaded before import = 0Number of asset objects unloaded after import = 10

========================================================================
Received Import Request.
  Time since last request: 0.000019 seconds.
  path: Assets/AssetesDescargados/JTS_StoneLanterns/Textures/tex_lantern_stone_D1.psd
  importAddress: Guid(a7841a3918027dc409a514633b1a76c2) Importer(2089858483,b0f066a214c2f5e87bad3c948f4d605d)
Start importing Assets/AssetesDescargados/JTS_StoneLanterns/Textures/tex_lantern_stone_D1.psd using Guid(a7841a3918027dc409a514633b1a76c2) Importer(2089858483,b0f066a214c2f5e87bad3c948f4d605d) (ScriptedImporter) -> (Import Result ID: 'aa38629c3014218e9ec7ede9888f4902') in 0.0088489 seconds [static and dynamic dependencies]. Details - ImportResultOutputID=d5ba2f93ce1bc86bf713bbe29450fa67 DependenciesID=5f5dcf967ec3302e41c72b6669dcf6ff StaticDependenciesID=f9b8c95cbb3438aeb561c9314deb0eb0 
Number of updated asset objects reloaded before import = 0Number of asset objects unloaded after import = 1

========================================================================
Received Import Request.
  Time since last request: 0.000018 seconds.
  path: Assets/AssetesDescargados/JTS_StoneLanterns/Textures/tex_lantern_stone_B1_msk.psd
  importAddress: Guid(afe55834aae927c46be56e82a9e79431) Importer(2089858483,b0f066a214c2f5e87bad3c948f4d605d)
Start importing Assets/AssetesDescargados/JTS_StoneLanterns/Textures/tex_lantern_stone_B1_msk.psd using Guid(afe55834aae927c46be56e82a9e79431) Importer(2089858483,b0f066a214c2f5e87bad3c948f4d605d) (ScriptedImporter) -> (Import Result ID: '80569d72e5895a5f07ce0d1fb4533781') in 0.0085123 seconds [static and dynamic dependencies]. Details - ImportResultOutputID=4075a1139706fff90acb963e3063f221 DependenciesID=6df305e37946ea164834f98b567f075c StaticDependenciesID=80ef01950e99b040e8dbdea9c2730638 
Number of updated asset objects reloaded before import = 0Number of asset objects unloaded after import = 1

========================================================================
Received Import Request.
  Time since last request: 0.000031 seconds.
  path: Assets/AssetesDescargados/JTS_StoneLanterns/Materials/mat_lantern_stone_B3.mat
  importAddress: Guid(cb4eb134a1b0478469670a24e1728337) Importer(2089858483,b0f066a214c2f5e87bad3c948f4d605d)
Start importing Assets/AssetesDescargados/JTS_StoneLanterns/Materials/mat_lantern_stone_B3.mat using Guid(cb4eb134a1b0478469670a24e1728337) Importer(2089858483,b0f066a214c2f5e87bad3c948f4d605d) (ScriptedImporter) -> (Import Result ID: '253a30cab0ed810bd1f2d689a8bb407c') in 0.0185192 seconds [static and dynamic dependencies]. Details - ImportResultOutputID=a79881f611fd2ee81d72aca62c1dbfb7 DependenciesID=adba9c8370fbd20d0e0a1ee9bb5fb853 StaticDependenciesID=b8661543527dc02f4d86b7216a65f735 
Number of updated asset objects reloaded before import = 0Number of asset objects unloaded after import = 5

========================================================================
Received Import Request.
  Time since last request: 0.000032 seconds.
  path: Assets/AssetesDescargados/JTS_StoneLanterns/Prefabs/Platform_Stone_A3.prefab
  importAddress: Guid(4f1259e7b496e364d9ce515f4ca75f2b) Importer(2089858483,b0f066a214c2f5e87bad3c948f4d605d)
Start importing Assets/AssetesDescargados/JTS_StoneLanterns/Prefabs/Platform_Stone_A3.prefab using Guid(4f1259e7b496e364d9ce515f4ca75f2b) Importer(2089858483,b0f066a214c2f5e87bad3c948f4d605d) (ScriptedImporter) -> (Import Result ID: '5c757f1db9cab227aa5fa3b84c43b3a6') in 0.005484 seconds [static and dynamic dependencies]. Details - ImportResultOutputID=1ad68eab1a6e707573bbd341adff6961 DependenciesID=850fc606784bf5023750a13a29c93282 StaticDependenciesID=713e22513a2db3166f8422e0d87cf3ef 
Number of updated asset objects reloaded before import = 0Number of asset objects unloaded after import = 10

========================================================================
Received Import Request.
  Time since last request: 0.000020 seconds.
  path: Assets/AssetesDescargados/JTS_StoneLanterns/Mesh/Platform_Stone_C1.fbx
  importAddress: Guid(addf4096061bfce4da44919267db27b0) Importer(2089858483,b0f066a214c2f5e87bad3c948f4d605d)
Start importing Assets/AssetesDescargados/JTS_StoneLanterns/Mesh/Platform_Stone_C1.fbx using Guid(addf4096061bfce4da44919267db27b0) Importer(2089858483,b0f066a214c2f5e87bad3c948f4d605d) (ScriptedImporter) -> (Import Result ID: '17a4e799cd310990182212e2544c6937') in 0.0057558 seconds [static and dynamic dependencies]. Details - ImportResultOutputID=af2103a5d52c05219a6206dd63803202 DependenciesID=a79bb5ea7a68d0d920171e45a625adad StaticDependenciesID=baddff0dc51927765d7c09807d560a7a 
Number of updated asset objects reloaded before import = 0Number of asset objects unloaded after import = 7

========================================================================
Received Import Request.
  Time since last request: 0.000020 seconds.
  path: Assets/AssetesDescargados/JTS_StoneLanterns/Textures/tex_lantern_stone_C1_nrm.psd
  importAddress: Guid(7789d9533742f944aab1843baac42aa1) Importer(2089858483,b0f066a214c2f5e87bad3c948f4d605d)
Start importing Assets/AssetesDescargados/JTS_StoneLanterns/Textures/tex_lantern_stone_C1_nrm.psd using Guid(7789d9533742f944aab1843baac42aa1) Importer(2089858483,b0f066a214c2f5e87bad3c948f4d605d) (ScriptedImporter) -> (Import Result ID: '7b690f2c79129f57c27c5f1cd9a7b631') in 0.0079049 seconds [static and dynamic dependencies]. Details - ImportResultOutputID=07e83e71929b561610d1509b715efcfe DependenciesID=2600c3c92b19c2af18d6e3a781e8cbae StaticDependenciesID=2cb2f02caa59aeffea77569ad74224f3 
Number of updated asset objects reloaded before import = 0Number of asset objects unloaded after import = 1

========================================================================
Received Import Request.
  Time since last request: 0.000026 seconds.
  path: Assets/AssetesDescargados/JTS_StoneLanterns/Mesh/Lantern_Stone_A2.fbx
  importAddress: Guid(a6b3ec78e8be3d046b074aef0f120d96) Importer(2089858483,b0f066a214c2f5e87bad3c948f4d605d)
Start importing Assets/AssetesDescargados/JTS_StoneLanterns/Mesh/Lantern_Stone_A2.fbx using Guid(a6b3ec78e8be3d046b074aef0f120d96) Importer(2089858483,b0f066a214c2f5e87bad3c948f4d605d) (ScriptedImporter) -> (Import Result ID: 'f538fe2b16247c141ad9dd9879aa3650') in 0.0079204 seconds [static and dynamic dependencies]. Details - ImportResultOutputID=761b284b1ab00baeebcf5ec7e7f75d90 DependenciesID=dd4e6b844be7a483ea5b54af337e434b StaticDependenciesID=6c6db41867ceaec2a7cecdb3a9502e03 
Number of updated asset objects reloaded before import = 0Number of asset objects unloaded after import = 7

========================================================================
Received Import Request.
  Time since last request: 0.000018 seconds.
  path: Assets/AssetesDescargados/JTS_StoneLanterns/Textures/tex_lantern_stone_C1.psd
  importAddress: Guid(943e7d6af8501c44aaa450f0e3748051) Importer(2089858483,b0f066a214c2f5e87bad3c948f4d605d)
Start importing Assets/AssetesDescargados/JTS_StoneLanterns/Textures/tex_lantern_stone_C1.psd using Guid(943e7d6af8501c44aaa450f0e3748051) Importer(2089858483,b0f066a214c2f5e87bad3c948f4d605d) (ScriptedImporter) -> (Import Result ID: '72f0a228fe68bffe7ead9d0fc7187385') in 0.0081916 seconds [static and dynamic dependencies]. Details - ImportResultOutputID=fe600f2a7f244df7b65fa1b6baa71208 DependenciesID=802c77e1dc60e138e58b76d656bb02d4 StaticDependenciesID=69030e316011568c1d6b5c31a4db3309 
Number of updated asset objects reloaded before import = 0Number of asset objects unloaded after import = 1

========================================================================
Received Import Request.
  Time since last request: 0.000019 seconds.
  path: Assets/AssetesDescargados/JTS_StoneLanterns/Textures/tex_lantern_stone_D1_nrm.psd
  importAddress: Guid(d82174efc14fe084ebfcc26e730adadb) Importer(2089858483,b0f066a214c2f5e87bad3c948f4d605d)
Start importing Assets/AssetesDescargados/JTS_StoneLanterns/Textures/tex_lantern_stone_D1_nrm.psd using Guid(d82174efc14fe084ebfcc26e730adadb) Importer(2089858483,b0f066a214c2f5e87bad3c948f4d605d) (ScriptedImporter) -> (Import Result ID: '47f06457613c1f7e9bb68a94eafe150c') in 0.0084571 seconds [static and dynamic dependencies]. Details - ImportResultOutputID=74d619b4ffc25f264d50809d691b61fd DependenciesID=26252c16085b43277fffe156d3f12fca StaticDependenciesID=b4649119878fad1ad5d1483da4ad8528 
Number of updated asset objects reloaded before import = 0Number of asset objects unloaded after import = 1

========================================================================
Received Import Request.
  Time since last request: 0.000022 seconds.
  path: Assets/AssetesDescargados/JTS_StoneLanterns/Prefabs/Platform_Stone_B1.prefab
  importAddress: Guid(c1ef5669e712c5f449d8144c08991669) Importer(2089858483,b0f066a214c2f5e87bad3c948f4d605d)
Start importing Assets/AssetesDescargados/JTS_StoneLanterns/Prefabs/Platform_Stone_B1.prefab using Guid(c1ef5669e712c5f449d8144c08991669) Importer(2089858483,b0f066a214c2f5e87bad3c948f4d605d) (ScriptedImporter) -> (Import Result ID: '75932f412494690546a11c37d81fa8f2') in 0.0075314 seconds [static and dynamic dependencies]. Details - ImportResultOutputID=8aac28c503d937a68c0a5da224dc78b1 DependenciesID=35dc025314209414f7644843ce47ed72 StaticDependenciesID=ca1feab5ae28bda6ef47465fd9d7fbca 
Number of updated asset objects reloaded before import = 0Number of asset objects unloaded after import = 10

========================================================================
Received Import Request.
  Time since last request: 0.000054 seconds.
  path: Assets/AssetesDescargados/JTS_StoneLanterns/Prefabs/Lantern_Stone_B3.prefab
  importAddress: Guid(d86d974f53fba9a46a1561b2a5160ba6) Importer(2089858483,b0f066a214c2f5e87bad3c948f4d605d)
Start importing Assets/AssetesDescargados/JTS_StoneLanterns/Prefabs/Lantern_Stone_B3.prefab using Guid(d86d974f53fba9a46a1561b2a5160ba6) Importer(2089858483,b0f066a214c2f5e87bad3c948f4d605d) (ScriptedImporter) -> (Import Result ID: '883b35a59d16da3b4f0e80fd7bc831e4') in 0.0061991 seconds [static and dynamic dependencies]. Details - ImportResultOutputID=288b73fa7bdbd1b8c25653fab03bc9ea DependenciesID=ec56eb40709fc2b19ea3cd289270eb15 StaticDependenciesID=f3ab3dc79d7a2262f26168723033b15b 
Number of updated asset objects reloaded before import = 0Number of asset objects unloaded after import = 10

========================================================================
Received Import Request.
  Time since last request: 0.000020 seconds.
  path: Assets/AssetesDescargados/JTS_StoneLanterns/Textures/tex_lantern_stone_C3_msk.psd
  importAddress: Guid(21390046d3384df4385f23b5870fd71c) Importer(2089858483,b0f066a214c2f5e87bad3c948f4d605d)
Start importing Assets/AssetesDescargados/JTS_StoneLanterns/Textures/tex_lantern_stone_C3_msk.psd using Guid(21390046d3384df4385f23b5870fd71c) Importer(2089858483,b0f066a214c2f5e87bad3c948f4d605d) (ScriptedImporter) -> (Import Result ID: 'ee7576a06bfc0fe5ed9c9d96c9e93103') in 0.0069849 seconds [static and dynamic dependencies]. Details - ImportResultOutputID=e2b49b5a6790caf118aa844f752dfa8f DependenciesID=c9732c4f6d3d6e875912ce5840eb2cf6 StaticDependenciesID=e24c5fca869e91449658ca8a72b74254 
Number of updated asset objects reloaded before import = 0Number of asset objects unloaded after import = 1

========================================================================
Received Import Request.
  Time since last request: 0.000020 seconds.
  path: Assets/AssetesDescargados/JTS_StoneLanterns/Mesh/Platform_Stone_A3.fbx
  importAddress: Guid(d74f7558354925c4ca166c481760485f) Importer(2089858483,b0f066a214c2f5e87bad3c948f4d605d)
Start importing Assets/AssetesDescargados/JTS_StoneLanterns/Mesh/Platform_Stone_A3.fbx using Guid(d74f7558354925c4ca166c481760485f) Importer(2089858483,b0f066a214c2f5e87bad3c948f4d605d) (ScriptedImporter) -> (Import Result ID: '7b7686fcef2a800691c0b9682a1baf1f') in 0.0062843 seconds [static and dynamic dependencies]. Details - ImportResultOutputID=d8a155064c487cf8e0472c3c120680d8 DependenciesID=bd118f02a07035c72aefebe908810620 StaticDependenciesID=c8cb9974eb6c2698c469691bc2e71e71 
Number of updated asset objects reloaded before import = 0Number of asset objects unloaded after import = 7

========================================================================
Received Import Request.
  Time since last request: 0.000019 seconds.
  path: Assets/AssetesDescargados/JTS_StoneLanterns/Textures/tex_lantern_stone_B2_hgt.psd
  importAddress: Guid(f7e75e8a2dc8d394986de7d5f01378ee) Importer(2089858483,b0f066a214c2f5e87bad3c948f4d605d)
Start importing Assets/AssetesDescargados/JTS_StoneLanterns/Textures/tex_lantern_stone_B2_hgt.psd using Guid(f7e75e8a2dc8d394986de7d5f01378ee) Importer(2089858483,b0f066a214c2f5e87bad3c948f4d605d) (ScriptedImporter) -> (Import Result ID: 'bcfa81afcb12bb9a5ccb1a0241ffd82f') in 0.013801 seconds [static and dynamic dependencies]. Details - ImportResultOutputID=9fb38ac181f32adf43dcef868bcc32cc DependenciesID=d0eb16d4d9f4256b0ba77c77536f0534 StaticDependenciesID=1b77db2812720b8d4970e55811fc3cb1 
Number of updated asset objects reloaded before import = 0Number of asset objects unloaded after import = 1

========================================================================
Received Import Request.
  Time since last request: 0.000019 seconds.
  path: Assets/AssetesDescargados/JTS_StoneLanterns/Textures/tex_lantern_stone_A3_msk.psd
  importAddress: Guid(520eee720086d1d4a9057a5d41aaa00d) Importer(2089858483,b0f066a214c2f5e87bad3c948f4d605d)
Start importing Assets/AssetesDescargados/JTS_StoneLanterns/Textures/tex_lantern_stone_A3_msk.psd using Guid(520eee720086d1d4a9057a5d41aaa00d) Importer(2089858483,b0f066a214c2f5e87bad3c948f4d605d) (ScriptedImporter) -> (Import Result ID: 'f78aa7f810e79900a1e4398f4f2f6888') in 0.0073832 seconds [static and dynamic dependencies]. Details - ImportResultOutputID=1677228b52d8ceb5e86b2a0c3edc3349 DependenciesID=5278dd8bcf38fca882613787dfe676dd StaticDependenciesID=cefe6b350e64cc87148bac42a5bc03fa 
Number of updated asset objects reloaded before import = 0Number of asset objects unloaded after import = 1

========================================================================
Received Import Request.
  Time since last request: 0.000019 seconds.
  path: Assets/AssetesDescargados/JTS_StoneLanterns/_ReadMe.txt
  importAddress: Guid(69775686a0e81c144b8e77bc58f566fd) Importer(2089858483,b0f066a214c2f5e87bad3c948f4d605d)
Start importing Assets/AssetesDescargados/JTS_StoneLanterns/_ReadMe.txt using Guid(69775686a0e81c144b8e77bc58f566fd) Importer(2089858483,b0f066a214c2f5e87bad3c948f4d605d) (ScriptedImporter) -> (Import Result ID: '1a19d88bcfd2f22917e7e84f84d97cdb') in 0.0025445 seconds [static and dynamic dependencies]. Details - ImportResultOutputID=bb27162ae3a084305b2a12e61e8af8c5 DependenciesID=e0ef9aa28fb6d8d402d8c7d00373399f StaticDependenciesID=1c9cb13dab91af665744ce7567338c12 
Number of updated asset objects reloaded before import = 0Number of asset objects unloaded after import = 1

========================================================================
Received Import Request.
  Time since last request: 0.000024 seconds.
  path: Assets/AssetesDescargados/JTS_StoneLanterns/Materials
  importAddress: Guid(dec9e217babff7d409c73c03ece1ad72) Importer(2089858483,b0f066a214c2f5e87bad3c948f4d605d)
Start importing Assets/AssetesDescargados/JTS_StoneLanterns/Materials using Guid(dec9e217babff7d409c73c03ece1ad72) Importer(2089858483,b0f066a214c2f5e87bad3c948f4d605d) (ScriptedImporter) -> (Import Result ID: 'f3d4e64669e9d4717770d3e827e5fe4a') in 0.002357 seconds [static and dynamic dependencies]. Details - ImportResultOutputID=65cb54fb9feb82b77ceb290d9f4d95cb DependenciesID=00372adc375f24a5b4a0b5c256e2fa15 StaticDependenciesID=1356f630d25c4c42c19537d46c3476c5 
Number of updated asset objects reloaded before import = 0Number of asset objects unloaded after import = 1

========================================================================
Received Import Request.
  Time since last request: 0.000028 seconds.
  path: Assets/AssetesDescargados/JTS_StoneLanterns/Textures/tex_lantern_stone_D1_msk.psd
  importAddress: Guid(18bc5c803ba5e42489bb92071b4f2bde) Importer(2089858483,b0f066a214c2f5e87bad3c948f4d605d)
Start importing Assets/AssetesDescargados/JTS_StoneLanterns/Textures/tex_lantern_stone_D1_msk.psd using Guid(18bc5c803ba5e42489bb92071b4f2bde) Importer(2089858483,b0f066a214c2f5e87bad3c948f4d605d) (ScriptedImporter) -> (Import Result ID: '29e2b2d7b6fd9e969df6062036c0d37f') in 0.0089435 seconds [static and dynamic dependencies]. Details - ImportResultOutputID=8e1bda042f4525bf9dda9d6ea4556b85 DependenciesID=0a362da13678c63cf7252639f1c0a857 StaticDependenciesID=0f685acf5665d958eb2b7a9018867d39 
Number of updated asset objects reloaded before import = 0Number of asset objects unloaded after import = 1

========================================================================
Received Import Request.
  Time since last request: 0.000023 seconds.
  path: Assets/AssetesDescargados/JTS_StoneLanterns/Materials/mat_lantern_stone_C1.mat
  importAddress: Guid(64580f0fdf0a2574db60c39303a5e126) Importer(2089858483,b0f066a214c2f5e87bad3c948f4d605d)
Start importing Assets/AssetesDescargados/JTS_StoneLanterns/Materials/mat_lantern_stone_C1.mat using Guid(64580f0fdf0a2574db60c39303a5e126) Importer(2089858483,b0f066a214c2f5e87bad3c948f4d605d) (ScriptedImporter) -> (Import Result ID: '92aaed51fa2e889672ef2e37f683d4e3') in 0.0189232 seconds [static and dynamic dependencies]. Details - ImportResultOutputID=f8b5c091c7a5d932792f7448278fbfd8 DependenciesID=30e76c01ffdc4f00d0a45dfaa97b8558 StaticDependenciesID=64dc410201d5f95deb3467004f0fedaf 
Number of updated asset objects reloaded before import = 0Number of asset objects unloaded after import = 5

========================================================================
Received Import Request.
  Time since last request: 0.000033 seconds.
  path: Assets/AssetesDescargados/JTS_StoneLanterns/Prefabs/Lantern_Stone_A2.prefab
  importAddress: Guid(02da62e138f6f8f4cae68240231455ff) Importer(2089858483,b0f066a214c2f5e87bad3c948f4d605d)
Start importing Assets/AssetesDescargados/JTS_StoneLanterns/Prefabs/Lantern_Stone_A2.prefab using Guid(02da62e138f6f8f4cae68240231455ff) Importer(2089858483,b0f066a214c2f5e87bad3c948f4d605d) (ScriptedImporter) -> (Import Result ID: '863059bd4b90c79ef7a7845e778800b0') in 0.005341 seconds [static and dynamic dependencies]. Details - ImportResultOutputID=057593b1c52df7dd70a83ba69f1b0ad1 DependenciesID=4ee289a29d77e59768b23c0fab64e024 StaticDependenciesID=b28538e5452a7d85c022679b10cacc85 
Number of updated asset objects reloaded before import = 0Number of asset objects unloaded after import = 10

========================================================================
Received Import Request.
  Time since last request: 0.000024 seconds.
  path: Assets/AssetesDescargados/JTS_StoneLanterns/Textures/tex_stone_block_A.psd
  importAddress: Guid(01318894f937c304abebf582f745a679) Importer(2089858483,b0f066a214c2f5e87bad3c948f4d605d)
Start importing Assets/AssetesDescargados/JTS_StoneLanterns/Textures/tex_stone_block_A.psd using Guid(01318894f937c304abebf582f745a679) Importer(2089858483,b0f066a214c2f5e87bad3c948f4d605d) (ScriptedImporter) -> (Import Result ID: '8ee9c8e69ccb9f467d214f457b0a8dfe') in 0.0080309 seconds [static and dynamic dependencies]. Details - ImportResultOutputID=b9fccec63209e0b6b75f0f0fb1ad0d8f DependenciesID=c4dc441a4734db6fead848209558448d StaticDependenciesID=d9f604235a735ccceae63c9e7dc88ce3 
Number of updated asset objects reloaded before import = 0Number of asset objects unloaded after import = 1

========================================================================
Received Import Request.
  Time since last request: 0.000020 seconds.
  path: Assets/AssetesDescargados/JTS_StoneLanterns/Textures/tex_lantern_stone_D1_hgt.psd
  importAddress: Guid(674a81825598a234889e91133842e331) Importer(2089858483,b0f066a214c2f5e87bad3c948f4d605d)
Start importing Assets/AssetesDescargados/JTS_StoneLanterns/Textures/tex_lantern_stone_D1_hgt.psd using Guid(674a81825598a234889e91133842e331) Importer(2089858483,b0f066a214c2f5e87bad3c948f4d605d) (ScriptedImporter) -> (Import Result ID: '23d67f77ac23b4d383f3d3407ba5bbaf') in 0.0093756 seconds [static and dynamic dependencies]. Details - ImportResultOutputID=e4fdbf075f19683b67fca7b45fbaf4a5 DependenciesID=15312a255bad2983b75869a8cf3fbff1 StaticDependenciesID=91e300ad124b81428006aa8a20e759de 
Number of updated asset objects reloaded before import = 0Number of asset objects unloaded after import = 1

========================================================================
Received Import Request.
  Time since last request: 0.000020 seconds.
  path: Assets/AssetesDescargados/JTS_StoneLanterns/Textures/tex_lantern_stone_C2_msk.psd
  importAddress: Guid(3ac867d65c7a5f44e945e853acc86c24) Importer(2089858483,b0f066a214c2f5e87bad3c948f4d605d)
Start importing Assets/AssetesDescargados/JTS_StoneLanterns/Textures/tex_lantern_stone_C2_msk.psd using Guid(3ac867d65c7a5f44e945e853acc86c24) Importer(2089858483,b0f066a214c2f5e87bad3c948f4d605d) (ScriptedImporter) -> (Import Result ID: 'c624a4bca14404f0b6da5d8419a1702e') in 0.0069989 seconds [static and dynamic dependencies]. Details - ImportResultOutputID=4a97f4f07ea67fabff40ffbabad0d6cd DependenciesID=d05d03aa71e0dcfa5d5c203efe2d4cd2 StaticDependenciesID=ab1272a4b8cd7ea25b1805969ca11bca 
Number of updated asset objects reloaded before import = 0Number of asset objects unloaded after import = 1

========================================================================
Received Import Request.
  Time since last request: 0.000022 seconds.
  path: Assets/AssetesDescargados/JTS_StoneLanterns/Mesh/Lantern_Stone_D1.fbx
  importAddress: Guid(0d6159f010998b74a8c615dd4b39d10a) Importer(2089858483,b0f066a214c2f5e87bad3c948f4d605d)
Start importing Assets/AssetesDescargados/JTS_StoneLanterns/Mesh/Lantern_Stone_D1.fbx using Guid(0d6159f010998b74a8c615dd4b39d10a) Importer(2089858483,b0f066a214c2f5e87bad3c948f4d605d) (ScriptedImporter) -> (Import Result ID: 'b1e496fe2de47fd3135ee7674cd2bce6') in 0.0064212 seconds [static and dynamic dependencies]. Details - ImportResultOutputID=5e544de816695bd3f4bcafb67912b4ea DependenciesID=99c29ae0be663c518b28414480c67282 StaticDependenciesID=89944f4a517b82ea9fc42a257a736d15 
Number of updated asset objects reloaded before import = 0Number of asset objects unloaded after import = 7

========================================================================
Received Import Request.
  Time since last request: 0.000028 seconds.
  path: Assets/AssetesDescargados/JTS_StoneLanterns/Textures/tex_lantern_stone_B2.psd
  importAddress: Guid(ac714d023ac601643885eb6891310287) Importer(2089858483,b0f066a214c2f5e87bad3c948f4d605d)
Start importing Assets/AssetesDescargados/JTS_StoneLanterns/Textures/tex_lantern_stone_B2.psd using Guid(ac714d023ac601643885eb6891310287) Importer(2089858483,b0f066a214c2f5e87bad3c948f4d605d) (ScriptedImporter) -> (Import Result ID: '30c3187575e70c4f4a0f30e338396cac') in 0.0072253 seconds [static and dynamic dependencies]. Details - ImportResultOutputID=965d1982f56e3edc22780cacc303908f DependenciesID=166e61ab159d9f235154e30d07b67166 StaticDependenciesID=922463c5c01d4e4dfd4dfc9ecb03a52e 
Number of updated asset objects reloaded before import = 0Number of asset objects unloaded after import = 1

========================================================================
Received Import Request.
  Time since last request: 0.000020 seconds.
  path: Assets/AssetesDescargados/JTS_StoneLanterns/Materials/mat_lantern_stone_B1.mat
  importAddress: Guid(7d22d477e8ca43c4db83430105f3e46d) Importer(2089858483,b0f066a214c2f5e87bad3c948f4d605d)
Start importing Assets/AssetesDescargados/JTS_StoneLanterns/Materials/mat_lantern_stone_B1.mat using Guid(7d22d477e8ca43c4db83430105f3e46d) Importer(2089858483,b0f066a214c2f5e87bad3c948f4d605d) (ScriptedImporter) -> (Import Result ID: '95cff7cce42cc8d6fd5396022ac3fe53') in 0.0178149 seconds [static and dynamic dependencies]. Details - ImportResultOutputID=b2d8cd8aa8449c045edef7314719bdc4 DependenciesID=d59395aa8eed5874768587a62c9c2e6e StaticDependenciesID=3b3698597c388de8f6e717083289cc58 
Number of updated asset objects reloaded before import = 0Number of asset objects unloaded after import = 5

========================================================================
Received Import Request.
  Time since last request: 0.000023 seconds.
  path: Assets/AssetesDescargados/JTS_StoneLanterns/Mesh/Lantern_Stone_A1.fbx
  importAddress: Guid(e06a76b5f0829d44f88dce79c0586f1f) Importer(2089858483,b0f066a214c2f5e87bad3c948f4d605d)
Start importing Assets/AssetesDescargados/JTS_StoneLanterns/Mesh/Lantern_Stone_A1.fbx using Guid(e06a76b5f0829d44f88dce79c0586f1f) Importer(2089858483,b0f066a214c2f5e87bad3c948f4d605d) (ScriptedImporter) -> (Import Result ID: 'c8f0090d0c58e1a8821e61da3ef089c5') in 0.0057131 seconds [static and dynamic dependencies]. Details - ImportResultOutputID=28996308697f52f70c34fd06b7f9311f DependenciesID=94b82ec20f1ce69477c368afb146eb0d StaticDependenciesID=1ee895dea3337dfe40f947ada1b0c75c 
Number of updated asset objects reloaded before import = 0Number of asset objects unloaded after import = 7

========================================================================
Received Import Request.
  Time since last request: 0.000020 seconds.
  path: Assets/AssetesDescargados/JTS_StoneLanterns/Prefabs/Lantern_Stone_A1.prefab
  importAddress: Guid(78619024aa8ea134aad7e42921d39694) Importer(2089858483,b0f066a214c2f5e87bad3c948f4d605d)
Start importing Assets/AssetesDescargados/JTS_StoneLanterns/Prefabs/Lantern_Stone_A1.prefab using Guid(78619024aa8ea134aad7e42921d39694) Importer(2089858483,b0f066a214c2f5e87bad3c948f4d605d) (ScriptedImporter) -> (Import Result ID: 'db2adebddc771f92b039b8133dcead46') in 0.0062915 seconds [static and dynamic dependencies]. Details - ImportResultOutputID=1f9003a3762b8449fad5f4847ecc08e3 DependenciesID=00066d12192e3683c6cdf63bd9a13aec StaticDependenciesID=d4b0fc6c92758f1260f81d12c00a6681 
Number of updated asset objects reloaded before import = 0Number of asset objects unloaded after import = 10

========================================================================
Received Import Request.
  Time since last request: 0.000020 seconds.
  path: Assets/AssetesDescargados/JTS_StoneLanterns/Mesh/Platform_Stone_B3.fbx
  importAddress: Guid(6524136ba9e836b4ab98cbc8e77d582e) Importer(2089858483,b0f066a214c2f5e87bad3c948f4d605d)
Start importing Assets/AssetesDescargados/JTS_StoneLanterns/Mesh/Platform_Stone_B3.fbx using Guid(6524136ba9e836b4ab98cbc8e77d582e) Importer(2089858483,b0f066a214c2f5e87bad3c948f4d605d) (ScriptedImporter) -> (Import Result ID: 'c33e564ff88976dccbae4d0e1c663d53') in 0.0062047 seconds [static and dynamic dependencies]. Details - ImportResultOutputID=5558555fb7acbf411c5514a89b8ffd49 DependenciesID=cf9ed74838f5976e1c98a224656acf67 StaticDependenciesID=e0b92f1c826f48d7108037df80fbe8d8 
Number of updated asset objects reloaded before import = 0Number of asset objects unloaded after import = 7

========================================================================
Received Import Request.
  Time since last request: 0.000021 seconds.
  path: Assets/AssetesDescargados/JTS_StoneLanterns/Textures/tex_stone_block_A_nrm.psd
  importAddress: Guid(8e91584fd8ea99b4993b13110b235f99) Importer(2089858483,b0f066a214c2f5e87bad3c948f4d605d)
Start importing Assets/AssetesDescargados/JTS_StoneLanterns/Textures/tex_stone_block_A_nrm.psd using Guid(8e91584fd8ea99b4993b13110b235f99) Importer(2089858483,b0f066a214c2f5e87bad3c948f4d605d) (ScriptedImporter) -> (Import Result ID: '5c481a8fde2dc41427115aa18fa711ce') in 0.0080892 seconds [static and dynamic dependencies]. Details - ImportResultOutputID=aadc54ee5f2fd69036d30f8be9a59e3f DependenciesID=7ce1fb25079054db10f978efd9579cf0 StaticDependenciesID=72b9f3dcbdcba6fe726cc2dd0200a86e 
Number of updated asset objects reloaded before import = 0Number of asset objects unloaded after import = 1

========================================================================
Received Import Request.
  Time since last request: 0.000029 seconds.
  path: Assets/AssetesDescargados/JTS_StoneLanterns/Textures/tex_lantern_stone_A2_hgt.psd
  importAddress: Guid(5c2ff0b88c593b544812f83de167fa0d) Importer(2089858483,b0f066a214c2f5e87bad3c948f4d605d)
Start importing Assets/AssetesDescargados/JTS_StoneLanterns/Textures/tex_lantern_stone_A2_hgt.psd using Guid(5c2ff0b88c593b544812f83de167fa0d) Importer(2089858483,b0f066a214c2f5e87bad3c948f4d605d) (ScriptedImporter) -> (Import Result ID: 'd41884d149cf52111457596a3fe1a356') in 0.0106635 seconds [static and dynamic dependencies]. Details - ImportResultOutputID=16a374733d4717da77c1b25fa8789026 DependenciesID=f3575214408ab1ab2a89f1a0307ed106 StaticDependenciesID=ed991a1e86bed36bb6da436b55c238a4 
Number of updated asset objects reloaded before import = 0Number of asset objects unloaded after import = 1

========================================================================
Received Import Request.
  Time since last request: 0.000032 seconds.
  path: Assets/AssetesDescargados/JTS_StoneLanterns/Materials/mat_stone_block_A.mat
  importAddress: Guid(3a2a2dbc3616e4747993c015df7b1d31) Importer(2089858483,b0f066a214c2f5e87bad3c948f4d605d)
Start importing Assets/AssetesDescargados/JTS_StoneLanterns/Materials/mat_stone_block_A.mat using Guid(3a2a2dbc3616e4747993c015df7b1d31) Importer(2089858483,b0f066a214c2f5e87bad3c948f4d605d) (ScriptedImporter) -> (Import Result ID: '5af1694435ad512fcdb656290a4f123c') in 0.017268 seconds [static and dynamic dependencies]. Details - ImportResultOutputID=d4deaddba381b46be0f35950f7cfa5b6 DependenciesID=70ebc9cecc4ea5696ef63be80ea36f65 StaticDependenciesID=64c4f42f85cf886629782a2583b22527 
Number of updated asset objects reloaded before import = 0Number of asset objects unloaded after import = 5

========================================================================
Received Import Request.
  Time since last request: 0.000023 seconds.
  path: Assets/AssetesDescargados/JTS_StoneLanterns/Textures/tex_lantern_stone_A2_msk.psd
  importAddress: Guid(9c4e6590eca490c44a92c489406e26b1) Importer(2089858483,b0f066a214c2f5e87bad3c948f4d605d)
Start importing Assets/AssetesDescargados/JTS_StoneLanterns/Textures/tex_lantern_stone_A2_msk.psd using Guid(9c4e6590eca490c44a92c489406e26b1) Importer(2089858483,b0f066a214c2f5e87bad3c948f4d605d) (ScriptedImporter) -> (Import Result ID: 'c3530faeaf07d7a1e0846ab4f48b2e2f') in 0.0057329 seconds [static and dynamic dependencies]. Details - ImportResultOutputID=a9634af830a4dd3086f716b53b9ec1f0 DependenciesID=d870649acfd18223fe2c79f9bad815f1 StaticDependenciesID=b2ec890f642d6dc948bcd10e20ac9cb9 
Number of updated asset objects reloaded before import = 0Number of asset objects unloaded after import = 1

========================================================================
Received Import Request.
  Time since last request: 0.000018 seconds.
  path: Assets/AssetesDescargados/JTS_StoneLanterns/Mesh/Lantern_Stone_B2.fbx
  importAddress: Guid(132e8768936bc1341bfe87c8cf4aa995) Importer(2089858483,b0f066a214c2f5e87bad3c948f4d605d)
Start importing Assets/AssetesDescargados/JTS_StoneLanterns/Mesh/Lantern_Stone_B2.fbx using Guid(132e8768936bc1341bfe87c8cf4aa995) Importer(2089858483,b0f066a214c2f5e87bad3c948f4d605d) (ScriptedImporter) -> (Import Result ID: '8640c7e59e7ef713cc6b31e4f377cce7') in 0.0079644 seconds [static and dynamic dependencies]. Details - ImportResultOutputID=c8a5894478ed2d5b6887b8b05eaf93e9 DependenciesID=b92549034e38f25bbf336018f6e2e492 StaticDependenciesID=05c0ff61aebc83257fe67efd28a4ecc8 
Number of updated asset objects reloaded before import = 0Number of asset objects unloaded after import = 7

========================================================================
Received Import Request.
  Time since last request: 0.000019 seconds.
  path: Assets/AssetesDescargados/JTS_StoneLanterns/Textures/tex_lantern_stone_B3.psd
  importAddress: Guid(3f77095b7e85eb246a52ee834f488941) Importer(2089858483,b0f066a214c2f5e87bad3c948f4d605d)
Start importing Assets/AssetesDescargados/JTS_StoneLanterns/Textures/tex_lantern_stone_B3.psd using Guid(3f77095b7e85eb246a52ee834f488941) Importer(2089858483,b0f066a214c2f5e87bad3c948f4d605d) (ScriptedImporter) -> (Import Result ID: '8162a75148ce8c7124acaf8f4f806e76') in 0.0069878 seconds [static and dynamic dependencies]. Details - ImportResultOutputID=eced817b2d48a6b3675a7ee5cdbb9d59 DependenciesID=bf184e268f6389e773a7f5010c199c9f StaticDependenciesID=6348b9c868d0441f4a222f35ea8a862f 
Number of updated asset objects reloaded before import = 0Number of asset objects unloaded after import = 1

========================================================================
Received Import Request.
  Time since last request: 335.428362 seconds.
  path: Assets/AssetesDescargados/JTS_StoneLanterns/Demo/DemoScene.unity
  importAddress: Guid(74ac5822106c10540a9d16a32a65c3b3) Importer(815301076,1909f56bfc062723c751e8b465ee728b)
Start importing Assets/AssetesDescargados/JTS_StoneLanterns/Demo/DemoScene.unity using Guid(74ac5822106c10540a9d16a32a65c3b3) Importer(815301076,1909f56bfc062723c751e8b465ee728b) (PreviewImporter) -> (Import Result ID: '18dc685dd93b525876b10d5f44f4615a') in 0.0018677 seconds [static and dynamic dependencies]. Details - ImportResultOutputID=3f2f088cd9857cc19ac2d821be57a3b0 DependenciesID=0aaba47953bbd945d4bb0fa8cf421f60 StaticDependenciesID=e7092a8ce62b67ef11b4455f848e9116 
Number of updated asset objects reloaded before import = 0Number of asset objects unloaded after import = 0

========================================================================
Received Import Request.
  Time since last request: 3.111957 seconds.
  path: Assets/AssetesDescargados/JTS_StoneLanterns/Demo/Terrain/New Terrain.asset
  importAddress: Guid(5834b895401eb0c419b4e8cd2b92b7d1) Importer(2089858483,b0f066a214c2f5e87bad3c948f4d605d)
Start importing Assets/AssetesDescargados/JTS_StoneLanterns/Demo/Terrain/New Terrain.asset using Guid(5834b895401eb0c419b4e8cd2b92b7d1) Importer(2089858483,b0f066a214c2f5e87bad3c948f4d605d) (ScriptedImporter) -> (Import Result ID: '24eb6b776410d5e51d088d910c1598eb') in 0.011567 seconds [static and dynamic dependencies]. Details - ImportResultOutputID=a04ebb9b23a226f7ef4acd3e57f779a4 DependenciesID=8c4537cb4c3d70398dd697d2331bcd99 StaticDependenciesID=85890df65cd7832a6dc0ee1aef4d00de 
Number of updated asset objects reloaded before import = 0Number of asset objects unloaded after import = 2

========================================================================
Received Import Request.
  Time since last request: 0.000049 seconds.
  path: Assets/Scenes/Jardin_Zen.unity
  importAddress: Guid(cce0f04a6b3ec734984b734badca4555) Importer(2089858483,b0f066a214c2f5e87bad3c948f4d605d)
Start importing Assets/Scenes/Jardin_Zen.unity using Guid(cce0f04a6b3ec734984b734badca4555) Importer(2089858483,b0f066a214c2f5e87bad3c948f4d605d) (ScriptedImporter) -> (Import Result ID: 'c434f24d4f7c57495db447cf43e23a3a') in 0.0047117 seconds [static and dynamic dependencies]. Details - ImportResultOutputID=6fc8954cb1b1f0e449bfedc8bffa9206 DependenciesID=7a9782af2183098b5a242596fc287c7c StaticDependenciesID=8d6b460e7513ea9d6e10be9222cca2f0 
Number of updated asset objects reloaded before import = 0Number of asset objects unloaded after import = 1

========================================================================
Received Import Request.
  Time since last request: 11.155779 seconds.
  path: Assets/AssetesDescargados/JTS_StoneLanterns/Demo/DemoScene/ReflectionProbe-0.exr
  importAddress: Guid(e80ff7cef8ace0a4ca94859cfc82a2d9) Importer(2089858483,b0f066a214c2f5e87bad3c948f4d605d)
Start importing Assets/AssetesDescargados/JTS_StoneLanterns/Demo/DemoScene/ReflectionProbe-0.exr using Guid(e80ff7cef8ace0a4ca94859cfc82a2d9) Importer(2089858483,b0f066a214c2f5e87bad3c948f4d605d) (ScriptedImporter) -> (Import Result ID: '6c94ace0e9493996268d05d278446ce7') in 0.008387 seconds [static and dynamic dependencies]. Details - ImportResultOutputID=d55ba7a1c1066eeb0b73ebd3bcbc4774 DependenciesID=57a85787300cfcb569452d4e8df05ecb StaticDependenciesID=2ddd7b60ac8dd50df383d99914bdc56b 
Number of updated asset objects reloaded before import = 0Number of asset objects unloaded after import = 1

========================================================================
Received Import Request.
  Time since last request: 0.000028 seconds.
  path: Assets/AssetesDescargados/JTS_StoneLanterns/Demo/DemoScene/LightingData.asset
  importAddress: Guid(68abcd63b58af954c9f6593bab79ec40) Importer(2089858483,b0f066a214c2f5e87bad3c948f4d605d)
Start importing Assets/AssetesDescargados/JTS_StoneLanterns/Demo/DemoScene/LightingData.asset using Guid(68abcd63b58af954c9f6593bab79ec40) Importer(2089858483,b0f066a214c2f5e87bad3c948f4d605d) (ScriptedImporter) -> (Import Result ID: '4c545242355ec018e3c2fdb45d8d6d10') in 0.010905 seconds [static and dynamic dependencies]. Details - ImportResultOutputID=4e8ca5e69ce8e67564bbc02ad8cc554f DependenciesID=2ff27ae071b60f6781dd1ca953c4d620 StaticDependenciesID=b59ff95d3edf1cb72d47e89536fa5410 
Number of updated asset objects reloaded before import = 0Number of asset objects unloaded after import = 2

========================================================================
Received Import Request.
  Time since last request: 0.000019 seconds.
  path: Assets/AssetesDescargados/JTS_StoneLanterns/Demo/DemoScene
  importAddress: Guid(2d5a6c5aa6a3e6345b9c8d0b3802ae8d) Importer(2089858483,b0f066a214c2f5e87bad3c948f4d605d)
Start importing Assets/AssetesDescargados/JTS_StoneLanterns/Demo/DemoScene using Guid(2d5a6c5aa6a3e6345b9c8d0b3802ae8d) Importer(2089858483,b0f066a214c2f5e87bad3c948f4d605d) (ScriptedImporter) -> (Import Result ID: '2ddabbd470910babace77004f65a6d2a') in 0.0027016 seconds [static and dynamic dependencies]. Details - ImportResultOutputID=8c3d23572c53e0a0f7a6aebb3561c6ac DependenciesID=e6f3f96d908ffa820dae272d9fd9d876 StaticDependenciesID=21e954aa2f353fa2fbc7caea74189541 
Number of updated asset objects reloaded before import = 0Number of asset objects unloaded after import = 1

========================================================================
Received Import Request.
  Time since last request: 0.000023 seconds.
  path: Assets/AssetesDescargados/JTS_StoneLanterns/Demo/DemoScene/ReflectionProbe-1.exr
  importAddress: Guid(4c1194c5163d8e64197e451cd338f5de) Importer(2089858483,b0f066a214c2f5e87bad3c948f4d605d)
Start importing Assets/AssetesDescargados/JTS_StoneLanterns/Demo/DemoScene/ReflectionProbe-1.exr using Guid(4c1194c5163d8e64197e451cd338f5de) Importer(2089858483,b0f066a214c2f5e87bad3c948f4d605d) (ScriptedImporter) -> (Import Result ID: 'b8fa78524f1e715d74e54579a4d99286') in 0.0084128 seconds [static and dynamic dependencies]. Details - ImportResultOutputID=4854959157c34fa30dc2f0f6dc45ec2b DependenciesID=631b0f7a3f6e301412654929e959a102 StaticDependenciesID=71a6ccf3ce0aad141e7c000fc87cc714 
Number of updated asset objects reloaded before import = 0Number of asset objects unloaded after import = 1

========================================================================
Received Import Request.
  Time since last request: 30.055548 seconds.
  path: Assets/AssetesDescargados/JTS_StoneLanterns/Demo/DemoSceneSettings.lighting
  importAddress: Guid(735c577279ac9bb47bba785b96a57528) Importer(815301076,1909f56bfc062723c751e8b465ee728b)
Start importing Assets/AssetesDescargados/JTS_StoneLanterns/Demo/DemoSceneSettings.lighting using Guid(735c577279ac9bb47bba785b96a57528) Importer(815301076,1909f56bfc062723c751e8b465ee728b) (PreviewImporter)LightingSettings: switching bake backend from 2 to 1.
 -> (Import Result ID: 'f36d0e4875202f3e96ea5dfbc6eb53ab') in 0.0030417 seconds [static and dynamic dependencies]. Details - ImportResultOutputID=505d727cf71035747b4a1902b9309bc1 DependenciesID=fbfb9f599a59f9347bb05954e121480d StaticDependenciesID=555588fa70e1c4da29b8a98027650bbf 
Number of updated asset objects reloaded before import = 0Number of asset objects unloaded after import = 1

========================================================================
Received Import Request.
  Time since last request: 48.211293 seconds.
  path: Assets/Scenes/Jardin_Zen.unity
  importAddress: Guid(cce0f04a6b3ec734984b734badca4555) Importer(2089858483,e11c23a36db5f54750b8cd40eac0985b)
Start importing Assets/Scenes/Jardin_Zen.unity using Guid(cce0f04a6b3ec734984b734badca4555) Importer(2089858483,e11c23a36db5f54750b8cd40eac0985b) (ScriptedImporter)Opening scene 'Assets/Scenes/Jardin_Zen.unity additively'
Loaded scene 'Assets/Scenes/Jardin_Zen.unity'
	Deserialize:            2.370 ms
	Integration:            13.836 ms
	Integration of assets:  0.005 ms
	Thread Wait Time:       0.016 ms
	Total Operation Time:   16.226 ms
 -> (Import Result ID: '091c85ed0d73e67ef5b40cc5d0955c0b') in 0.083308 seconds [static and dynamic dependencies]. Details - ImportResultOutputID=042d08532655a92e1f3b5298bef9c975 DependenciesID=85ffe7de21c3a4c7b725e811d1f8d649 StaticDependenciesID=694757e8b1be41080350568775645168 
Number of updated asset objects reloaded before import = 0Number of asset objects unloaded after import = 2

========================================================================
Received Import Request.
  Time since last request: 0.000026 seconds.
  path: Assets/AssetesDescargados/PolyOne/Rocks Stylized/Prefabs/SM_Rocks_09.prefab
  importAddress: Guid(967b6a4dedfb5424f8c3a056595dab0e) Importer(2089858483,e11c23a36db5f54750b8cd40eac0985b)
Start importing Assets/AssetesDescargados/PolyOne/Rocks Stylized/Prefabs/SM_Rocks_09.prefab using Guid(967b6a4dedfb5424f8c3a056595dab0e) Importer(2089858483,e11c23a36db5f54750b8cd40eac0985b) (ScriptedImporter) -> (Import Result ID: 'c01c4fa692731656cecf3d9637de0272') in 0.0059203 seconds [static and dynamic dependencies]. Details - ImportResultOutputID=6ea8511a6ce144ef9abb940bde320525 DependenciesID=ca5d374fb17fa7fa310cca6bdc4648c4 StaticDependenciesID=f6b0b6d7bbd4bd8776faaf0615a75eec 
Number of updated asset objects reloaded before import = 0Number of asset objects unloaded after import = 8

========================================================================
Received Import Request.
  Time since last request: 0.000020 seconds.
  path: Assets/AssetesDescargados/JTS_StoneLanterns/Prefabs/Platform_Stone_A1.prefab
  importAddress: Guid(7b416b0fa77ed1840a9f280019e863ed) Importer(2089858483,e11c23a36db5f54750b8cd40eac0985b)
Start importing Assets/AssetesDescargados/JTS_StoneLanterns/Prefabs/Platform_Stone_A1.prefab using Guid(7b416b0fa77ed1840a9f280019e863ed) Importer(2089858483,e11c23a36db5f54750b8cd40eac0985b) (ScriptedImporter) -> (Import Result ID: '252c42731fe226404ca619d4032e6ac0') in 0.0056774 seconds [static and dynamic dependencies]. Details - ImportResultOutputID=b1e4fcf7644213f44e594bf0c1013608 DependenciesID=e40b92090c2cc085c7fcdcc4a4bd5a73 StaticDependenciesID=1d215e2b6c5ee12499f945bba5bb9162 
Number of updated asset objects reloaded before import = 0Number of asset objects unloaded after import = 10

========================================================================
Received Import Request.
  Time since last request: 0.000024 seconds.
  path: Assets/AssetesDescargados/JTS_StoneLanterns/Prefabs/Platform_Stone_B1.prefab
  importAddress: Guid(c1ef5669e712c5f449d8144c08991669) Importer(2089858483,e11c23a36db5f54750b8cd40eac0985b)
Start importing Assets/AssetesDescargados/JTS_StoneLanterns/Prefabs/Platform_Stone_B1.prefab using Guid(c1ef5669e712c5f449d8144c08991669) Importer(2089858483,e11c23a36db5f54750b8cd40eac0985b) (ScriptedImporter) -> (Import Result ID: '9769f3ae6fa3966f69b0ecefb122065c') in 0.0056997 seconds [static and dynamic dependencies]. Details - ImportResultOutputID=ad610dd1db9f305a03a9c363e581b921 DependenciesID=50b908d2e84bb1ab6eaab0782c067633 StaticDependenciesID=d133f49f3a00a35edfa68344c13b4c73 
Number of updated asset objects reloaded before import = 0Number of asset objects unloaded after import = 10

========================================================================
Received Import Request.
  Time since last request: 0.000035 seconds.
  path: Assets/AssetesDescargados/Waldemarst/JapaneseGardenPackage/Prefabs/JapaneseMapleTree_A.prefab
  importAddress: Guid(6e92187b7f5500614b9ca0ab3b1812a0) Importer(2089858483,e11c23a36db5f54750b8cd40eac0985b)
Start importing Assets/AssetesDescargados/Waldemarst/JapaneseGardenPackage/Prefabs/JapaneseMapleTree_A.prefab using Guid(6e92187b7f5500614b9ca0ab3b1812a0) Importer(2089858483,e11c23a36db5f54750b8cd40eac0985b) (ScriptedImporter) -> (Import Result ID: 'c9fec583419ad4e3f05b4f91be760a9d') in 0.0342741 seconds [static and dynamic dependencies]. Details - ImportResultOutputID=bb5f3226ffd92aae5a5e54d529f92d83 DependenciesID=7c5acd693fe6aa7926bdb5bccc9d9b10 StaticDependenciesID=0f8fdf9a344ec85b582e2d70ba630532 
Number of updated asset objects reloaded before import = 0Number of asset objects unloaded after import = 29

========================================================================
Received Import Request.
  Time since last request: 0.000024 seconds.
  path: Assets/AssetesDescargados/JTS_StoneLanterns/Prefabs/Lantern_Stone_D3.prefab
  importAddress: Guid(5d96e0c96892dc34c9405833e1c52e50) Importer(2089858483,e11c23a36db5f54750b8cd40eac0985b)
Start importing Assets/AssetesDescargados/JTS_StoneLanterns/Prefabs/Lantern_Stone_D3.prefab using Guid(5d96e0c96892dc34c9405833e1c52e50) Importer(2089858483,e11c23a36db5f54750b8cd40eac0985b) (ScriptedImporter) -> (Import Result ID: '89265634cd5de0673377d0376ec9f6a7') in 0.0056922 seconds [static and dynamic dependencies]. Details - ImportResultOutputID=67cffb4fe9e8dae2efb620f8ef08be78 DependenciesID=84941c8236200440796ea833f5cd7fb4 StaticDependenciesID=3aabf48fc77d83a4e685c30f059e4f08 
Number of updated asset objects reloaded before import = 0Number of asset objects unloaded after import = 10

========================================================================
Received Import Request.
  Time since last request: 0.000021 seconds.
  path: Assets/AssetesDescargados/Waldemarst/JapaneseGardenPackage/Prefabs/SakuraTree_A.prefab
  importAddress: Guid(1d346702b2107531e939003fb256261b) Importer(2089858483,e11c23a36db5f54750b8cd40eac0985b)
Start importing Assets/AssetesDescargados/Waldemarst/JapaneseGardenPackage/Prefabs/SakuraTree_A.prefab using Guid(1d346702b2107531e939003fb256261b) Importer(2089858483,e11c23a36db5f54750b8cd40eac0985b) (ScriptedImporter) -> (Import Result ID: '6334066c08432cc43c1c3aec7114bde1') in 0.0309144 seconds [static and dynamic dependencies]. Details - ImportResultOutputID=ff1ecda3e84bb69127b3a7be4840e677 DependenciesID=2e5ed566e1030a42c28077114d796bba StaticDependenciesID=ad342302de2e205c6a916a7498b9eee1 
Number of updated asset objects reloaded before import = 0Number of asset objects unloaded after import = 28

========================================================================
Received Import Request.
  Time since last request: 0.000024 seconds.
  path: Assets/AssetesDescargados/JTS_StoneLanterns/Prefabs/Lantern_Stone_C2.prefab
  importAddress: Guid(77a6bbb4e632ad445906875ad8b8d28a) Importer(2089858483,e11c23a36db5f54750b8cd40eac0985b)
Start importing Assets/AssetesDescargados/JTS_StoneLanterns/Prefabs/Lantern_Stone_C2.prefab using Guid(77a6bbb4e632ad445906875ad8b8d28a) Importer(2089858483,e11c23a36db5f54750b8cd40eac0985b) (ScriptedImporter) -> (Import Result ID: '3026ec108540040e854ef793ec5ce399') in 0.0058798 seconds [static and dynamic dependencies]. Details - ImportResultOutputID=987ba729f366295ceedd9dcb3c2db215 DependenciesID=23e43c151335212171e02cda93dcaeba StaticDependenciesID=cd7eb4b9f4e675e754c64a73da7b5ddb 
Number of updated asset objects reloaded before import = 0Number of asset objects unloaded after import = 10

========================================================================
Received Import Request.
  Time since last request: 0.000022 seconds.
  path: Assets/AssetesDescargados/JTS_StoneLanterns/Prefabs/Platform_Stone_A3.prefab
  importAddress: Guid(4f1259e7b496e364d9ce515f4ca75f2b) Importer(2089858483,e11c23a36db5f54750b8cd40eac0985b)
Start importing Assets/AssetesDescargados/JTS_StoneLanterns/Prefabs/Platform_Stone_A3.prefab using Guid(4f1259e7b496e364d9ce515f4ca75f2b) Importer(2089858483,e11c23a36db5f54750b8cd40eac0985b) (ScriptedImporter) -> (Import Result ID: 'b2cb99b02daa4a72ba501d21c7db60ba') in 0.0055973 seconds [static and dynamic dependencies]. Details - ImportResultOutputID=206e64ac6c8fbd8c4040956077956343 DependenciesID=d31636f52999e7bcb1ca87694fb69157 StaticDependenciesID=83f83b36d65afe8678d55477601d797d 
Number of updated asset objects reloaded before import = 0Number of asset objects unloaded after import = 10

========================================================================
Received Import Request.
  Time since last request: 0.000024 seconds.
  path: Assets/AssetesDescargados/PolyOne/Rocks Stylized/Prefabs/SM_Rocks_07.prefab
  importAddress: Guid(6b03fd5ce97ca2449b3b9a92cfce1ec5) Importer(2089858483,e11c23a36db5f54750b8cd40eac0985b)
Start importing Assets/AssetesDescargados/PolyOne/Rocks Stylized/Prefabs/SM_Rocks_07.prefab using Guid(6b03fd5ce97ca2449b3b9a92cfce1ec5) Importer(2089858483,e11c23a36db5f54750b8cd40eac0985b) (ScriptedImporter) -> (Import Result ID: 'cf5307e15d156b29b747ac0429666bca') in 0.0052614 seconds [static and dynamic dependencies]. Details - ImportResultOutputID=8437215d625f305bca52fda24a64bc18 DependenciesID=741873e0ec0d0abd274eccbe8db901bf StaticDependenciesID=1c838e729307b296e490cd86a409d7cf 
Number of updated asset objects reloaded before import = 0Number of asset objects unloaded after import = 8

========================================================================
Received Import Request.
  Time since last request: 0.000037 seconds.
  path: Assets/AssetesDescargados/PolyOne/Rocks Stylized/Prefabs/SM_Rocks_08.prefab
  importAddress: Guid(21440718d3f07344e841a649af5745d8) Importer(2089858483,e11c23a36db5f54750b8cd40eac0985b)
Start importing Assets/AssetesDescargados/PolyOne/Rocks Stylized/Prefabs/SM_Rocks_08.prefab using Guid(21440718d3f07344e841a649af5745d8) Importer(2089858483,e11c23a36db5f54750b8cd40eac0985b) (ScriptedImporter) -> (Import Result ID: '7d481ddbb4f6c003f54cec95b7389270') in 0.0053053 seconds [static and dynamic dependencies]. Details - ImportResultOutputID=86549a0a0c8d6b0f0a330863cf0af916 DependenciesID=b0268d8f5a42bc77a0af01f680bb1f42 StaticDependenciesID=184fdfa1fbe38c9d4f448572c6fecf07 
Number of updated asset objects reloaded before import = 0Number of asset objects unloaded after import = 8

========================================================================
Received Import Request.
  Time since last request: 0.000021 seconds.
  path: Assets/AssetesDescargados/JTS_StoneLanterns/Prefabs/Lantern_Stone_B3.prefab
  importAddress: Guid(d86d974f53fba9a46a1561b2a5160ba6) Importer(2089858483,e11c23a36db5f54750b8cd40eac0985b)
Start importing Assets/AssetesDescargados/JTS_StoneLanterns/Prefabs/Lantern_Stone_B3.prefab using Guid(d86d974f53fba9a46a1561b2a5160ba6) Importer(2089858483,e11c23a36db5f54750b8cd40eac0985b) (ScriptedImporter) -> (Import Result ID: '66a165971ba0b25c51e37437e9043057') in 0.0057463 seconds [static and dynamic dependencies]. Details - ImportResultOutputID=77ee18298e95649dc29a390abe9b0cca DependenciesID=06b0cbf6931c27308e981530ea327d46 StaticDependenciesID=5ac44bb7f801ca38640d858980323886 
Number of updated asset objects reloaded before import = 0Number of asset objects unloaded after import = 10

========================================================================
Received Import Request.
  Time since last request: 0.000024 seconds.
  path: Assets/AssetesDescargados/PolyOne/Rocks Stylized/Prefabs/SM_Rocks_03.prefab
  importAddress: Guid(c65625e040ac42e46ba4222b69c41558) Importer(2089858483,e11c23a36db5f54750b8cd40eac0985b)
Start importing Assets/AssetesDescargados/PolyOne/Rocks Stylized/Prefabs/SM_Rocks_03.prefab using Guid(c65625e040ac42e46ba4222b69c41558) Importer(2089858483,e11c23a36db5f54750b8cd40eac0985b) (ScriptedImporter) -> (Import Result ID: '1ddd0430777214faecaad44b55c8cc9f') in 0.0053048 seconds [static and dynamic dependencies]. Details - ImportResultOutputID=0dc82288c1a29ea08850567fb585bef5 DependenciesID=078ac16d33c695d9718f040165d9f99c StaticDependenciesID=c63eb23baec1affbbac29ce76d197b7d 
Number of updated asset objects reloaded before import = 0Number of asset objects unloaded after import = 8

========================================================================
Received Import Request.
  Time since last request: 0.000026 seconds.
  path: Assets/AssetesDescargados/Waldemarst/JapaneseGardenPackage/Prefabs/BlackPineTree_A.prefab
  importAddress: Guid(411d79dbbe4633332bf08419508ecdd1) Importer(2089858483,e11c23a36db5f54750b8cd40eac0985b)
Start importing Assets/AssetesDescargados/Waldemarst/JapaneseGardenPackage/Prefabs/BlackPineTree_A.prefab using Guid(411d79dbbe4633332bf08419508ecdd1) Importer(2089858483,e11c23a36db5f54750b8cd40eac0985b) (ScriptedImporter) -> (Import Result ID: 'b38c3b95d08cb1c60be31807a016b581') in 0.0315933 seconds [static and dynamic dependencies]. Details - ImportResultOutputID=5e6e95290d005a30a00f9a54385063b0 DependenciesID=7031eecae0d5232dc04e2c0c45607277 StaticDependenciesID=1dbb0af594461000f604fc6633f12a05 
Number of updated asset objects reloaded before import = 0Number of asset objects unloaded after import = 29

========================================================================
Received Import Request.
  Time since last request: 0.000026 seconds.
  path: Assets/AssetesDescargados/PolyOne/Rocks Stylized/Prefabs/SM_Rocks_11.prefab
  importAddress: Guid(9ec55189fab312141825d31ad5584d45) Importer(2089858483,e11c23a36db5f54750b8cd40eac0985b)
Start importing Assets/AssetesDescargados/PolyOne/Rocks Stylized/Prefabs/SM_Rocks_11.prefab using Guid(9ec55189fab312141825d31ad5584d45) Importer(2089858483,e11c23a36db5f54750b8cd40eac0985b) (ScriptedImporter) -> (Import Result ID: '76d495a71e835ae0dc85bffb2befa5b0') in 0.0050215 seconds [static and dynamic dependencies]. Details - ImportResultOutputID=bdb1d476c2d1e49cee8b91a4a49af512 DependenciesID=0217ff52807c01059a1f2aa1d36e0c9b StaticDependenciesID=25e9dd2bd2968d4068dca0fd925143db 
Number of updated asset objects reloaded before import = 0Number of asset objects unloaded after import = 8

========================================================================
Received Import Request.
  Time since last request: 0.000020 seconds.
  path: Assets/AssetesDescargados/Waldemarst/JapaneseGardenPackage/Prefabs/JapaneseMapleTree_B.prefab
  importAddress: Guid(9aaafd7584909db6aae1b9e564dc5ef3) Importer(2089858483,e11c23a36db5f54750b8cd40eac0985b)
Start importing Assets/AssetesDescargados/Waldemarst/JapaneseGardenPackage/Prefabs/JapaneseMapleTree_B.prefab using Guid(9aaafd7584909db6aae1b9e564dc5ef3) Importer(2089858483,e11c23a36db5f54750b8cd40eac0985b) (ScriptedImporter) -> (Import Result ID: '6d4006690e7c1384916e1e2848b62781') in 0.0271221 seconds [static and dynamic dependencies]. Details - ImportResultOutputID=e09876d9569fce0fe84b0d027b428510 DependenciesID=2af1d22aaeae9f1f9901245cdef00eb8 StaticDependenciesID=08e395f1580f5e555f8170176f6e26df 
Number of updated asset objects reloaded before import = 0Number of asset objects unloaded after import = 29

========================================================================
Received Import Request.
  Time since last request: 0.000029 seconds.
  path: Assets/AssetesDescargados/Waldemarst/JapaneseGardenPackage/Prefabs/SakuraTree_E.prefab
  importAddress: Guid(f6208658c4d45bf5c944dd7806489932) Importer(2089858483,e11c23a36db5f54750b8cd40eac0985b)
Start importing Assets/AssetesDescargados/Waldemarst/JapaneseGardenPackage/Prefabs/SakuraTree_E.prefab using Guid(f6208658c4d45bf5c944dd7806489932) Importer(2089858483,e11c23a36db5f54750b8cd40eac0985b) (ScriptedImporter) -> (Import Result ID: 'aad00aec4150a9ed68b8651e1f4f5798') in 0.0249535 seconds [static and dynamic dependencies]. Details - ImportResultOutputID=d0b19dae4d20a5acab2569d9b5c491e9 DependenciesID=9a46829b7995dc27786ce86eb9e21054 StaticDependenciesID=4d0ab97da42792e3f884c64346cbff67 
Number of updated asset objects reloaded before import = 0Number of asset objects unloaded after import = 28

========================================================================
Received Import Request.
  Time since last request: 0.000037 seconds.
  path: Assets/AssetesDescargados/JTS_StoneLanterns/Prefabs/Lantern_Stone_A2.prefab
  importAddress: Guid(02da62e138f6f8f4cae68240231455ff) Importer(2089858483,e11c23a36db5f54750b8cd40eac0985b)
Start importing Assets/AssetesDescargados/JTS_StoneLanterns/Prefabs/Lantern_Stone_A2.prefab using Guid(02da62e138f6f8f4cae68240231455ff) Importer(2089858483,e11c23a36db5f54750b8cd40eac0985b) (ScriptedImporter) -> (Import Result ID: '940696a865546472b2f024b3ce4ab690') in 0.0058837 seconds [static and dynamic dependencies]. Details - ImportResultOutputID=14d1a0d91eda4ae3b02e8c82d049bb97 DependenciesID=9b21e51588340353c33533e2525797c7 StaticDependenciesID=eac50d39c18f360e2e4cd39f57d50ca7 
Number of updated asset objects reloaded before import = 0Number of asset objects unloaded after import = 10

========================================================================
Received Import Request.
  Time since last request: 0.000021 seconds.
  path: Assets/AssetesDescargados/JTS_StoneLanterns/Prefabs/Lantern_Stone_A1.prefab
  importAddress: Guid(78619024aa8ea134aad7e42921d39694) Importer(2089858483,e11c23a36db5f54750b8cd40eac0985b)
Start importing Assets/AssetesDescargados/JTS_StoneLanterns/Prefabs/Lantern_Stone_A1.prefab using Guid(78619024aa8ea134aad7e42921d39694) Importer(2089858483,e11c23a36db5f54750b8cd40eac0985b) (ScriptedImporter) -> (Import Result ID: '104adbfd12c9205b0bacdc03d54b8626') in 0.005434 seconds [static and dynamic dependencies]. Details - ImportResultOutputID=93ffebb80cc14040210eb5a354af35f2 DependenciesID=c8337527aac421dc961ec270f1797a64 StaticDependenciesID=d980e0cd4f6503f93a214d8d77eff133 
Number of updated asset objects reloaded before import = 0Number of asset objects unloaded after import = 10

========================================================================
Received Import Request.
  Time since last request: 0.000020 seconds.
  path: Assets/AssetesDescargados/PolyOne/Rocks Stylized/Prefabs/SM_Rocks_02.prefab
  importAddress: Guid(8b2f7789077f69f458e3919626d6ea22) Importer(2089858483,e11c23a36db5f54750b8cd40eac0985b)
Start importing Assets/AssetesDescargados/PolyOne/Rocks Stylized/Prefabs/SM_Rocks_02.prefab using Guid(8b2f7789077f69f458e3919626d6ea22) Importer(2089858483,e11c23a36db5f54750b8cd40eac0985b) (ScriptedImporter) -> (Import Result ID: '66f0ee199ab25baceebad1e891f3459b') in 0.0050057 seconds [static and dynamic dependencies]. Details - ImportResultOutputID=8d56f68c09c958742367c7544fa0d77b DependenciesID=103278b1120072910a64c72ccaf8cb0b StaticDependenciesID=44de40125936cd53c3af835aaefa588f 
Number of updated asset objects reloaded before import = 0Number of asset objects unloaded after import = 8

========================================================================
Received Import Request.
  Time since last request: 0.000021 seconds.
  path: Assets/AssetesDescargados/Waldemarst/JapaneseGardenPackage/Prefabs/BlackPineTree_D.prefab
  importAddress: Guid(18ea0683a7392d274905c95e8ec4544b) Importer(2089858483,e11c23a36db5f54750b8cd40eac0985b)
Start importing Assets/AssetesDescargados/Waldemarst/JapaneseGardenPackage/Prefabs/BlackPineTree_D.prefab using Guid(18ea0683a7392d274905c95e8ec4544b) Importer(2089858483,e11c23a36db5f54750b8cd40eac0985b) (ScriptedImporter) -> (Import Result ID: '8a7fb31cedee6b71e9d9159bbcabd2c2') in 0.0267225 seconds [static and dynamic dependencies]. Details - ImportResultOutputID=f1afc3b2ab0a318ca3310cbf5c251f2c DependenciesID=65188d5bd0b495d4264d6311af87da9e StaticDependenciesID=bb8ef7a0251962cf8aaa064683f355ce 
Number of updated asset objects reloaded before import = 0Number of asset objects unloaded after import = 29

========================================================================
Received Import Request.
  Time since last request: 0.000022 seconds.
  path: Assets/AssetesDescargados/Waldemarst/JapaneseGardenPackage/Prefabs/SakuraTree_F.prefab
  importAddress: Guid(9d642dd3a2ff904da90e9417ae5cddec) Importer(2089858483,e11c23a36db5f54750b8cd40eac0985b)
Start importing Assets/AssetesDescargados/Waldemarst/JapaneseGardenPackage/Prefabs/SakuraTree_F.prefab using Guid(9d642dd3a2ff904da90e9417ae5cddec) Importer(2089858483,e11c23a36db5f54750b8cd40eac0985b) (ScriptedImporter) -> (Import Result ID: '90a2361fac26df029c1ea809e397f1a3') in 0.0228148 seconds [static and dynamic dependencies]. Details - ImportResultOutputID=85290cc5c22b21f2d7723e190a5611fd DependenciesID=5b42a7dbd765b4e5d928fafaa8248844 StaticDependenciesID=518f68f82a24c0a912b959e5748190ba 
Number of updated asset objects reloaded before import = 0Number of asset objects unloaded after import = 28

========================================================================
Received Import Request.
  Time since last request: 0.000024 seconds.
  path: Assets/AssetesDescargados/JTS_StoneLanterns/Prefabs/Lantern_Stone_C1.prefab
  importAddress: Guid(ed1541bb1376f8441bab099090a5babc) Importer(2089858483,e11c23a36db5f54750b8cd40eac0985b)
Start importing Assets/AssetesDescargados/JTS_StoneLanterns/Prefabs/Lantern_Stone_C1.prefab using Guid(ed1541bb1376f8441bab099090a5babc) Importer(2089858483,e11c23a36db5f54750b8cd40eac0985b) (ScriptedImporter) -> (Import Result ID: 'aee898d98e725e3929a86ad0f263e962') in 0.0068365 seconds [static and dynamic dependencies]. Details - ImportResultOutputID=e195c63d513dc77e79e2bcdd20ef5c23 DependenciesID=df6df3768a1c890750aae2e0c260238d StaticDependenciesID=4b4b2ed15b3525622fb7ab68013b3460 
Number of updated asset objects reloaded before import = 0Number of asset objects unloaded after import = 10

========================================================================
Received Import Request.
  Time since last request: 0.000046 seconds.
  path: Assets/AssetesDescargados/JTS_StoneLanterns/Demo/DemoScene.unity
  importAddress: Guid(74ac5822106c10540a9d16a32a65c3b3) Importer(2089858483,e11c23a36db5f54750b8cd40eac0985b)
Start importing Assets/AssetesDescargados/JTS_StoneLanterns/Demo/DemoScene.unity using Guid(74ac5822106c10540a9d16a32a65c3b3) Importer(2089858483,e11c23a36db5f54750b8cd40eac0985b) (ScriptedImporter)Opening scene 'Assets/AssetesDescargados/JTS_StoneLanterns/Demo/DemoScene.unity additively'
LightingSettings: switching bake backend from 2 to 1.
Loaded scene 'Assets/AssetesDescargados/JTS_StoneLanterns/Demo/DemoScene.unity'
	Deserialize:            1.050 ms
	Integration:            34.793 ms
	Integration of assets:  0.002 ms
	Thread Wait Time:       0.011 ms
	Total Operation Time:   35.855 ms
 -> (Import Result ID: 'f18eab62423fd6295a6d573775edec43') in 0.0989962 seconds [static and dynamic dependencies]. Details - ImportResultOutputID=2086a218e831305caeb70c3b3e35cb85 DependenciesID=62acc4142a63842e9efa6b6e4c621252 StaticDependenciesID=c6be9ec8bebb7fb5c107f317ace83d12 
Number of updated asset objects reloaded before import = 0Number of asset objects unloaded after import = 186

========================================================================
Received Import Request.
  Time since last request: 0.000023 seconds.
  path: Assets/AssetesDescargados/JTS_StoneLanterns/Prefabs/Lantern_Stone_A3.prefab
  importAddress: Guid(d07f96cf91faf594ab94f7e3fec5496e) Importer(2089858483,e11c23a36db5f54750b8cd40eac0985b)
Start importing Assets/AssetesDescargados/JTS_StoneLanterns/Prefabs/Lantern_Stone_A3.prefab using Guid(d07f96cf91faf594ab94f7e3fec5496e) Importer(2089858483,e11c23a36db5f54750b8cd40eac0985b) (ScriptedImporter) -> (Import Result ID: '7514dd44740760cc0f00fb99cfd17dfc') in 0.0054091 seconds [static and dynamic dependencies]. Details - ImportResultOutputID=1ed4e9ced80d7bc77c33b1183085e6ff DependenciesID=20cf9f63ae3a6a5823a9d0fb0938dbb2 StaticDependenciesID=d919171cd2211c10e5eb34711c2c1dca 
Number of updated asset objects reloaded before import = 0Number of asset objects unloaded after import = 10

========================================================================
Received Import Request.
  Time since last request: 0.000024 seconds.
  path: Assets/AssetesDescargados/Waldemarst/JapaneseGardenPackage/Prefabs/BlackPineTree_B.prefab
  importAddress: Guid(6a8478d973ae3ac75a084871ef5cbffb) Importer(2089858483,e11c23a36db5f54750b8cd40eac0985b)
Start importing Assets/AssetesDescargados/Waldemarst/JapaneseGardenPackage/Prefabs/BlackPineTree_B.prefab using Guid(6a8478d973ae3ac75a084871ef5cbffb) Importer(2089858483,e11c23a36db5f54750b8cd40eac0985b) (ScriptedImporter) -> (Import Result ID: '5260257fe41b5af8d2b9da2a0c6204ec') in 0.0253506 seconds [static and dynamic dependencies]. Details - ImportResultOutputID=7a6ab4f98768b3891a3d1239e3af4714 DependenciesID=9cf95ac29fcb050d38da52459a184305 StaticDependenciesID=617155ad1e31140d750a79a00bf81967 
Number of updated asset objects reloaded before import = 0Number of asset objects unloaded after import = 29

========================================================================
Received Import Request.
  Time since last request: 0.000024 seconds.
  path: Assets/AssetesDescargados/JTS_StoneLanterns/Prefabs/Lantern_Stone_B1.prefab
  importAddress: Guid(e5bf64f86e0b4b94ebade668f953b165) Importer(2089858483,e11c23a36db5f54750b8cd40eac0985b)
Start importing Assets/AssetesDescargados/JTS_StoneLanterns/Prefabs/Lantern_Stone_B1.prefab using Guid(e5bf64f86e0b4b94ebade668f953b165) Importer(2089858483,e11c23a36db5f54750b8cd40eac0985b) (ScriptedImporter) -> (Import Result ID: 'b32c45ea221bd6179652be780c15b827') in 0.0054086 seconds [static and dynamic dependencies]. Details - ImportResultOutputID=778b6809c7875c34a24ecfd02436c03f DependenciesID=a503c8111e35bb6bce8aba90dca08ae8 StaticDependenciesID=11f36b439dbd6bb2b86f85d9a00d9391 
Number of updated asset objects reloaded before import = 0Number of asset objects unloaded after import = 10

========================================================================
Received Import Request.
  Time since last request: 0.000031 seconds.
  path: Assets/AssetesDescargados/Waldemarst/JapaneseGardenPackage/Prefabs/BlackPineTree_E.prefab
  importAddress: Guid(783170933d5c442f2a2ab32f0fb0502a) Importer(2089858483,e11c23a36db5f54750b8cd40eac0985b)
Start importing Assets/AssetesDescargados/Waldemarst/JapaneseGardenPackage/Prefabs/BlackPineTree_E.prefab using Guid(783170933d5c442f2a2ab32f0fb0502a) Importer(2089858483,e11c23a36db5f54750b8cd40eac0985b) (ScriptedImporter) -> (Import Result ID: '9164ca6ff7424eba8c66f407c7e28d02') in 0.0252979 seconds [static and dynamic dependencies]. Details - ImportResultOutputID=02d770fc03824303605f5a3ededa1359 DependenciesID=234a4d3e4468d21ecadf032a4e1855c8 StaticDependenciesID=babdc858ebc4671b3af2c3b0ce9e17ff 
Number of updated asset objects reloaded before import = 0Number of asset objects unloaded after import = 29

========================================================================
Received Import Request.
  Time since last request: 0.000023 seconds.
  path: Assets/AssetesDescargados/PolyOne/Rocks Stylized/Prefabs/SM_Rocks_06.prefab
  importAddress: Guid(b2981534d2ac4244fafb153e0cb4c9c2) Importer(2089858483,e11c23a36db5f54750b8cd40eac0985b)
Start importing Assets/AssetesDescargados/PolyOne/Rocks Stylized/Prefabs/SM_Rocks_06.prefab using Guid(b2981534d2ac4244fafb153e0cb4c9c2) Importer(2089858483,e11c23a36db5f54750b8cd40eac0985b) (ScriptedImporter) -> (Import Result ID: '2cd02e18c403fdb35c5f78eacf13ce38') in 0.0048901 seconds [static and dynamic dependencies]. Details - ImportResultOutputID=ee700b0109bdfd01be0e4f603e5d73ec DependenciesID=a824e74287dcea906cc20a65b12bc28b StaticDependenciesID=2a79b588e68a59e21a9061ef70c5d6e6 
Number of updated asset objects reloaded before import = 0Number of asset objects unloaded after import = 8

========================================================================
Received Import Request.
  Time since last request: 0.000021 seconds.
  path: Assets/AssetesDescargados/JTS_StoneLanterns/Prefabs/Lantern_Stone_D1.prefab
  importAddress: Guid(0ff16db581cedc04e93c3356ce3008a0) Importer(2089858483,e11c23a36db5f54750b8cd40eac0985b)
Start importing Assets/AssetesDescargados/JTS_StoneLanterns/Prefabs/Lantern_Stone_D1.prefab using Guid(0ff16db581cedc04e93c3356ce3008a0) Importer(2089858483,e11c23a36db5f54750b8cd40eac0985b) (ScriptedImporter) -> (Import Result ID: 'c7020d83890d9b94aee6ec1a6d862ed2') in 0.0053177 seconds [static and dynamic dependencies]. Details - ImportResultOutputID=99d8147afd7ce21f122f5c8761cc6287 DependenciesID=e7ededc8cd7097f15ab1bcb8e6453071 StaticDependenciesID=195244eb7138df93c5c36fdc24b2f966 
Number of updated asset objects reloaded before import = 0Number of asset objects unloaded after import = 10

========================================================================
Received Import Request.
  Time since last request: 0.000021 seconds.
  path: Assets/AssetesDescargados/Waldemarst/JapaneseGardenPackage/Prefabs/BlackPineTree_C.prefab
  importAddress: Guid(23af1a39b0c5720b898eb5eefad5a1b7) Importer(2089858483,e11c23a36db5f54750b8cd40eac0985b)
Start importing Assets/AssetesDescargados/Waldemarst/JapaneseGardenPackage/Prefabs/BlackPineTree_C.prefab using Guid(23af1a39b0c5720b898eb5eefad5a1b7) Importer(2089858483,e11c23a36db5f54750b8cd40eac0985b) (ScriptedImporter) -> (Import Result ID: '29debc15d3dd6aad8fb392642aea1343') in 0.0253151 seconds [static and dynamic dependencies]. Details - ImportResultOutputID=4861b41dd6522c514f7e6bca9c676adf DependenciesID=6c867bc54cdcd039abaaf4060f95f6d7 StaticDependenciesID=f3a9fb8736f82882bd8256670370dd3a 
Number of updated asset objects reloaded before import = 0Number of asset objects unloaded after import = 29

========================================================================
Received Import Request.
  Time since last request: 0.000022 seconds.
  path: Assets/Scenes/SampleScene.unity
  importAddress: Guid(99c9720ab356a0642a771bea13969a05) Importer(2089858483,e11c23a36db5f54750b8cd40eac0985b)
Start importing Assets/Scenes/SampleScene.unity using Guid(99c9720ab356a0642a771bea13969a05) Importer(2089858483,e11c23a36db5f54750b8cd40eac0985b) (ScriptedImporter)Opening scene 'Assets/Scenes/SampleScene.unity additively'
Loaded scene 'Assets/Scenes/SampleScene.unity'
	Deserialize:            25.801 ms
	Integration:            14.382 ms
	Integration of assets:  0.989 ms
	Thread Wait Time:       0.001 ms
	Total Operation Time:   41.173 ms
 -> (Import Result ID: 'dccced2cb87ea6d964921955c1fbdb29') in 0.2275632 seconds [static and dynamic dependencies]. Details - ImportResultOutputID=b48ae61ada18a35f98390a75db044778 DependenciesID=a303c296082f5c52e5b63f9b72486541 StaticDependenciesID=7ee8dfd9822860ada0c66d42b163d287 
Number of updated asset objects reloaded before import = 0Number of asset objects unloaded after import = 24

========================================================================
Received Import Request.
  Time since last request: 0.000025 seconds.
  path: Assets/AssetesDescargados/JTS_StoneLanterns/Prefabs/Platform_Stone_C2.prefab
  importAddress: Guid(ad228647e8ed3ac4f8974ed220735ab5) Importer(2089858483,e11c23a36db5f54750b8cd40eac0985b)
Start importing Assets/AssetesDescargados/JTS_StoneLanterns/Prefabs/Platform_Stone_C2.prefab using Guid(ad228647e8ed3ac4f8974ed220735ab5) Importer(2089858483,e11c23a36db5f54750b8cd40eac0985b) (ScriptedImporter) -> (Import Result ID: '9333da594af1ed03814619658210126f') in 0.0083446 seconds [static and dynamic dependencies]. Details - ImportResultOutputID=71047f03eb5629aa118b27f2320bfd5c DependenciesID=bb1d4b88c0fa0d3eefba468469766fcd StaticDependenciesID=83f80d4bccd6c4076df085d150ada308 
Number of updated asset objects reloaded before import = 0Number of asset objects unloaded after import = 10

========================================================================
Received Import Request.
  Time since last request: 0.000031 seconds.
  path: Assets/AssetesDescargados/Waldemarst/JapaneseGardenPackage/Prefabs/SakuraTree_D.prefab
  importAddress: Guid(261441bc3708ec7aa8a2c288c3fab3ef) Importer(2089858483,e11c23a36db5f54750b8cd40eac0985b)
Start importing Assets/AssetesDescargados/Waldemarst/JapaneseGardenPackage/Prefabs/SakuraTree_D.prefab using Guid(261441bc3708ec7aa8a2c288c3fab3ef) Importer(2089858483,e11c23a36db5f54750b8cd40eac0985b) (ScriptedImporter) -> (Import Result ID: '3834a384633386a23a3c37221ab9bafa') in 0.0276975 seconds [static and dynamic dependencies]. Details - ImportResultOutputID=a6c6b6957a89247e3407c02f82688a74 DependenciesID=f0522be4820ed3fc10c93cf5b7ff33b1 StaticDependenciesID=d537e2afd77927d6d76186ee70353eb8 
Number of updated asset objects reloaded before import = 0Number of asset objects unloaded after import = 28

========================================================================
Received Import Request.
  Time since last request: 0.000023 seconds.
  path: Assets/AssetesDescargados/JTS_StoneLanterns/Prefabs/Platform_Stone_B3.prefab
  importAddress: Guid(07b1abd6080eddf44b818cf8fa4471b9) Importer(2089858483,e11c23a36db5f54750b8cd40eac0985b)
Start importing Assets/AssetesDescargados/JTS_StoneLanterns/Prefabs/Platform_Stone_B3.prefab using Guid(07b1abd6080eddf44b818cf8fa4471b9) Importer(2089858483,e11c23a36db5f54750b8cd40eac0985b) (ScriptedImporter) -> (Import Result ID: '8fc4ce522a1afbf128d7d0f4db4659f5') in 0.0055781 seconds [static and dynamic dependencies]. Details - ImportResultOutputID=32081bf9261a242fa0396e665f4ee560 DependenciesID=7e8161a9b2f3b42ab910e26359e09af7 StaticDependenciesID=3f2da92a6e57273df823fc20bd408f54 
Number of updated asset objects reloaded before import = 0Number of asset objects unloaded after import = 10

========================================================================
Received Import Request.
  Time since last request: 0.000021 seconds.
  path: Assets/AssetesDescargados/PolyOne/Rocks Stylized/Prefabs/SM_Rocks_10.prefab
  importAddress: Guid(f4bf1f00267b19b4a8174c9b9a311b21) Importer(2089858483,e11c23a36db5f54750b8cd40eac0985b)
Start importing Assets/AssetesDescargados/PolyOne/Rocks Stylized/Prefabs/SM_Rocks_10.prefab using Guid(f4bf1f00267b19b4a8174c9b9a311b21) Importer(2089858483,e11c23a36db5f54750b8cd40eac0985b) (ScriptedImporter) -> (Import Result ID: '3dd2214628b216cefc1b4ed38674a22b') in 0.0061172 seconds [static and dynamic dependencies]. Details - ImportResultOutputID=74235a165a9ea61580006dc751d40dec DependenciesID=e3dd402666fe4fcddbc1909164bd98da StaticDependenciesID=fe5b0efd41f28ff530e31334fcef5844 
Number of updated asset objects reloaded before import = 0Number of asset objects unloaded after import = 8

========================================================================
Received Import Request.
  Time since last request: 0.000020 seconds.
  path: Assets/AssetesDescargados/JTS_StoneLanterns/Prefabs/Lantern_Stone_B2.prefab
  importAddress: Guid(851422d37c5757d44a17d9feb3b6d622) Importer(2089858483,e11c23a36db5f54750b8cd40eac0985b)
Start importing Assets/AssetesDescargados/JTS_StoneLanterns/Prefabs/Lantern_Stone_B2.prefab using Guid(851422d37c5757d44a17d9feb3b6d622) Importer(2089858483,e11c23a36db5f54750b8cd40eac0985b) (ScriptedImporter) -> (Import Result ID: '548837be2cc30d85c0d58ea309ecebf9') in 0.0054691 seconds [static and dynamic dependencies]. Details - ImportResultOutputID=ca70d05509bfe2589e90bf1c3e22cc1a DependenciesID=930f4b00c9edd1532cc7ab3335513f91 StaticDependenciesID=e3b5ebf855b67bb07a8ed6422df89577 
Number of updated asset objects reloaded before import = 0Number of asset objects unloaded after import = 10

========================================================================
Received Import Request.
  Time since last request: 0.000022 seconds.
  path: Assets/AssetesDescargados/Waldemarst/JapaneseGardenPackage/Prefabs/SakuraTree_B.prefab
  importAddress: Guid(488c1b23b5470bb4986ad7d362420766) Importer(2089858483,e11c23a36db5f54750b8cd40eac0985b)
Start importing Assets/AssetesDescargados/Waldemarst/JapaneseGardenPackage/Prefabs/SakuraTree_B.prefab using Guid(488c1b23b5470bb4986ad7d362420766) Importer(2089858483,e11c23a36db5f54750b8cd40eac0985b) (ScriptedImporter) -> (Import Result ID: '7d8cdebb39accd9582493785b4a12a13') in 0.0270663 seconds [static and dynamic dependencies]. Details - ImportResultOutputID=324de4c0612a8d7718a25fca5d274582 DependenciesID=9e1ffbabc9a658475e5e51ec3eb55bc2 StaticDependenciesID=8827f9bd735804899a574a4430a81f90 
Number of updated asset objects reloaded before import = 0Number of asset objects unloaded after import = 28

========================================================================
Received Import Request.
  Time since last request: 0.000024 seconds.
  path: Assets/AssetesDescargados/Waldemarst/JapaneseGardenPackage/Prefabs/SakuraTree_C.prefab
  importAddress: Guid(67d3abe897c93a08e9593b0a183f2bb4) Importer(2089858483,e11c23a36db5f54750b8cd40eac0985b)
Start importing Assets/AssetesDescargados/Waldemarst/JapaneseGardenPackage/Prefabs/SakuraTree_C.prefab using Guid(67d3abe897c93a08e9593b0a183f2bb4) Importer(2089858483,e11c23a36db5f54750b8cd40eac0985b) (ScriptedImporter) -> (Import Result ID: '3ff845029a55e45f9c0d405d4bb9868e') in 0.0266801 seconds [static and dynamic dependencies]. Details - ImportResultOutputID=12a3fc7a1a16f23b6a26c305d7ccf397 DependenciesID=88fed9830188eb4cd65c032001bb8f48 StaticDependenciesID=4839ba7cad2e54d9a4ef06bbf299bd91 
Number of updated asset objects reloaded before import = 0Number of asset objects unloaded after import = 28

========================================================================
Received Import Request.
  Time since last request: 0.000039 seconds.
  path: Assets/AssetesDescargados/Waldemarst/JapaneseGardenPackage/Prefabs/JapaneseMapleTree_C.prefab
  importAddress: Guid(eba8e66cbe98e874f97ecf77638129b2) Importer(2089858483,e11c23a36db5f54750b8cd40eac0985b)
Start importing Assets/AssetesDescargados/Waldemarst/JapaneseGardenPackage/Prefabs/JapaneseMapleTree_C.prefab using Guid(eba8e66cbe98e874f97ecf77638129b2) Importer(2089858483,e11c23a36db5f54750b8cd40eac0985b) (ScriptedImporter) -> (Import Result ID: '83911de6bf955a33359b0094fd30b202') in 0.025436 seconds [static and dynamic dependencies]. Details - ImportResultOutputID=204c5753b5791530f42876646fa3c9fd DependenciesID=f6641b3e1fdadb2cd791e3c4e7eacc46 StaticDependenciesID=0f33ecff6fdcb96e872c83003e49a91b 
Number of updated asset objects reloaded before import = 0Number of asset objects unloaded after import = 29

========================================================================
Received Import Request.
  Time since last request: 0.000022 seconds.
  path: Assets/AssetesDescargados/PolyOne/Rocks Stylized/Scene/Demo_Rocks Stylized.unity
  importAddress: Guid(eb7fdb1d4905bf94cbe147748dce2c4c) Importer(2089858483,e11c23a36db5f54750b8cd40eac0985b)
Start importing Assets/AssetesDescargados/PolyOne/Rocks Stylized/Scene/Demo_Rocks Stylized.unity using Guid(eb7fdb1d4905bf94cbe147748dce2c4c) Importer(2089858483,e11c23a36db5f54750b8cd40eac0985b) (ScriptedImporter)Opening scene 'Assets/AssetesDescargados/PolyOne/Rocks Stylized/Scene/Demo_Rocks Stylized.unity additively'
Loaded scene 'Assets/AssetesDescargados/PolyOne/Rocks Stylized/Scene/Demo_Rocks Stylized.unity'
	Deserialize:            1.039 ms
	Integration:            5.361 ms
	Integration of assets:  0.002 ms
	Thread Wait Time:       0.010 ms
	Total Operation Time:   6.412 ms
 -> (Import Result ID: 'd5937b28115e2e36c27ffb4286a39d5d') in 0.0380557 seconds [static and dynamic dependencies]. Details - ImportResultOutputID=72e7c57335fe9a2ca44d42d003f743a7 DependenciesID=a289ea7af4474192190ed6874195b0bf StaticDependenciesID=e5bd922f2b7e4f205f3ffad093ffeed1 
Number of updated asset objects reloaded before import = 0Number of asset objects unloaded after import = 80

========================================================================
Received Import Request.
  Time since last request: 0.000022 seconds.
  path: Assets/AssetesDescargados/PolyOne/Rocks Stylized/Prefabs/SM_Rocks_01.prefab
  importAddress: Guid(0b7c39db641be5044ab85ba9f56a629a) Importer(2089858483,e11c23a36db5f54750b8cd40eac0985b)
Start importing Assets/AssetesDescargados/PolyOne/Rocks Stylized/Prefabs/SM_Rocks_01.prefab using Guid(0b7c39db641be5044ab85ba9f56a629a) Importer(2089858483,e11c23a36db5f54750b8cd40eac0985b) (ScriptedImporter) -> (Import Result ID: '024459746a5ac684e9917a9d329c0b29') in 0.0049073 seconds [static and dynamic dependencies]. Details - ImportResultOutputID=cb475961ad3bb2b5760a30a91e15f4f1 DependenciesID=d310d167b0cbd59aa442520efd258afd StaticDependenciesID=72c1a1b9266e379d06e796b1c5202ced 
Number of updated asset objects reloaded before import = 0Number of asset objects unloaded after import = 8

========================================================================
Received Import Request.
  Time since last request: 0.000021 seconds.
  path: Assets/AssetesDescargados/JTS_StoneLanterns/Prefabs/Platform_Stone_C1.prefab
  importAddress: Guid(ecdb2215d7cacb540ac74673b911a101) Importer(2089858483,e11c23a36db5f54750b8cd40eac0985b)
Start importing Assets/AssetesDescargados/JTS_StoneLanterns/Prefabs/Platform_Stone_C1.prefab using Guid(ecdb2215d7cacb540ac74673b911a101) Importer(2089858483,e11c23a36db5f54750b8cd40eac0985b) (ScriptedImporter) -> (Import Result ID: '9fe6e2290875606179ef57222ae2bcc7') in 0.0056186 seconds [static and dynamic dependencies]. Details - ImportResultOutputID=a3b065edf9c90e64f5583024b377fcb1 DependenciesID=c023ef2a3525ea09ba6d89ca73c4a044 StaticDependenciesID=4e9c404f0222f796af0937244f3e41cc 
Number of updated asset objects reloaded before import = 0Number of asset objects unloaded after import = 10

========================================================================
Received Import Request.
  Time since last request: 0.000020 seconds.
  path: Assets/AssetesDescargados/Waldemarst/JapaneseGardenPackage/Prefabs/JapaneseMapleTree_D.prefab
  importAddress: Guid(5c8f8dde9e3fb58dda8f56008939d4fd) Importer(2089858483,e11c23a36db5f54750b8cd40eac0985b)
Start importing Assets/AssetesDescargados/Waldemarst/JapaneseGardenPackage/Prefabs/JapaneseMapleTree_D.prefab using Guid(5c8f8dde9e3fb58dda8f56008939d4fd) Importer(2089858483,e11c23a36db5f54750b8cd40eac0985b) (ScriptedImporter) -> (Import Result ID: '2abb47a9f1e32acc27035e9027216f0b') in 0.0256716 seconds [static and dynamic dependencies]. Details - ImportResultOutputID=d9ebffeaba5e2f81fcbba516dc279a7a DependenciesID=b94f8940edcd7701720ed7172d67b78c StaticDependenciesID=59c9da77238651de805e148b62009380 
Number of updated asset objects reloaded before import = 0Number of asset objects unloaded after import = 29

========================================================================
Received Import Request.
  Time since last request: 0.000026 seconds.
  path: Assets/AssetesDescargados/JTS_StoneLanterns/Prefabs/Lantern_Stone_D2.prefab
  importAddress: Guid(c9f7b1df8ac7c4644bdbd6f6503499ff) Importer(2089858483,e11c23a36db5f54750b8cd40eac0985b)
Start importing Assets/AssetesDescargados/JTS_StoneLanterns/Prefabs/Lantern_Stone_D2.prefab using Guid(c9f7b1df8ac7c4644bdbd6f6503499ff) Importer(2089858483,e11c23a36db5f54750b8cd40eac0985b) (ScriptedImporter) -> (Import Result ID: 'd10a7c3261d70920501cc2fb3a2d54e4') in 0.0054628 seconds [static and dynamic dependencies]. Details - ImportResultOutputID=e6d503d880f87ad74fca5ed9fbfc0f74 DependenciesID=80124edfe992341207c111f145607f7f StaticDependenciesID=12aa53a9744beeae552ef6ae9b8689df 
Number of updated asset objects reloaded before import = 0Number of asset objects unloaded after import = 10

========================================================================
Received Import Request.
  Time since last request: 0.000029 seconds.
  path: Assets/AssetesDescargados/JTS_StoneLanterns/Prefabs/Platform_Stone_A2.prefab
  importAddress: Guid(c9e0a894e59cab94d9fecf881dc0f859) Importer(2089858483,e11c23a36db5f54750b8cd40eac0985b)
Start importing Assets/AssetesDescargados/JTS_StoneLanterns/Prefabs/Platform_Stone_A2.prefab using Guid(c9e0a894e59cab94d9fecf881dc0f859) Importer(2089858483,e11c23a36db5f54750b8cd40eac0985b) (ScriptedImporter) -> (Import Result ID: '57033441b6582cfaf2bb8aebac5b63fa') in 0.0054269 seconds [static and dynamic dependencies]. Details - ImportResultOutputID=56bfa3ca7c6ced4e7b2c3e3862ff4c3a DependenciesID=e78a88a81ee10380eeb7bd5ded769fa3 StaticDependenciesID=9c72efafd14415932e9b60619b6b4d2a 
Number of updated asset objects reloaded before import = 0Number of asset objects unloaded after import = 10

========================================================================
Received Import Request.
  Time since last request: 0.000022 seconds.
  path: Assets/AssetesDescargados/JTS_StoneLanterns/Prefabs/Lantern_Stone_C3.prefab
  importAddress: Guid(fe15cb324897eaf4b92ecd6fab0f2250) Importer(2089858483,e11c23a36db5f54750b8cd40eac0985b)
Start importing Assets/AssetesDescargados/JTS_StoneLanterns/Prefabs/Lantern_Stone_C3.prefab using Guid(fe15cb324897eaf4b92ecd6fab0f2250) Importer(2089858483,e11c23a36db5f54750b8cd40eac0985b) (ScriptedImporter) -> (Import Result ID: '0b2129ba39d40e0aecbe82df0cf907f6') in 0.0054541 seconds [static and dynamic dependencies]. Details - ImportResultOutputID=ece7ad8788c9f453c6310a151436c8be DependenciesID=dc4481aadeaeeede100e2dd4f86ea2e3 StaticDependenciesID=d050fb6da40f7223f254b5df9f3439ce 
Number of updated asset objects reloaded before import = 0Number of asset objects unloaded after import = 10

========================================================================
Received Import Request.
  Time since last request: 0.000022 seconds.
  path: Assets/AssetesDescargados/PolyOne/Rocks Stylized/Prefabs/SM_Rocks_04.prefab
  importAddress: Guid(7cb1a6b5b01d08b449d57dfddf54dd44) Importer(2089858483,e11c23a36db5f54750b8cd40eac0985b)
Start importing Assets/AssetesDescargados/PolyOne/Rocks Stylized/Prefabs/SM_Rocks_04.prefab using Guid(7cb1a6b5b01d08b449d57dfddf54dd44) Importer(2089858483,e11c23a36db5f54750b8cd40eac0985b) (ScriptedImporter) -> (Import Result ID: '6f37c5d7fdf66be629df3830ca19eb0c') in 0.0061207 seconds [static and dynamic dependencies]. Details - ImportResultOutputID=21e86c6d0c64ccac8af22682dffa0d02 DependenciesID=89d32b40ce26b14101c027d75a42c336 StaticDependenciesID=c3ef3196b10050bdcd33389c1cc8678e 
Number of updated asset objects reloaded before import = 0Number of asset objects unloaded after import = 8

========================================================================
Received Import Request.
  Time since last request: 0.000020 seconds.
  path: Assets/AssetesDescargados/PolyOne/Rocks Stylized/Prefabs/SM_Rocks_05.prefab
  importAddress: Guid(87123ac33e4f0f04bacc28c3d2dcb0f6) Importer(2089858483,e11c23a36db5f54750b8cd40eac0985b)
Start importing Assets/AssetesDescargados/PolyOne/Rocks Stylized/Prefabs/SM_Rocks_05.prefab using Guid(87123ac33e4f0f04bacc28c3d2dcb0f6) Importer(2089858483,e11c23a36db5f54750b8cd40eac0985b) (ScriptedImporter) -> (Import Result ID: '964ffb7b15b66d3df78295c6cd27631b') in 0.0048165 seconds [static and dynamic dependencies]. Details - ImportResultOutputID=8dd263f16d4d5b53e7626a795bb1dc13 DependenciesID=bf68b54fbdb8c9e01ca2b68638cc9c9d StaticDependenciesID=ffdca9493d47c803f3be2270bf1ea780 
Number of updated asset objects reloaded before import = 0Number of asset objects unloaded after import = 8

========================================================================
Received Import Request.
  Time since last request: 0.000021 seconds.
  path: Assets/AssetesDescargados/JTS_StoneLanterns/Prefabs/Platform_Stone_B2.prefab
  importAddress: Guid(fc21be9a438b193448d01b9c31df3a13) Importer(2089858483,e11c23a36db5f54750b8cd40eac0985b)
Start importing Assets/AssetesDescargados/JTS_StoneLanterns/Prefabs/Platform_Stone_B2.prefab using Guid(fc21be9a438b193448d01b9c31df3a13) Importer(2089858483,e11c23a36db5f54750b8cd40eac0985b) (ScriptedImporter) -> (Import Result ID: '3bb01908f27490071fca490907794354') in 0.0056379 seconds [static and dynamic dependencies]. Details - ImportResultOutputID=6e02f090908cc86bdc7432b7335ff7d4 DependenciesID=8669e702eae40cf50d32c7e63f95425a StaticDependenciesID=b3ed335de8b5f70b6478035f8727b2e9 
Number of updated asset objects reloaded before import = 0Number of asset objects unloaded after import = 10

========================================================================
Received Import Request.
  Time since last request: 1.663552 seconds.
  path: Assets/AssetesDescargados/JTS_StoneLanterns/Demo/DemoScene.unity
  importAddress: Guid(74ac5822106c10540a9d16a32a65c3b3) Importer(2089858483,b0f066a214c2f5e87bad3c948f4d605d)
Start importing Assets/AssetesDescargados/JTS_StoneLanterns/Demo/DemoScene.unity using Guid(74ac5822106c10540a9d16a32a65c3b3) Importer(2089858483,b0f066a214c2f5e87bad3c948f4d605d) (ScriptedImporter) -> (Import Result ID: '07394c481853fa1975906010eea7fae5') in 0.003706 seconds [static and dynamic dependencies]. Details - ImportResultOutputID=7e56bcacb9f17828cf3eac9c6cc57be8 DependenciesID=87474f157ebfa08fe3ace28a2f486449 StaticDependenciesID=663e30143c8e8abef31e9c28451d5252 
Number of updated asset objects reloaded before import = 0Number of asset objects unloaded after import = 1

========================================================================
Received Import Request.
  Time since last request: 8.242306 seconds.
  path: Assets/AssetesDescargados/JTS_StoneLanterns/Materials/mat_lantern_stone_C1.mat
  importAddress: Guid(64580f0fdf0a2574db60c39303a5e126) Importer(2089858483,b0f066a214c2f5e87bad3c948f4d605d)
Start importing Assets/AssetesDescargados/JTS_StoneLanterns/Materials/mat_lantern_stone_C1.mat using Guid(64580f0fdf0a2574db60c39303a5e126) Importer(2089858483,b0f066a214c2f5e87bad3c948f4d605d) (ScriptedImporter) -> (Import Result ID: '78c8991b8fdda6c83c476d2e1cb7c279') in 0.0410115 seconds [static and dynamic dependencies]. Details - ImportResultOutputID=fe55fa359c9ff4c22ca68e093ee26e62 DependenciesID=4bcf44b12bdfc8ee1020b5950d3db2b6 StaticDependenciesID=4a4accead98ed5c97dea977f6a582e88 
Number of updated asset objects reloaded before import = 0Number of asset objects unloaded after import = 5

========================================================================
Received Import Request.
  Time since last request: 0.000029 seconds.
  path: Assets/AssetesDescargados/JTS_StoneLanterns/Materials/mat_lantern_stone_D2.mat
  importAddress: Guid(7859a0319ab51e34faf1cba1d85d5544) Importer(2089858483,b0f066a214c2f5e87bad3c948f4d605d)
Start importing Assets/AssetesDescargados/JTS_StoneLanterns/Materials/mat_lantern_stone_D2.mat using Guid(7859a0319ab51e34faf1cba1d85d5544) Importer(2089858483,b0f066a214c2f5e87bad3c948f4d605d) (ScriptedImporter) -> (Import Result ID: '338af9dcfeec3aa526755473897586ff') in 0.017904 seconds [static and dynamic dependencies]. Details - ImportResultOutputID=8809edb3406a3e1292d045e26fd081b3 DependenciesID=4eddd3b214bd2bf1c7afcab55f69f5e3 StaticDependenciesID=aed8546dc83bf326bdc7c6f366dcc921 
Number of updated asset objects reloaded before import = 0Number of asset objects unloaded after import = 5

========================================================================
Received Import Request.
  Time since last request: 0.000028 seconds.
  path: Assets/AssetesDescargados/JTS_StoneLanterns/Materials/mat_lantern_stone_A2.mat
  importAddress: Guid(dd81e3d95a2949341ab50c46d05a3e3c) Importer(2089858483,b0f066a214c2f5e87bad3c948f4d605d)
Start importing Assets/AssetesDescargados/JTS_StoneLanterns/Materials/mat_lantern_stone_A2.mat using Guid(dd81e3d95a2949341ab50c46d05a3e3c) Importer(2089858483,b0f066a214c2f5e87bad3c948f4d605d) (ScriptedImporter) -> (Import Result ID: '2cc48972117ca006951ce38d1e932a74') in 0.0207661 seconds [static and dynamic dependencies]. Details - ImportResultOutputID=f9c90ec2f22c4247f85db69378f3a89c DependenciesID=eb1369e31a128776ceab0a9b26b29f3f StaticDependenciesID=c6f0f6af85f1a7172a8f5cdac3ee05ff 
Number of updated asset objects reloaded before import = 0Number of asset objects unloaded after import = 5

========================================================================
Received Import Request.
  Time since last request: 0.000045 seconds.
  path: Assets/AssetesDescargados/JTS_StoneLanterns/Materials/mat_lantern_stone_C2.mat
  importAddress: Guid(77de68c823426b54f9f620d66d6b1855) Importer(2089858483,b0f066a214c2f5e87bad3c948f4d605d)
Start importing Assets/AssetesDescargados/JTS_StoneLanterns/Materials/mat_lantern_stone_C2.mat using Guid(77de68c823426b54f9f620d66d6b1855) Importer(2089858483,b0f066a214c2f5e87bad3c948f4d605d) (ScriptedImporter) -> (Import Result ID: '8a0f9887be043256d8cbc1e2bd2d0077') in 0.017119 seconds [static and dynamic dependencies]. Details - ImportResultOutputID=edb04a304dc4bde9ac22f8be7ff3427e DependenciesID=92fb4367e309c8fe411d5d958a02789b StaticDependenciesID=ab78186819e1175afdc2bedc383d608a 
Number of updated asset objects reloaded before import = 0Number of asset objects unloaded after import = 5

========================================================================
Received Import Request.
  Time since last request: 0.000029 seconds.
  path: Assets/AssetesDescargados/JTS_StoneLanterns/Materials/mat_lantern_stone_C3.mat
  importAddress: Guid(caa7558fd4d30034ca7bd6d21792f6ee) Importer(2089858483,b0f066a214c2f5e87bad3c948f4d605d)
Start importing Assets/AssetesDescargados/JTS_StoneLanterns/Materials/mat_lantern_stone_C3.mat using Guid(caa7558fd4d30034ca7bd6d21792f6ee) Importer(2089858483,b0f066a214c2f5e87bad3c948f4d605d) (ScriptedImporter) -> (Import Result ID: '56e301c8d6f6519f6282e26fa0e145e2') in 0.0153034 seconds [static and dynamic dependencies]. Details - ImportResultOutputID=027bf883ff669d5664b9bf134421fafc DependenciesID=38b24f5a332e3fd13ab19bfa909d9a52 StaticDependenciesID=bd5d2c78a437e595843e8350cab015a9 
Number of updated asset objects reloaded before import = 0Number of asset objects unloaded after import = 5

========================================================================
Received Import Request.
  Time since last request: 0.000026 seconds.
  path: Assets/AssetesDescargados/JTS_StoneLanterns/Materials/mat_lantern_stone_A3.mat
  importAddress: Guid(3330069607093ff41962fbf3d5155afb) Importer(2089858483,b0f066a214c2f5e87bad3c948f4d605d)
Start importing Assets/AssetesDescargados/JTS_StoneLanterns/Materials/mat_lantern_stone_A3.mat using Guid(3330069607093ff41962fbf3d5155afb) Importer(2089858483,b0f066a214c2f5e87bad3c948f4d605d) (ScriptedImporter) -> (Import Result ID: '57ee0409ba46e3fcf46ee177bade9c8e') in 0.0163475 seconds [static and dynamic dependencies]. Details - ImportResultOutputID=1b817a994941cf435fc19828e5a1f9e1 DependenciesID=f79b89059ab0325f483822408ec09458 StaticDependenciesID=3589b5966bc3ed64115d01cc7cd7b06d 
Number of updated asset objects reloaded before import = 0Number of asset objects unloaded after import = 5

========================================================================
Received Import Request.
  Time since last request: 0.000028 seconds.
  path: Assets/AssetesDescargados/JTS_StoneLanterns/Materials/mat_lantern_stone_D3.mat
  importAddress: Guid(7797fb21f30bcd843a985ac816fb6703) Importer(2089858483,b0f066a214c2f5e87bad3c948f4d605d)
Start importing Assets/AssetesDescargados/JTS_StoneLanterns/Materials/mat_lantern_stone_D3.mat using Guid(7797fb21f30bcd843a985ac816fb6703) Importer(2089858483,b0f066a214c2f5e87bad3c948f4d605d) (ScriptedImporter) -> (Import Result ID: '4257565f945b04d6fa42ca3fbc7a2fdc') in 0.0193402 seconds [static and dynamic dependencies]. Details - ImportResultOutputID=4181152ae55245ffc45de64ff490c28b DependenciesID=05c9a700304ece27220c3418a6ff3dfb StaticDependenciesID=80114eb754e2916635c0fcc9e0f34fc2 
Number of updated asset objects reloaded before import = 0Number of asset objects unloaded after import = 5

========================================================================
Received Import Request.
  Time since last request: 0.000027 seconds.
  path: Assets/AssetesDescargados/JTS_StoneLanterns/Materials/mat_lantern_stone_A1.mat
  importAddress: Guid(f9857770a36e5ab43823a5bbf34bd5ef) Importer(2089858483,b0f066a214c2f5e87bad3c948f4d605d)
Start importing Assets/AssetesDescargados/JTS_StoneLanterns/Materials/mat_lantern_stone_A1.mat using Guid(f9857770a36e5ab43823a5bbf34bd5ef) Importer(2089858483,b0f066a214c2f5e87bad3c948f4d605d) (ScriptedImporter) -> (Import Result ID: 'd367f62c9b7ec0786cdb0bfed5962f3b') in 0.0161455 seconds [static and dynamic dependencies]. Details - ImportResultOutputID=9c2f4a26e56d3c29c4e5f74b87ef926e DependenciesID=fc309163e658ea01ca00a8c9d9abde26 StaticDependenciesID=397ff3d56286f94ac5260dd5574ee37e 
Number of updated asset objects reloaded before import = 0Number of asset objects unloaded after import = 5

========================================================================
Received Import Request.
  Time since last request: 0.000035 seconds.
  path: Assets/AssetesDescargados/JTS_StoneLanterns/Materials/mat_lantern_stone_B2.mat
  importAddress: Guid(a96fd8fdaa8b2554c96a9a8e155c71fc) Importer(2089858483,b0f066a214c2f5e87bad3c948f4d605d)
Start importing Assets/AssetesDescargados/JTS_StoneLanterns/Materials/mat_lantern_stone_B2.mat using Guid(a96fd8fdaa8b2554c96a9a8e155c71fc) Importer(2089858483,b0f066a214c2f5e87bad3c948f4d605d) (ScriptedImporter) -> (Import Result ID: '80b59f6054c2b730db3af61e0bedf0f4') in 0.0177367 seconds [static and dynamic dependencies]. Details - ImportResultOutputID=aa5afe577d4b9a82b79a0fa2e65389a9 DependenciesID=7787a7780c496fde0dfc064159d03b08 StaticDependenciesID=4593aaee86ae972386c1034c61662991 
Number of updated asset objects reloaded before import = 0Number of asset objects unloaded after import = 5

========================================================================
Received Import Request.
  Time since last request: 0.000060 seconds.
  path: Assets/AssetesDescargados/JTS_StoneLanterns/Materials/mat_lantern_stone_D1.mat
  importAddress: Guid(e42dc1f52eaae704ba9bc47ee3d13c8a) Importer(2089858483,b0f066a214c2f5e87bad3c948f4d605d)
Start importing Assets/AssetesDescargados/JTS_StoneLanterns/Materials/mat_lantern_stone_D1.mat using Guid(e42dc1f52eaae704ba9bc47ee3d13c8a) Importer(2089858483,b0f066a214c2f5e87bad3c948f4d605d) (ScriptedImporter) -> (Import Result ID: '527bb24bd36a08ffa6d5011b1e4e4949') in 0.0149078 seconds [static and dynamic dependencies]. Details - ImportResultOutputID=8312a0dfc0896ba52d2c3e5c61ba4845 DependenciesID=3a6b45812e56a84060ebb6d27bf53fc0 StaticDependenciesID=96e69de724c4f38d55a149bc30b7ab20 
Number of updated asset objects reloaded before import = 0Number of asset objects unloaded after import = 5

========================================================================
Received Import Request.
  Time since last request: 0.000025 seconds.
  path: Assets/AssetesDescargados/JTS_StoneLanterns/Materials/mat_lantern_stone_B3.mat
  importAddress: Guid(cb4eb134a1b0478469670a24e1728337) Importer(2089858483,b0f066a214c2f5e87bad3c948f4d605d)
Start importing Assets/AssetesDescargados/JTS_StoneLanterns/Materials/mat_lantern_stone_B3.mat using Guid(cb4eb134a1b0478469670a24e1728337) Importer(2089858483,b0f066a214c2f5e87bad3c948f4d605d) (ScriptedImporter) -> (Import Result ID: 'bd78f14d22f63b81803d6770902d594c') in 0.0171446 seconds [static and dynamic dependencies]. Details - ImportResultOutputID=2c10705eb439ce753571aeae0a578d63 DependenciesID=b7237282f0ba048c32d36194176bbd70 StaticDependenciesID=8752bc4acbfb9e6c54135c53664012e4 
Number of updated asset objects reloaded before import = 0Number of asset objects unloaded after import = 5

========================================================================
Received Import Request.
  Time since last request: 0.000028 seconds.
  path: Assets/AssetesDescargados/JTS_StoneLanterns/Materials/mat_lantern_stone_B1.mat
  importAddress: Guid(7d22d477e8ca43c4db83430105f3e46d) Importer(2089858483,b0f066a214c2f5e87bad3c948f4d605d)
Start importing Assets/AssetesDescargados/JTS_StoneLanterns/Materials/mat_lantern_stone_B1.mat using Guid(7d22d477e8ca43c4db83430105f3e46d) Importer(2089858483,b0f066a214c2f5e87bad3c948f4d605d) (ScriptedImporter) -> (Import Result ID: 'acbf93e97ad8090d2474838ff9388b78') in 0.0167301 seconds [static and dynamic dependencies]. Details - ImportResultOutputID=449f4e521e306af58e2200fee29d009e DependenciesID=9cd0a17e89d0ac020deab25da7b8edca StaticDependenciesID=7a2de4d0f75fcf041b1a5edfcf8f2eb6 
Number of updated asset objects reloaded before import = 0Number of asset objects unloaded after import = 5

========================================================================
Received Import Request.
  Time since last request: 0.000025 seconds.
  path: Assets/AssetesDescargados/JTS_StoneLanterns/Materials/mat_stone_block_A.mat
  importAddress: Guid(3a2a2dbc3616e4747993c015df7b1d31) Importer(2089858483,b0f066a214c2f5e87bad3c948f4d605d)
Start importing Assets/AssetesDescargados/JTS_StoneLanterns/Materials/mat_stone_block_A.mat using Guid(3a2a2dbc3616e4747993c015df7b1d31) Importer(2089858483,b0f066a214c2f5e87bad3c948f4d605d) (ScriptedImporter) -> (Import Result ID: 'd68dc9a9724f385183cd227b0fe67a9c') in 0.0190038 seconds [static and dynamic dependencies]. Details - ImportResultOutputID=4730f1fcd36165b818c215ac8f30bc45 DependenciesID=371e735fd8bc57d5bdad743940e3acbe StaticDependenciesID=e2cab1aa12cfb540fdb0a869377b5086 
Number of updated asset objects reloaded before import = 0Number of asset objects unloaded after import = 5

